chart,channel,population,Re,group_id,decisions,count,frequency,shared_mass_in_group
steady,u,macro_stage1,pooled,0,1344,306,0.22767857142857142,0.12306949256786279
steady,u,macro_stage1,pooled,1,1344,920,0.6845238095238095,0.37001285347200574
steady,u,macro_stage1,pooled,2,1344,118,0.08779761904761904,0.047458170336626825
steady,u,macro_stage1,24.630435943603516,0,336,134,0.39880952380952384,0.21557270593586422
steady,u,macro_stage1,24.630435943603516,1,336,153,0.45535714285714285,0.24613898513572557
steady,u,macro_stage1,24.630435943603516,2,336,49,0.14583333333333334,0.07882882530490558
steady,u,macro_stage1,32.74006652832031,0,336,162,0.48214285714285715,0.2606177489672388
steady,u,macro_stage1,32.74006652832031,1,336,130,0.3869047619047619,0.20913769978852498
steady,u,macro_stage1,32.74006652832031,2,336,44,0.13095238095238096,0.07078506762073153
steady,u,macro_stage1,39.68547821044922,0,336,2,0.005952380952380952,0.003217503073669615
steady,u,macro_stage1,39.68547821044922,1,336,315,0.9375,0.5067567341029644
steady,u,macro_stage1,39.68547821044922,2,336,19,0.05654761904761905,0.030566279199861345
steady,u,macro_stage1,45.142704010009766,0,336,8,0.023809523809523808,0.01287001229467846
steady,u,macro_stage1,45.142704010009766,1,336,322,0.9583333333333334,0.518017994860808
steady,u,macro_stage1,45.142704010009766,2,336,6,0.017857142857142856,0.009652509221008845
steady,u,used_forward_calls,pooled,0,1344,306,0.22767857142857142,0.12306949256786279
steady,u,used_forward_calls,pooled,1,1344,920,0.6845238095238095,0.37001285347200574
steady,u,used_forward_calls,pooled,2,1344,118,0.08779761904761904,0.047458170336626825
steady,u,used_forward_calls,24.630435943603516,0,336,134,0.39880952380952384,0.21557270593586422
steady,u,used_forward_calls,24.630435943603516,1,336,153,0.45535714285714285,0.24613898513572557
steady,u,used_forward_calls,24.630435943603516,2,336,49,0.14583333333333334,0.07882882530490558
steady,u,used_forward_calls,32.74006652832031,0,336,162,0.48214285714285715,0.2606177489672388
steady,u,used_forward_calls,32.74006652832031,1,336,130,0.3869047619047619,0.20913769978852498
steady,u,used_forward_calls,32.74006652832031,2,336,44,0.13095238095238096,0.07078506762073153
steady,u,used_forward_calls,39.68547821044922,0,336,2,0.005952380952380952,0.003217503073669615
steady,u,used_forward_calls,39.68547821044922,1,336,315,0.9375,0.5067567341029644
steady,u,used_forward_calls,39.68547821044922,2,336,19,0.05654761904761905,0.030566279199861345
steady,u,used_forward_calls,45.142704010009766,0,336,8,0.023809523809523808,0.01287001229467846
steady,u,used_forward_calls,45.142704010009766,1,336,322,0.9583333333333334,0.518017994860808
steady,u,used_forward_calls,45.142704010009766,2,336,6,0.017857142857142856,0.009652509221008845
steady,p,macro_stage1,pooled,0,1344,306,0.22767857142857142,0.12306949256786279
steady,p,macro_stage1,pooled,1,1344,920,0.6845238095238095,0.37001285347200574
steady,p,macro_stage1,pooled,2,1344,118,0.08779761904761904,0.047458170336626825
steady,p,macro_stage1,24.630435943603516,0,336,134,0.39880952380952384,0.21557270593586422
steady,p,macro_stage1,24.630435943603516,1,336,153,0.45535714285714285,0.24613898513572557
steady,p,macro_stage1,24.630435943603516,2,336,49,0.14583333333333334,0.07882882530490558
steady,p,macro_stage1,32.74006652832031,0,336,162,0.48214285714285715,0.2606177489672388
steady,p,macro_stage1,32.74006652832031,1,336,130,0.3869047619047619,0.20913769978852498
steady,p,macro_stage1,32.74006652832031,2,336,44,0.13095238095238096,0.07078506762073153
steady,p,macro_stage1,39.68547821044922,0,336,2,0.005952380952380952,0.003217503073669615
steady,p,macro_stage1,39.68547821044922,1,336,315,0.9375,0.5067567341029644
steady,p,macro_stage1,39.68547821044922,2,336,19,0.05654761904761905,0.030566279199861345
steady,p,macro_stage1,45.142704010009766,0,336,8,0.023809523809523808,0.01287001229467846
steady,p,macro_stage1,45.142704010009766,1,336,322,0.9583333333333334,0.518017994860808
steady,p,macro_stage1,45.142704010009766,2,336,6,0.017857142857142856,0.009652509221008845
steady,p,used_forward_calls,pooled,0,1344,306,0.22767857142857142,0.12306949256786279
steady,p,used_forward_calls,pooled,1,1344,920,0.6845238095238095,0.37001285347200574
steady,p,used_forward_calls,pooled,2,1344,118,0.08779761904761904,0.047458170336626825
steady,p,used_forward_calls,24.630435943603516,0,336,134,0.39880952380952384,0.21557270593586422
steady,p,used_forward_calls,24.630435943603516,1,336,153,0.45535714285714285,0.24613898513572557
steady,p,used_forward_calls,24.630435943603516,2,336,49,0.14583333333333334,0.07882882530490558
steady,p,used_forward_calls,32.74006652832031,0,336,162,0.48214285714285715,0.2606177489672388
steady,p,used_forward_calls,32.74006652832031,1,336,130,0.3869047619047619,0.20913769978852498
steady,p,used_forward_calls,32.74006652832031,2,336,44,0.13095238095238096,0.07078506762073153
steady,p,used_forward_calls,39.68547821044922,0,336,2,0.005952380952380952,0.003217503073669615
steady,p,used_forward_calls,39.68547821044922,1,336,315,0.9375,0.5067567341029644
steady,p,used_forward_calls,39.68547821044922,2,336,19,0.05654761904761905,0.030566279199861345
steady,p,used_forward_calls,45.142704010009766,0,336,8,0.023809523809523808,0.01287001229467846
steady,p,used_forward_calls,45.142704010009766,1,336,322,0.9583333333333334,0.518017994860808
steady,p,used_forward_calls,45.142704010009766,2,336,6,0.017857142857142856,0.009652509221008845
hopf,u,macro_stage1,pooled,0,840,840,1.0,0.5714285969734192
hopf,u,macro_stage1,47.081356048583984,0,280,280,1.0,0.5714285969734192
hopf,u,macro_stage1,49.02235412597656,0,280,280,1.0,0.5714285969734192
hopf,u,macro_stage1,51.78644943237305,0,280,280,1.0,0.5714285969734192
hopf,u,used_forward_calls,pooled,0,3360,3360,1.0,0.5714285969734192
hopf,u,used_forward_calls,47.081356048583984,0,1120,1120,1.0,0.5714285969734192
hopf,u,used_forward_calls,49.02235412597656,0,1120,1120,1.0,0.5714285969734192
hopf,u,used_forward_calls,51.78644943237305,0,1120,1120,1.0,0.5714285969734192
hopf,p,macro_stage1,pooled,0,840,840,1.0,0.5714285969734192
hopf,p,macro_stage1,47.081356048583984,0,280,280,1.0,0.5714285969734192
hopf,p,macro_stage1,49.02235412597656,0,280,280,1.0,0.5714285969734192
hopf,p,macro_stage1,51.78644943237305,0,280,280,1.0,0.5714285969734192
hopf,p,used_forward_calls,pooled,0,840,840,1.0,0.5714285969734192
hopf,p,used_forward_calls,47.081356048583984,0,280,280,1.0,0.5714285969734192
hopf,p,used_forward_calls,49.02235412597656,0,280,280,1.0,0.5714285969734192
hopf,p,used_forward_calls,51.78644943237305,0,280,280,1.0,0.5714285969734192
periodic,u,macro_stage1,pooled,0,2496,759,0.30408653846153844,0.1737637440315806
periodic,u,macro_stage1,pooled,1,2496,825,0.33052884615384615,0.18887363481693542
periodic,u,macro_stage1,pooled,2,2496,912,0.36538461538461536,0.20879121812490317
periodic,u,macro_stage1,70.31463623046875,0,624,358,0.5737179487179487,0.3278388424943655
periodic,u,macro_stage1,70.31463623046875,1,624,130,0.20833333333333334,0.11904762436946233
periodic,u,macro_stage1,70.31463623046875,2,624,136,0.21794871794871795,0.12454213010959136
periodic,u,macro_stage1,100.35224914550781,0,624,191,0.3060897435897436,0.1749084327274408
periodic,u,macro_stage1,100.35224914550781,1,624,223,0.3573717948717949,0.2042124633414623
periodic,u,macro_stage1,100.35224914550781,2,624,210,0.33653846153846156,0.19230770090451607
periodic,u,macro_stage1,149.05923461914062,0,624,90,0.14423076923076922,0.08241758610193546
periodic,u,macro_stage1,149.05923461914062,1,624,170,0.2724358974358974,0.1556776626369892
periodic,u,macro_stage1,149.05923461914062,2,624,364,0.5833333333333334,0.3333333482344945
periodic,u,macro_stage1,189.86227416992188,0,624,120,0.19230769230769232,0.10989011480258061
periodic,u,macro_stage1,189.86227416992188,1,624,302,0.483974358974359,0.2765567889198279
periodic,u,macro_stage1,189.86227416992188,2,624,202,0.32371794871794873,0.1849816932510107
periodic,u,used_forward_calls,pooled,0,9984,2969,0.29737580128205127,0.1699290369004489
periodic,u,used_forward_calls,pooled,1,9984,3967,0.39733573717948717,0.22704900282387358
periodic,u,used_forward_calls,pooled,2,9984,3048,0.30528846153846156,0.17445055724909672
periodic,u,used_forward_calls,70.31463623046875,0,2496,1016,0.40705128205128205,0.23260074299879563
periodic,u,used_forward_calls,70.31463623046875,1,2496,535,0.2143429487179487,0.12248169045704298
periodic,u,used_forward_calls,70.31463623046875,2,2496,945,0.3786057692307692,0.21634616351758057
periodic,u,used_forward_calls,100.35224914550781,0,2496,840,0.33653846153846156,0.19230770090451607
periodic,u,used_forward_calls,100.35224914550781,1,2496,922,0.36939102564102566,0.2110805955166236
periodic,u,used_forward_calls,100.35224914550781,2,2496,734,0.29407051282051283,0.16804030055227953
periodic,u,used_forward_calls,149.05923461914062,0,2496,686,0.2748397435897436,0.15705128907202145
periodic,u,used_forward_calls,149.05923461914062,1,2496,988,0.3958333333333333,0.22619048630197844
periodic,u,used_forward_calls,149.05923461914062,2,2496,822,0.3293269230769231,0.1881868215994193
periodic,u,used_forward_calls,189.86227416992188,0,2496,427,0.17107371794871795,0.09775641462646234
periodic,u,used_forward_calls,189.86227416992188,1,2496,1522,0.6097756410256411,0.34844323901984936
periodic,u,used_forward_calls,189.86227416992188,2,2496,547,0.21915064102564102,0.1252289433271075
periodic,p,macro_stage1,pooled,0,2496,759,0.30408653846153844,0.1737637440315806
periodic,p,macro_stage1,pooled,1,2496,825,0.33052884615384615,0.18887363481693542
periodic,p,macro_stage1,pooled,2,2496,912,0.36538461538461536,0.20879121812490317
periodic,p,macro_stage1,70.31463623046875,0,624,358,0.5737179487179487,0.3278388424943655
periodic,p,macro_stage1,70.31463623046875,1,624,130,0.20833333333333334,0.11904762436946233
periodic,p,macro_stage1,70.31463623046875,2,624,136,0.21794871794871795,0.12454213010959136
periodic,p,macro_stage1,100.35224914550781,0,624,191,0.3060897435897436,0.1749084327274408
periodic,p,macro_stage1,100.35224914550781,1,624,223,0.3573717948717949,0.2042124633414623
periodic,p,macro_stage1,100.35224914550781,2,624,210,0.33653846153846156,0.19230770090451607
periodic,p,macro_stage1,149.05923461914062,0,624,90,0.14423076923076922,0.08241758610193546
periodic,p,macro_stage1,149.05923461914062,1,624,170,0.2724358974358974,0.1556776626369892
periodic,p,macro_stage1,149.05923461914062,2,624,364,0.5833333333333334,0.3333333482344945
periodic,p,macro_stage1,189.86227416992188,0,624,120,0.19230769230769232,0.10989011480258061
periodic,p,macro_stage1,189.86227416992188,1,624,302,0.483974358974359,0.2765567889198279
periodic,p,macro_stage1,189.86227416992188,2,624,202,0.32371794871794873,0.1849816932510107
periodic,p,used_forward_calls,pooled,0,2496,759,0.30408653846153844,0.1737637440315806
periodic,p,used_forward_calls,pooled,1,2496,825,0.33052884615384615,0.18887363481693542
periodic,p,used_forward_calls,pooled,2,2496,912,0.36538461538461536,0.20879121812490317
periodic,p,used_forward_calls,70.31463623046875,0,624,358,0.5737179487179487,0.3278388424943655
periodic,p,used_forward_calls,70.31463623046875,1,624,130,0.20833333333333334,0.11904762436946233
periodic,p,used_forward_calls,70.31463623046875,2,624,136,0.21794871794871795,0.12454213010959136
periodic,p,used_forward_calls,100.35224914550781,0,624,191,0.3060897435897436,0.1749084327274408
periodic,p,used_forward_calls,100.35224914550781,1,624,223,0.3573717948717949,0.2042124633414623
periodic,p,used_forward_calls,100.35224914550781,2,624,210,0.33653846153846156,0.19230770090451607
periodic,p,used_forward_calls,149.05923461914062,0,624,90,0.14423076923076922,0.08241758610193546
periodic,p,used_forward_calls,149.05923461914062,1,624,170,0.2724358974358974,0.1556776626369892
periodic,p,used_forward_calls,149.05923461914062,2,624,364,0.5833333333333334,0.3333333482344945
periodic,p,used_forward_calls,189.86227416992188,0,624,120,0.19230769230769232,0.10989011480258061
periodic,p,used_forward_calls,189.86227416992188,1,624,302,0.483974358974359,0.2765567889198279
periodic,p,used_forward_calls,189.86227416992188,2,624,202,0.32371794871794873,0.1849816932510107
