method,start,Re,step,finite,time,Eu_percent,Ep_percent,Ejoint_percent
full,976,70.31463623046875,1,True,12.472900390625,0.13086281140022396,2.0197833675295898,2.1506461789298137
full,976,70.31463623046875,2,True,24.94580078125,0.2238970693673832,2.720342202670555,2.9442392720379384
full,976,70.31463623046875,3,True,37.4188232421875,0.28930673016717806,3.009062873243571,3.2983696034107486
full,976,70.31463623046875,4,True,49.8917236328125,0.37639237125347685,1.9955391542962313,2.371931525549708
full,976,70.31463623046875,5,True,62.3646240234375,0.4751391755113623,1.9163052695765108,2.391444445087873
full,976,70.31463623046875,6,True,74.837646484375,0.5426360049656094,1.8892108981098203,2.4318469030754297
full,976,70.31463623046875,7,True,87.310546875,0.5909032924593164,2.1940003845647715,2.784903677024088
full,976,70.31463623046875,8,True,99.783447265625,0.6499477415967314,2.505152124958312,3.155099866555043
full,976,70.31463623046875,9,True,112.25634765625,0.6827181429541082,2.3123373317439135,2.995055474698022
full,976,70.31463623046875,10,True,124.7293701171875,0.7285859267504117,2.4917070946073276,3.220293021357739
full,976,70.31463623046875,11,True,137.2022705078125,0.7869426158317885,2.9080579815192307,3.695000597351019
full,976,70.31463623046875,12,True,149.6751708984375,0.8689848197156899,3.5991356627114697,4.468120482427159
full,976,70.31463623046875,13,True,162.148193359375,0.9149312087151931,3.508855728679273,4.423786937394466
full,976,70.31463623046875,14,True,174.62109375,0.9587146619513311,3.201720208575572,4.160434870526903
full,976,70.31463623046875,15,True,187.093994140625,1.0404201533691635,3.544180015701057,4.58460016907022
full,976,70.31463623046875,16,True,199.5670166015625,1.0971899034405737,4.019351176730486,5.11654108017106
full,976,70.31463623046875,17,True,212.0399169921875,1.1643267583493606,4.572923337936968,5.737250096286328
full,976,70.31463623046875,18,True,224.5128173828125,1.2604049743881471,5.151378387081911,6.411783361470058
full,976,70.31463623046875,19,True,236.9857177734375,1.328710439086736,5.287538866905679,6.616249305992415
full,976,70.31463623046875,20,True,249.458740234375,1.3574435873531157,5.0040703370353015,6.361513924388416
full,976,70.31463623046875,21,True,261.931640625,1.4251424757679825,5.4761814011410825,6.901323876909064
full,976,70.31463623046875,22,True,274.404541015625,1.4900868771445717,5.749735489998093,7.239822367142665
full,976,70.31463623046875,23,True,286.8775634765625,1.492862885242594,5.571692539413527,7.06455542465612
full,976,70.31463623046875,24,True,299.3504638671875,1.5368262568455555,6.0504212666955475,7.587247523541103
full,976,70.31463623046875,25,True,311.8233642578125,1.5751514700270537,6.852659101236465,8.42781057126352
full,976,70.31463623046875,26,True,324.2962646484375,1.5461293761851063,7.060779854661227,8.606909230846332
full,976,70.31463623046875,27,True,336.769287109375,1.5957428981751756,7.4037097562458,8.999452654420976
full,976,70.31463623046875,28,True,349.2421875,1.6743153341097203,7.1984694109826135,8.872784745092334
full,976,70.31463623046875,29,True,361.715087890625,1.6284487881269085,6.653387680940762,8.28183646906767
full,976,70.31463623046875,30,True,374.1881103515625,1.5927151578220107,6.2905018320920725,7.883216989914084
full,976,70.31463623046875,31,True,386.6610107421875,1.616806284367404,6.502575437641665,8.11938172200907
full,976,70.31463623046875,32,True,399.1339111328125,1.6333242814241193,7.044109747048298,8.677434028472417
full,976,70.31463623046875,33,True,411.60693359375,1.5876909958977194,7.385561219802141,8.97325221569986
full,976,70.31463623046875,34,True,424.079833984375,1.5457968455220985,7.250288569682303,8.796085415204402
full,976,70.31463623046875,35,True,436.552734375,1.4474444822528871,7.363786325916033,8.81123080816892
full,976,70.31463623046875,36,True,449.025634765625,1.4977255238382265,7.147061251772937,8.644786775611163
full,976,70.31463623046875,37,True,461.4986572265625,1.5950508392845761,8.866345183455543,10.461396022740118
full,976,70.31463623046875,38,True,473.9715576171875,1.5641133869958042,9.148814756396268,10.712928143392073
full,976,70.31463623046875,39,True,486.4444580078125,1.7451998326741724,10.378843192689246,12.12404302536342
full,976,70.31463623046875,40,True,498.91748046875,1.8716614436575196,11.436708909752488,13.308370353410007
full,976,70.31463623046875,41,True,511.390380859375,2.0093552628165776,12.136343539209443,14.145698802026022
full,976,70.31463623046875,42,True,523.86328125,1.9779881654595588,11.589631511925989,13.567619677385547
full,976,70.31463623046875,43,True,536.3363037109375,2.0559829483466494,11.789443758599592,13.845426706946244
full,976,70.31463623046875,44,True,548.8092041015625,2.0502402280604235,11.342125446405312,13.392365674465736
full,976,70.31463623046875,45,True,561.2821044921875,2.173133280440936,11.438891334860491,13.612024615301427
full,976,70.31463623046875,46,True,573.7550048828125,2.28506050648916,12.623039142757591,14.908099649246754
full,976,70.31463623046875,47,True,586.22802734375,2.2279812485336334,11.614674785872433,13.842656034406065
full,976,70.31463623046875,48,True,598.700927734375,2.586710097472895,14.749882762688966,17.336592860161858
