step,K,loss,gradient_norm,worst_Re_validation_joint,macro_validation_joint,complete,elapsed_seconds
200,1,0.5191105008125305,0.33604559302330017,52.34740437981733,25.838124384699615,True,0.6750454222783446
400,1,0.18537844717502594,0.20511214435100555,41.171474382574246,19.569433233402208,True,1.3522463701665401
600,1,0.1526624858379364,0.19678492844104767,35.824007506962595,16.27401491873469,True,2.029192764312029
800,1,0.14373530447483063,0.1854487955570221,39.07715562052846,15.868042114018024,True,2.705487398430705
1000,1,0.15054933726787567,0.20400239527225494,33.43050655351865,14.610696287814285,True,3.3786400984972715
1200,4,0.2396046668291092,0.28157010674476624,33.946018032552196,13.5962803592014,True,4.7077148957178
1400,4,0.20056286454200745,0.25960561633110046,32.65118894438692,14.026406318400936,True,6.033523377031088
1600,4,0.14206594228744507,0.18078601360321045,33.025411769531594,14.059941827467776,True,7.36275242920965
1800,4,0.15533693134784698,0.18717677891254425,32.79313207858987,11.280076447437935,True,8.688201989978552
2000,4,0.25034382939338684,0.31103944778442383,31.78323971201517,11.850981082230211,True,10.013432842679322
2200,8,0.16115637123584747,0.21725322306156158,27.42998800804493,9.404223557208093,True,12.201972287148237
2400,8,0.173241525888443,0.27027884125709534,31.388740561978796,10.87055709599614,True,14.388447357341647
2600,8,0.13986821472644806,0.2264977991580963,27.54836395016586,8.00445016947633,True,16.571070891804993
2800,8,0.17285951972007751,0.28331443667411804,30.306332807047834,8.980833279472279,True,18.770659832283854
3000,8,0.16289666295051575,0.2581094801425934,28.834321145434348,8.550803850073047,True,20.97418835759163
3200,16,0.20141419768333435,0.466235876083374,28.192911945524724,7.4267315003063565,True,24.922360907308757
3400,16,0.1716029793024063,0.4919586777687073,26.850155661946136,7.56937220633646,True,28.870690413750708
3600,16,0.1918640434741974,0.5800706744194031,26.2892587602131,6.6241452548645725,True,32.818559690378606
3800,16,0.1322791427373886,0.26645106077194214,26.88061672441116,6.788526609099119,True,36.74929067119956
4000,16,0.13744233548641205,0.6582728028297424,26.991803437991752,6.657264315006278,True,40.67864914983511
