method,seed,horizon,completed,total,Eu,Ep,joint
OpInf,deterministic,24,32,32,15.867647480337883,98.22644818884066,114.09409566917854
OpInf,deterministic,48,32,32,17.663897751114654,97.32583071946911,114.98972847058377
dense,1248,24,32,32,0.24196408919419743,1.080579999287045,1.3225440884812425
dense,1600,24,32,32,0.2781353075281095,1.2750087873229459,1.5531440948510553
dense,2026,24,32,32,0.21372496167202595,0.8858683496264032,1.099593311298429
dense,1248,48,32,32,0.5061433796915851,2.024205592674219,2.530348972365804
dense,1600,48,32,32,0.583968416637308,2.4007477050398474,2.984716121677155
dense,2026,48,32,32,0.3468902535497429,1.3374864252934844,1.6843766788432273
proposed,1248,24,32,32,0.8914056121386891,3.291544355139539,4.182949967278228
proposed,1600,24,32,32,0.17659189513958978,0.7439532252513863,0.920545120390976
proposed,2026,24,32,32,0.6512235156997298,2.8824769546814917,3.5337004703812216
proposed,1248,48,32,32,1.461580308180953,5.537461216618654,6.999041524799607
proposed,1600,48,32,32,0.2639308400363448,1.044629399194114,1.308560239230459
proposed,2026,48,32,32,1.306515910465746,5.218895302866396,6.525411213332141
ql-ROM-style (fixed POD),1248,24,32,32,2.0943222174294727,20.732189740919686,22.82651195834916
ql-ROM-style (fixed POD),1600,24,32,32,2.1247393753057437,20.750997483617613,22.875736858923357
ql-ROM-style (fixed POD),2026,24,32,32,2.08240501985982,20.6009075638824,22.68331258374222
ql-ROM-style (fixed POD),1248,48,32,32,3.9878156226066226,24.72287912130963,28.710694743916253
ql-ROM-style (fixed POD),1600,48,32,32,4.117998888865705,24.817145526733434,28.93514441559914
ql-ROM-style (fixed POD),2026,48,32,32,3.8548030385991043,24.338847062923,28.193650101522106
structured,1248,24,32,32,0.47151703043066084,2.292054260787957,2.763571291218618
structured,1600,24,32,32,0.8045519120812035,3.545060530646623,4.349612442727826
structured,2026,24,32,32,0.27721656229574293,1.2095083837170346,1.4867249460127776
structured,1248,48,32,32,0.9735086318919671,3.9743830864769842,4.947891718368951
structured,1600,48,32,32,1.5720778174655652,6.427159982854068,7.999237800319634
structured,2026,48,32,32,0.5758467365304479,2.3201434029108188,2.895990139441267
