split,Re,native_ROM_Re,native_ROM_label,start_local_snapshot,start_time,end_time_K56,K56_steps,S_velocity_error_K56,S_pressure_error_K56,S_joint_error_K56,H_velocity_error_K56,H_pressure_error_K56,H_joint_error_K56,S_minus_H_joint_K56,S_velocity_fixed_point_drift,H_velocity_fixed_point_drift,S_pressure_fixed_point_drift,H_pressure_fixed_point_drift,S_velocity_tail_oscillation_rms,H_velocity_tail_oscillation_rms,S_pressure_tail_oscillation_rms,H_pressure_tail_oscillation_rms,S_pressure_cumulative_drift,H_pressure_cumulative_drift,K128_error_status
train,43.2,43.0939251612,Re_43p093925,2,1208.11287478,1455.02645503,56,0.000622834494064596,0.028998005918620524,0.02962084041268512,0.0026784506107494816,0.08163266908598403,0.08431111969673351,-0.05469027928404839,0.00019325934331382118,0.00023146985386019077,0.03220940422427765,0.1463784707582486,0.0009691325077549322,0.001040100231643091,0.02000902992302502,0.07788516262022777,0.06716768530572712,0.10080228546900928,UNAVAILABLE_64_snapshot_native_trajectory
train,43.2,43.0939251612,Re_43p093925,3,1212.52204586,1459.4356261,56,0.0005889089507746877,0.03669881903148332,0.037287727982258004,0.0023901246955755785,0.19712217212267824,0.19951229681825383,-0.16222456883599584,0.000217262671574279,0.00019259892974436238,0.08795092570564739,0.1481063165739034,0.0009585494245923169,0.001014638262570479,0.03873828985552277,0.07711060829787292,0.06982150524511249,0.23205224795094836,UNAVAILABLE_64_snapshot_native_trajectory
train,43.2,43.0939251612,Re_43p093925,4,1216.93121693,1463.84479718,56,0.0005965846984343957,0.031351510630696376,0.031948095329130774,0.002377468339670672,0.08603313715900596,0.08841060549867663,-0.05646251016954586,0.00019582268357089158,0.0002313378762571827,0.02962481642369637,0.1475324315141382,0.0009490677241467048,0.0010021178239394976,0.03209650035540449,0.07652153108601091,0.070126140457644,0.10133005454421033,UNAVAILABLE_64_snapshot_native_trajectory
train,43.2,43.0939251612,Re_43p093925,5,1221.34038801,1468.25396825,56,0.0006311156766822473,0.023687370171431726,0.024318485848113972,0.0023163526084326036,0.19594586299215805,0.19826221560059065,-0.17394372975247668,0.00019614644244846113,0.0001883306145630765,0.03379021324795437,0.14630093793195256,0.0009394553288601166,0.0009926164303252693,0.024074127604815674,0.07587898705438617,0.029172943152450358,0.2310680724004259,UNAVAILABLE_64_snapshot_native_trajectory
train,43.2,43.0939251612,Re_43p093925,6,1225.74955908,1472.66313933,56,0.0006379648552851427,0.14854439647011167,0.1491823613253968,0.002453295194776766,0.193073585292145,0.19552688048692177,-0.04634451916152496,0.00019604349770731917,0.00018528220775749742,0.16005611362941066,0.14475787333464823,0.0009298255575245424,0.000980263916642426,0.04719799750451556,0.0759852644907461,0.1857315649323997,0.2284277238609151,UNAVAILABLE_64_snapshot_native_trajectory
train,43.2,43.0939251612,Re_43p093925,7,1230.15873016,1477.07231041,56,0.0006450822427798614,0.15437909305156938,0.15502417529434925,0.0024805572770442387,0.1909949498109037,0.19347550708794795,-0.03845133179359869,0.00019564340706748043,0.0001834127463814897,0.16498176989540372,0.14389977239581192,0.0009195196913978132,0.0009736045630832094,0.0488641933707622,0.07572438203896181,0.1902477128691369,0.22643693155699443,UNAVAILABLE_64_snapshot_native_trajectory
validation,43.3,43.0939251612,Re_43p093925,2,1205.32277576,1451.66611679,56,0.0006386355202894177,0.013139311800444671,0.013777947320734089,0.00027684282265854997,0.010010008705007416,0.010286851527665966,0.003491095793068123,0.00019480014895669278,0.00019658682437563284,0.02254829119679081,0.0007644316748168286,0.0009742448103356695,0.0009938785817149064,0.019518899425990936,0.004375717774148077,0.037346226718645396,0.04279944168099184,UNAVAILABLE_64_snapshot_native_trajectory
validation,43.3,43.0939251612,Re_43p093925,3,1209.721764,1456.06510503,56,0.0005991664793723467,0.03325509960973467,0.033854266089107014,0.00027750331365024945,0.011911863582453334,0.012189366896103584,0.02166489919300343,0.00021443802217411477,0.000192992013970578,0.08563339214044938,0.0007465770382703742,0.0009627767018277174,0.0009780037109823037,0.037417248021397606,0.003516840348687645,0.06730155024548101,0.038859772022240294,UNAVAILABLE_64_snapshot_native_trajectory
validation,43.3,43.0939251612,Re_43p093925,4,1214.12075223,1460.46409326,56,0.0006141552841128866,0.031027903922850562,0.03164205920696345,0.0002793011802995669,0.011998604940041615,0.012277906120341181,0.019364153086622267,0.00019519475548768108,0.0001903680771570274,0.03061061252116341,0.0007379537723798444,0.0009531305270927101,0.0009649948282969443,0.03251347898833628,0.0034993441083482867,0.07026556322665446,0.03911563656837581,UNAVAILABLE_64_snapshot_native_trajectory
validation,43.3,43.0939251612,Re_43p093925,5,1218.51974046,1464.86308149,56,0.0006353127245508558,0.022834879161336634,0.02347019188588749,0.00027845193339032427,0.012070230214715516,0.01234868214810584,0.01112150973778165,0.00019542326828086095,0.00018777440677055266,0.03285804476417705,0.0007279458702036438,0.0009433192888775793,0.0009521284434740484,0.023693813601134792,0.003483865369631821,0.028390004149133993,0.03931698167560017,UNAVAILABLE_64_snapshot_native_trajectory
validation,43.3,43.0939251612,Re_43p093925,6,1222.91872869,1469.26206973,56,0.0006415440152882368,0.020353020557170188,0.020994564572458425,0.0002769770115468996,0.012135420780438376,0.012412397791985276,0.008582166780473148,0.00019572629927216355,0.0001852124626424201,0.007695731260710039,0.0007166184160587887,0.0009339965605047306,0.000939398647597009,0.023853072755691766,0.003467691923594653,0.03207585559445919,0.039441033653676384,UNAVAILABLE_64_snapshot_native_trajectory
validation,43.3,43.0939251612,Re_43p093925,7,1227.31771693,1473.66105796,56,0.0006483913935908656,0.15239902329567329,0.15304741468926414,0.00027380267945324634,0.01219135054584465,0.012465153225297898,0.14058226146396624,0.0001958283833922729,0.00018267871845548044,0.1630825533821919,0.0007040175872715541,0.0009241823804006571,0.0009268018646694412,0.04822035332764234,0.0034506372157069357,0.18924621955922138,0.03952669474814766,UNAVAILABLE_64_snapshot_native_trajectory
train,43.4,43.0939251612,Re_43p093925,2,1206.93438666,1452.7101163,56,0.0006439830154219441,0.029239610029346604,0.02988359304476855,0.002552575331739503,0.0781620998279294,0.0807146751596689,-0.05083108211490035,0.00019290192250073933,0.00022918356650314742,0.032423618413270405,0.1394095321925911,0.0009673015051294002,0.001033520258565037,0.020288868669852838,0.07415575858696097,0.06758477024345211,0.09711162601611788,UNAVAILABLE_64_snapshot_native_trajectory
train,43.4,43.0939251612,Re_43p093925,3,1211.32323897,1457.09896862,56,0.00060594820704998,0.03662868869556987,0.037234636902619855,0.0002589329733396681,0.01104477231188029,0.011303705285219958,0.0259309316173999,0.00021739559617405145,0.00019148088104899302,0.08922631562430682,0.0007425353404810338,0.0009567731717241082,0.0009704673931945327,0.03906621457639958,0.0034972216871728564,0.06989675439416525,0.03902156644097471,UNAVAILABLE_64_snapshot_native_trajectory
train,43.4,43.0939251612,Re_43p093925,4,1215.71209129,1461.48782093,56,0.0006523115197898618,0.022527802822830418,0.02318011434262028,0.0002590663045747997,0.01112048651539047,0.01137955281996527,0.01180056152265501,0.0001947566595911076,0.00018887391392810102,0.03143479797914655,0.000733452366204875,0.0009471887737672718,0.0009575418250457389,0.023903802584283686,0.0034803511335763293,0.027291610960252864,0.03936211271584464,UNAVAILABLE_64_snapshot_native_trajectory
train,43.4,43.0939251612,Re_43p093925,5,1220.1009436,1465.87667325,56,0.0006454432605415293,0.0233479591214503,0.023993402381991828,0.00025887743064366425,0.011191497207237753,0.011450374637881417,0.01254302774411041,0.00019595300807407048,0.00018629921037348395,0.034183038161450775,0.0007226239569502261,0.0009380152289517751,0.0009447582396584479,0.024250175755340563,0.0034642494962814304,0.029455102244293478,0.03951514438384791,UNAVAILABLE_64_snapshot_native_trajectory
train,43.4,43.0939251612,Re_43p093925,6,1224.48979592,1470.26552557,56,0.0006509124264112539,0.15049731040153397,0.1511482228279452,0.00025795794154160863,0.011256388807371528,0.011514346748913136,0.13963387607903208,0.0001961138722044888,0.0001837551044052927,0.16171156524012598,0.000710527019985673,0.000928697434290113,0.0009321114423862724,0.047669931494423015,0.003447333297228702,0.18808299102817252,0.03961897774748715,UNAVAILABLE_64_snapshot_native_trajectory
train,43.4,43.0939251612,Re_43p093925,7,1228.87864823,1474.65437788,56,0.0006573691129827144,0.1568784969530606,0.15753586606604333,0.00025690177815037896,0.011318064744366465,0.011574966522516845,0.14596089954352648,0.00019602504453675092,0.00018123970050577617,0.1669031608748426,0.0006972449231557118,0.0009187870868051073,0.0009195993571219875,0.04945112644489449,0.003428049398945038,0.193258295273291,0.03966862752373953,UNAVAILABLE_64_snapshot_native_trajectory
heldout,43.5,43.7974019747,Re_43p797402,2,1208.53858785,1453.74931582,56,0.0006080802965803545,0.033121295513944285,0.03372937581052464,0.0023931049421284656,0.17972257992589857,0.18211568486802704,-0.14838630905750239,0.00021468418138757383,0.00019568617968099262,0.08717506664033974,0.1353667455657194,0.0009609159220433315,0.0010242753352950865,0.03782167593740237,0.07200972834665059,0.06706735082235292,0.21628698706869107,UNAVAILABLE_64_snapshot_native_trajectory
heldout,43.5,43.7974019747,Re_43p797402,3,1212.91735085,1458.12807882,56,0.0006163704984652445,0.02180680186858954,0.022423172367054788,0.00023911552624990737,0.010214660856061694,0.010453776382311602,0.011969395984743185,0.00019601791004911863,0.00018998338615309028,0.01281614621045376,0.0007383600619365957,0.0009512365625057177,0.0009629939369700113,0.03003726729168318,0.003479292450926054,0.03224260555077939,0.03934352450331789,UNAVAILABLE_64_snapshot_native_trajectory
heldout,43.5,43.7974019747,Re_43p797402,4,1217.29611385,1462.50684182,56,0.0006442646167709395,0.022891615356643493,0.02353587997341443,0.00023941849919080968,0.010288390534085664,0.010527809033276474,0.013008070940137957,0.0001952995175010318,0.00018739614316732502,0.03329150008448734,0.0007287212844055877,0.0009417652651546637,0.0009501561622155054,0.0238587497954352,0.0034625680234930062,0.02848198188093406,0.039578418256256034,UNAVAILABLE_64_snapshot_native_trajectory
heldout,43.5,43.7974019747,Re_43p797402,5,1221.67487685,1466.88560482,56,0.0006521241470342127,0.02020027430245002,0.020852398449484232,0.00023944930128594335,0.01035804367186238,0.010597492973148324,0.010254905476335908,0.00019595599429307012,0.00018483896010071065,0.008194175401052136,0.0007174677028108605,0.0009327983647471259,0.0009374554914896693,0.024012415887830783,0.003445905003872819,0.032379177001245596,0.03968834468079641,UNAVAILABLE_64_snapshot_native_trajectory
heldout,43.5,43.7974019747,Re_43p797402,6,1226.05363985,1471.26436782,56,0.0006600400668479976,0.1554537200180152,0.1561137600848632,0.00023915376458702854,0.010423844621637408,0.010662998386224436,0.14545076169863874,0.00019645685770798004,0.00018231255480216977,0.16580429945236946,0.0007047725777869718,0.0009234235386686808,0.0009248911410873301,0.049006047543297925,0.0034280166010794083,0.19260929200501192,0.03975532089121447,UNAVAILABLE_64_snapshot_native_trajectory
heldout,43.5,43.7974019747,Re_43p797402,7,1230.43240285,1475.64313081,56,0.0006404996992960892,0.02320536556328322,0.02384586526257931,0.00023879141300725792,0.010487124697608373,0.01072591611061563,0.01311994915196368,0.00019412337387376375,0.00017981497760820325,0.010920470905930565,0.0006907063374517639,0.000913821602704298,0.0009124620336893701,0.028151119885208353,0.0034073610226054633,0.036814789949514044,0.0397873956845627,UNAVAILABLE_64_snapshot_native_trajectory
train,43.6,43.7974019747,Re_43p797402,2,1205.76671035,1450.4150284,56,0.0006527704643276994,0.028946088530183732,0.02959885899451143,0.002500225973452585,0.07419429994742364,0.07669452592087624,-0.047095666926364806,0.0001923619429585988,0.00022690789050571495,0.032763719854145584,0.13230025601989864,0.0009654192596552701,0.0010351264062150984,0.02042093711958632,0.07062042953906175,0.06704196341900591,0.09420370841513587,UNAVAILABLE_64_snapshot_native_trajectory
train,43.6,43.7974019747,Re_43p797402,3,1210.13543032,1454.78374836,56,0.000615219146693112,0.03656314040221306,0.03717835954890617,0.0002191029509853285,0.009353103137578563,0.009572206088563892,0.02760615346034228,0.00021770306869214737,0.00019109730545968293,0.09065144538718854,0.0007423704138917833,0.0009549683377756145,0.0009684705990779924,0.03945688908233651,0.0034772484027174766,0.06994837803400955,0.03942969648542486,UNAVAILABLE_64_snapshot_native_trajectory
train,43.6,43.7974019747,Re_43p797402,4,1214.50415028,1459.15246833,56,0.000661599823795713,0.02265690269002153,0.023318502513817244,0.00022015008950500222,0.009431593276139544,0.009651743365644547,0.013666759148172697,0.00019449156636083234,0.0001884990088324111,0.031863368236304944,0.0007341082189354166,0.0009454870111839003,0.0009555841820752083,0.02412253084321266,0.0034619343102685533,0.026914054150646183,0.03961448475978466,UNAVAILABLE_64_snapshot_native_trajectory
train,43.6,43.7974019747,Re_43p797402,5,1218.87287025,1463.52118829,56,0.0006553059652544274,0.023389121384794875,0.024044427350049302,0.0002204835425567303,0.009503987637390424,0.009724471179947155,0.014319956170102148,0.00019594048359856213,0.00018593038711603652,0.03469494587262419,0.000723675604353642,0.0009365927273524823,0.0009428317836010444,0.02443052011501717,0.003445376252108125,0.02967767492819723,0.03975462613191779,UNAVAILABLE_64_snapshot_native_trajectory
train,43.6,43.7974019747,Re_43p797402,6,1223.24159021,1467.88990826,56,0.0006618299661000398,0.15304869099559407,0.1537105209616941,0.00022078088248223194,0.009573100430044593,0.009793881312526825,0.1439166396491673,0.00019649406540807202,0.00018339211822483102,0.16411655686948648,0.0007120538878034569,0.0009276727833111571,0.0009302155918442948,0.048345743013352274,0.003428076079343079,0.1908928066868087,0.03983523278247707,UNAVAILABLE_64_snapshot_native_trajectory
train,43.6,43.7974019747,Re_43p797402,7,1227.61031018,1472.25862822,56,0.0006697061129817075,0.02588852636123537,0.026558232474217076,0.00022071127968263822,0.009638798742070952,0.00985951002175359,0.016698722452463486,0.0001987007647770336,0.00018088335070025766,0.03822052012558689,0.0006989384148104733,0.0009181659058723488,0.0009177335012583233,0.028619655688297194,0.003409083125072699,0.03154041990492755,0.03988897014859954,UNAVAILABLE_64_snapshot_native_trajectory
validation,43.7,43.7974019747,Re_43p797402,2,1207.36624169,1451.45472377,56,0.0006596228348535939,0.031220012266882955,0.031879635101736546,0.0023249525921940893,0.17190496156629512,0.1742299141584892,-0.14235027905675265,0.0001925498913379901,0.00019538316430344,0.032467183227357484,0.12878219568634344,0.000959340735326802,0.001022430098807077,0.020999292701316556,0.06854764925520004,0.06941525650637136,0.2080814149210065,UNAVAILABLE_64_snapshot_native_trajectory
validation,43.7,43.7974019747,Re_43p797402,3,1211.72496458,1455.81344666,56,0.0006925391410901535,0.022747312168435285,0.023439851309525438,0.00020192055889798073,0.008620617713219559,0.00882253827211754,0.014617313037407898,0.00019072497315122936,0.00018959522417110003,0.01578688010813183,0.0007381668912707728,0.000950455374179571,0.0009609701451411804,0.016699499981436914,0.0034608617674675374,0.026825347537120525,0.03950723002208612,UNAVAILABLE_64_snapshot_native_trajectory
validation,43.7,43.7974019747,Re_43p797402,4,1216.08368748,1460.17216955,56,0.0006541709168165771,0.02299351210137658,0.023647683018193158,0.00020215369709146506,0.008696185192811255,0.00889833888990272,0.014749344128290438,0.00019539538590568825,0.00018701535723664284,0.03387386642517071,0.0007292981915750956,0.0009403897418949098,0.0009481680773400589,0.02404031946811101,0.0034453220648273265,0.028743610768937788,0.039805087110078775,UNAVAILABLE_64_snapshot_native_trajectory
validation,43.7,43.7974019747,Re_43p797402,5,1220.44241037,1464.53089245,56,0.0006628228705726545,0.02008176397271464,0.020744586843287297,0.0002024818382838666,0.008767406765716256,0.008969888604000123,0.011774698239287174,0.00019620193812335936,0.00018446591018294673,0.00864200098511661,0.0007187181511601223,0.0009315929497411518,0.000935500398085493,0.02419557879148684,0.0034287213977324525,0.03269026319247501,0.039895811827415736,UNAVAILABLE_64_snapshot_native_trajectory
validation,43.7,43.7974019747,Re_43p797402,6,1224.80113327,1468.88961534,56,0.000667989864635097,0.1622062445934642,0.1628742344580993,0.0002026769577590842,0.008835638708056584,0.009038315665815668,0.15383591879228362,0.00019507475996312113,0.00018194629584014047,0.16439519772687253,0.0007066185090733718,0.0009226480471899715,0.0009229678082853883,0.05058320927983382,0.0034106403656829795,0.19942621009653527,0.03996132945873561,UNAVAILABLE_64_snapshot_native_trajectory
validation,43.7,43.7974019747,Re_43p797402,7,1229.15985616,1473.24833824,56,0.0006466164636357628,0.03909746783339668,0.039744084297032446,0.00020302643835114835,0.008902586051369357,0.009105612489720506,0.03063847180731194,0.00019687324941936033,0.00017945505881769374,0.03729142160594852,0.0006930029746509908,0.000912994845438738,0.0009105703191853002,0.03104712852728431,0.0033904338615337926,0.07737323941399031,0.0399613324609904,UNAVAILABLE_64_snapshot_native_trajectory
heldout,43.9,43.7974019747,Re_43p797402,2,1206.2045775,1449.18103916,56,0.0006685711453651539,0.030963540348475434,0.03163211149384059,0.002386132694618773,0.06870319546512535,0.07108932815974413,-0.03945721666590354,0.00019203930417153962,0.00022292763539414286,0.032832420074970246,0.12225864323938439,0.0009575096163089542,0.0010289982803626107,0.02112644271438644,0.06543104755353217,0.0694365391472422,0.08960482201928646,UNAVAILABLE_64_snapshot_native_trajectory
heldout,43.9,43.7974019747,Re_43p797402,3,1210.54344289,1453.51990454,56,0.0006973719907690057,0.024615632067345117,0.025313004058114125,0.00016924781143739192,0.007215109807742117,0.007384357619179509,0.017928646438934617,0.00019096723927452085,0.00018922673858029728,0.030570055662397372,0.000736899096730733,0.0009484045523877732,0.0009590405386869556,0.017026368376999033,0.003438985526747422,0.02887822364767846,0.039700110313557926,UNAVAILABLE_64_snapshot_native_trajectory
heldout,43.9,43.7974019747,Re_43p797402,4,1214.88230828,1457.85876993,56,0.0006402726261897884,0.10347908352625047,0.10411935615244026,0.00016948618919294484,0.007298124370054903,0.007467610559247848,0.09665174559319242,0.00019606174341937197,0.00018665531437427223,0.10585395565547714,0.0007287954012841375,0.0009389675164240906,0.0009462797173098074,0.04300227449129544,0.003426264783561353,0.1425294230830114,0.03999501125067847,UNAVAILABLE_64_snapshot_native_trajectory
heldout,43.9,43.7974019747,Re_43p797402,5,1219.22117366,1462.19763532,56,0.0006686171904813328,0.15591525472106663,0.15658387191154796,0.00016955157785130702,0.007374634790774405,0.007544186368625712,0.14903968554292224,0.0001939929641974599,0.00018411421395395436,0.16014353194542388,0.000719111996629144,0.0009302592022226211,0.0009336500078605716,0.04895542865430428,0.0034114954980071837,0.19427785624258934,0.04006357026381422,UNAVAILABLE_64_snapshot_native_trajectory
heldout,43.9,43.7974019747,Re_43p797402,6,1223.56003905,1466.5365007,56,0.0006787995670452645,0.16423223399078515,0.1649110335578304,0.00016963842774505902,0.007446184265745861,0.00761582269349092,0.15729521086433948,0.00019540875337861296,0.0001816025091928092,0.16628467568114053,0.0007080530463065069,0.0009217324527855366,0.0009211503843157516,0.05114907064424752,0.0033940759910865656,0.20172563705926014,0.04011309661917261,UNAVAILABLE_64_snapshot_native_trajectory
heldout,43.9,43.7974019747,Re_43p797402,7,1227.89890444,1470.87536609,56,0.0006606139026723159,0.025434446688011838,0.026095060590684154,0.00016981678593807207,0.007515737323352241,0.007685554109290313,0.01840950648139384,0.00019708509482386607,0.00017911815222873914,0.04974028260930213,0.0006952334131165724,0.0009126582195825441,0.000908785056520384,0.03241280609370267,0.0033743658747007093,0.04706079588081726,0.040120940700435585,UNAVAILABLE_64_snapshot_native_trajectory
