regime,model,seed,K,window,Re,complete,Eu,Ep,joint,divergent,first_nonfinite_step,first_divergence_step
P,LSTM,1248,24,976,70.3146353337,True,0.7357186906571322,5.147174635455692,5.882893326112825,False,,
P,LSTM,1248,24,984,70.3146353337,True,0.7269999860650745,4.601065534861172,5.328065520926247,False,,
P,LSTM,1248,24,1000,70.3146353337,True,0.9099655675760782,5.433886836924913,6.34385240450099,False,,
P,LSTM,1248,24,1016,70.3146353337,True,0.8306971972746992,5.013873627909997,5.844570825184697,False,,
P,LSTM,1248,24,1024,70.3146353337,True,0.9365486797279469,4.638610903308634,5.575159583036581,False,,
P,LSTM,1248,24,1040,70.3146353337,True,0.6628620092087089,3.6678504727202506,4.330712481928959,False,,
P,LSTM,1248,24,1056,70.3146353337,True,0.5950426162246382,3.3843927010444865,3.979435317269124,False,,
P,LSTM,1248,24,1072,70.3146353337,True,0.5321931806401269,3.373040923889743,3.9052341045298697,False,,
P,LSTM,1248,24,3874,100.352251335,True,0.6056866156936876,2.8878332791269137,3.493519894820602,False,,
P,LSTM,1248,24,3882,100.352251335,True,0.46609499678011507,2.125277234724098,2.591372231504213,False,,
P,LSTM,1248,24,3898,100.352251335,True,0.37576635048256485,1.6127105544128228,1.9884769048953874,False,,
P,LSTM,1248,24,3914,100.352251335,True,0.34245250906270003,1.6456652825077456,1.9881177915704455,False,,
P,LSTM,1248,24,3922,100.352251335,True,0.37964468485631836,1.8111850313556264,2.1908297162119443,False,,
P,LSTM,1248,24,3938,100.352251335,True,0.4375043685048367,1.942821636264995,2.3803260047698322,False,,
P,LSTM,1248,24,3954,100.352251335,True,0.41616935724548654,1.9006849610044874,2.3168543182499737,False,,
P,LSTM,1248,24,3970,100.352251335,True,0.4308686300010141,1.9570475060555628,2.387916136056577,False,,
P,LSTM,1248,24,7258,149.059229449,True,0.5387103045641464,1.8229119438076857,2.361622248371832,False,,
P,LSTM,1248,24,7266,149.059229449,True,0.472388533887373,1.6140301920736218,2.086418725960995,False,,
P,LSTM,1248,24,7282,149.059229449,True,0.30947188992014985,1.1897413686309688,1.4992132585511184,False,,
P,LSTM,1248,24,7298,149.059229449,True,0.2500861867936108,0.8776543092853846,1.1277404960789952,False,,
P,LSTM,1248,24,7306,149.059229449,True,0.2901922223021919,0.9993031839187102,1.289495406220902,False,,
P,LSTM,1248,24,7322,149.059229449,True,0.2651641773990833,0.9111073745505486,1.1762715519496318,False,,
P,LSTM,1248,24,7338,149.059229449,True,0.2881763811314119,1.0535497038451107,1.3417260849765225,False,,
P,LSTM,1248,24,7354,149.059229449,True,0.2882463782970051,1.0547668792866391,1.3430132575836442,False,,
P,LSTM,1248,24,9513,189.86227838,True,1.1364203269421347,2.588067024560901,3.724487351503035,False,,
P,LSTM,1248,24,9521,189.86227838,True,0.7075872638787493,1.8519424356117173,2.5595296994904664,False,,
P,LSTM,1248,24,9537,189.86227838,True,0.4185255065893439,1.3183917084600527,1.7369172150493963,False,,
P,LSTM,1248,24,9553,189.86227838,True,0.3465282540183097,0.8879483059280219,1.2344765599463319,False,,
P,LSTM,1248,24,9561,189.86227838,True,0.33953547642229637,0.9893280810667209,1.3288635574890173,False,,
P,LSTM,1248,24,9577,189.86227838,True,0.36530750112916227,1.0926425149367616,1.457950016065924,False,,
P,LSTM,1248,24,9593,189.86227838,True,0.3509355706711261,0.9519664510292426,1.3029020217003684,False,,
P,LSTM,1248,24,9609,189.86227838,True,0.3584375670486066,0.9429868563448564,1.301424423393463,False,,
P,LSTM,1248,48,976,70.3146353337,True,1.1615843181484646,6.966074325093962,8.127658643242427,False,,
P,LSTM,1248,48,984,70.3146353337,True,1.0429203114870607,5.977258010722211,7.020178322209271,False,,
P,LSTM,1248,48,1000,70.3146353337,True,1.482028986120633,7.355015830421966,8.8370448165426,False,,
P,LSTM,1248,48,1016,70.3146353337,True,1.2482682137366155,6.28361931343277,7.531887527169386,False,,
P,LSTM,1248,48,1024,70.3146353337,True,1.2165001611099153,5.648644966387462,6.865145127497377,False,,
P,LSTM,1248,48,1040,70.3146353337,True,0.811659568696108,4.408977375130367,5.220636943826475,False,,
P,LSTM,1248,48,1056,70.3146353337,True,0.6390298853510112,3.95780292027967,4.59683280563068,False,,
P,LSTM,1248,48,1072,70.3146353337,True,0.6144116331734444,4.001329960538258,4.615741593711702,False,,
P,LSTM,1248,48,3874,100.352251335,True,0.9203287692378691,3.8400829244834944,4.760411693721363,False,,
P,LSTM,1248,48,3882,100.352251335,True,0.8705637338100557,3.4125500967092557,4.283113830519311,False,,
P,LSTM,1248,48,3898,100.352251335,True,0.5455492516533841,2.256044883073414,2.801594134726798,False,,
P,LSTM,1248,48,3914,100.352251335,True,0.4901750785397674,2.1783195323357685,2.668494610875536,False,,
P,LSTM,1248,48,3922,100.352251335,True,0.5760130824055257,2.4446281135480636,3.0206411959535893,False,,
P,LSTM,1248,48,3938,100.352251335,True,0.6981703365035322,2.7070970791519886,3.4052674156555205,False,,
P,LSTM,1248,48,3954,100.352251335,True,0.6664369908109652,2.5861186171800847,3.25255560799105,False,,
P,LSTM,1248,48,3970,100.352251335,True,0.6441589146087656,2.5950735185698233,3.2392324331785893,False,,
P,LSTM,1248,48,7258,149.059229449,True,0.6129411116388682,1.9291944076117826,2.542135519250651,False,,
P,LSTM,1248,48,7266,149.059229449,True,0.4818197651807082,1.6467417635255301,2.128561528706238,False,,
P,LSTM,1248,48,7282,149.059229449,True,0.4455194836205057,1.6055834857863711,2.0511029694068763,False,,
P,LSTM,1248,48,7298,149.059229449,True,0.41223528798469955,1.4495571966754988,1.8617924846601988,False,,
P,LSTM,1248,48,7306,149.059229449,True,0.4184199441973921,1.4898204380017877,1.90824038219918,False,,
P,LSTM,1248,48,7322,149.059229449,True,0.44482354655737905,1.5472066060954068,1.9920301526527855,False,,
P,LSTM,1248,48,7338,149.059229449,True,0.4846426492897102,1.7797155410180425,2.2643581903077528,False,,
P,LSTM,1248,48,7354,149.059229449,True,0.4876513777621005,1.769410641226638,2.257062018988738,False,,
P,LSTM,1248,48,9513,189.86227838,True,0.938129930426603,2.083062330208444,3.0211922606350474,False,,
P,LSTM,1248,48,9521,189.86227838,True,0.7733092417527896,2.2630358134268556,3.036345055179646,False,,
P,LSTM,1248,48,9537,189.86227838,True,0.5473882080503928,1.5166473949969221,2.0640356030473153,False,,
P,LSTM,1248,48,9553,189.86227838,True,0.4090725335301249,1.0870629418137314,1.4961354753438563,False,,
P,LSTM,1248,48,9561,189.86227838,True,0.4402012295518964,1.2740781480684087,1.7142793776203051,False,,
P,LSTM,1248,48,9577,189.86227838,True,0.4963534282357807,1.371408628746659,1.86776205698244,False,,
P,LSTM,1248,48,9593,189.86227838,True,0.48117535672027456,1.293748513301191,1.7749238700214656,False,,
P,LSTM,1248,48,9609,189.86227838,True,0.43925991102156026,1.064906537742352,1.5041664487639121,False,,
