pair,mode,seed,Re,K,checkpoint_sha256,Eu_window_mean,Eu_terminal,Eu_window_max,Ep_window_mean,Ep_terminal,Ep_window_max,Ejoint_window_mean,Ejoint_terminal,Ejoint_window_max
sh,full,42001,95.1,8,bfa459e6122a86f39696e745e668d4b6b999b8ee1eea7769084a6f9cb3002abf,0.3972195481699544,0.3772085489412768,0.44886328933507297,0.9034354026689996,0.7062275945709987,1.3365660994443098,1.300654950838954,1.0834361435122755,1.7691217353030257
sh,full,42001,95.1,16,bfa459e6122a86f39696e745e668d4b6b999b8ee1eea7769084a6f9cb3002abf,0.35901291243743605,0.3632641117647595,0.4635545462115725,0.7149077344219168,0.6556669210862771,1.3992231622365785,1.0739206468593527,1.0189310328510366,1.8478459969188878
sh,full,42001,95.1,24,bfa459e6122a86f39696e745e668d4b6b999b8ee1eea7769084a6f9cb3002abf,0.3810448098290878,0.4558869952051746,0.4979680859575471,0.7040371874263972,0.7267655322824349,1.4510888530653796,1.085081997255485,1.1826525274876096,1.930829274560169
sh,full,42001,95.3,8,bfa459e6122a86f39696e745e668d4b6b999b8ee1eea7769084a6f9cb3002abf,0.39766437281571243,0.380566019132352,0.45105553876212945,0.91811117946904,0.7224652922819597,1.3624321562444954,1.315775552284752,1.1030313114143118,1.798870159811659
sh,full,42001,95.3,16,bfa459e6122a86f39696e745e668d4b6b999b8ee1eea7769084a6f9cb3002abf,0.3611724303330382,0.36479809050690215,0.4747370658957131,0.7313907713440662,0.676913701466078,1.4301277410714985,1.0925632016771045,1.04171179197298,1.8876278022707695
sh,full,42001,95.3,24,bfa459e6122a86f39696e745e668d4b6b999b8ee1eea7769084a6f9cb3002abf,0.38517149556920344,0.4671329141349284,0.5088541406896869,0.7204831085850697,0.7418962338761059,1.4821375008927244,1.105654604154273,1.2090291480110344,1.970254423224678
sh,full,42002,95.1,8,479cd0b0ab27cb518f5e9b46454f51e176ce4918ac09705a3fa6aba61adee51d,0.39729794052228873,0.3772652322971678,0.44892662944896394,0.9034388474373729,0.7061536046237029,1.3365695519990894,1.3007367879596616,1.0834188369208706,1.7691898423370058
sh,full,42002,95.1,16,479cd0b0ab27cb518f5e9b46454f51e176ce4918ac09705a3fa6aba61adee51d,0.3590789547988854,0.36331106695523574,0.4636319786304324,0.7148589942562183,0.655516385761722,1.3991843218466256,1.0739379490551038,1.0188274527169576,1.847876659648565
sh,full,42002,95.1,24,479cd0b0ab27cb518f5e9b46454f51e176ce4918ac09705a3fa6aba61adee51d,0.3811070806866142,0.4559461313384592,0.49804753256909284,0.7039495089320486,0.7266039412735672,1.4510312556537883,1.0850565896186628,1.1825500726120264,1.9308361110003234
sh,full,42002,95.3,8,479cd0b0ab27cb518f5e9b46454f51e176ce4918ac09705a3fa6aba61adee51d,0.3978602165737912,0.38064697464499575,0.4512233828897687,0.918214046864595,0.7223311092166302,1.3626441723354417,1.3160742634383862,1.102978083861626,1.7991986151917705
sh,full,42002,95.3,16,479cd0b0ab27cb518f5e9b46454f51e176ce4918ac09705a3fa6aba61adee51d,0.36130547479117414,0.3648385844725633,0.4749117648134458,0.7313431822614256,0.676601892051808,1.4303176911990878,1.0926486570525997,1.0414404765243712,1.8879394271617684
sh,full,42002,95.3,24,479cd0b0ab27cb518f5e9b46454f51e176ce4918ac09705a3fa6aba61adee51d,0.3852837103396478,0.46722533414599876,0.5090298172405203,0.7203379138513322,0.741574346219591,1.4823213738337346,1.1056216241909802,1.2087996803655896,1.9705528517804447
sh,full,42003,95.1,8,26ae9a942b0f9f1c98d5ad70b48c50f3e82b8cd14f6d2f85d80256800956bc1f,0.3973871858104425,0.3772638768690648,0.4490073803784927,0.9035393072813815,0.7061158325570777,1.3367798622754976,1.3009264930918238,1.0833797094261426,1.7694243349022472
sh,full,42003,95.1,16,26ae9a942b0f9f1c98d5ad70b48c50f3e82b8cd14f6d2f85d80256800956bc1f,0.3591196056829154,0.36328283371774345,0.46369891452706236,0.7148884959896812,0.6554095963884701,1.3994353542142222,1.0740081016725966,1.0186924301062135,1.8481480430067583
sh,full,42003,95.1,24,26ae9a942b0f9f1c98d5ad70b48c50f3e82b8cd14f6d2f85d80256800956bc1f,0.3811316012638257,0.45595506740945346,0.49811267303942974,0.70393074009709,0.726501648551378,1.4512992568334775,1.0850623413609155,1.1824567159608312,1.9311314868932037
sh,full,42003,95.3,8,26ae9a942b0f9f1c98d5ad70b48c50f3e82b8cd14f6d2f85d80256800956bc1f,0.39782395929634307,0.38062645291374664,0.4511930863843747,0.9182040279163638,0.7223609393234353,1.3626236970639756,1.316027987212707,1.1029873922371818,1.7991524616604468
sh,full,42003,95.3,16,26ae9a942b0f9f1c98d5ad70b48c50f3e82b8cd14f6d2f85d80256800956bc1f,0.36127799907474045,0.36482439040420556,0.47487775306858176,0.731359533552682,0.6766663077271617,1.4303091949439435,1.0926375326274225,1.0414906981313674,1.8879030286490157
sh,full,42003,95.3,24,26ae9a942b0f9f1c98d5ad70b48c50f3e82b8cd14f6d2f85d80256800956bc1f,0.38525911238905497,0.4672034081064181,0.5089952892739182,0.7203720487028145,0.7416416526496414,1.4823154745675229,1.1056311610918697,1.2088450607560595,1.9705236856097188
sh,mu_only,42001,95.1,8,e20ef9d4219bd3f40dd6d68118c6f8ee61cd6e576797555b88c53c0d80804c20,0.5574411611548187,0.6198628279501498,0.6566814865996271,1.0102576960603593,1.0553569406286731,1.2919513991916531,1.567698857215178,1.675219768578823,1.9168347318990773
sh,mu_only,42001,95.1,16,e20ef9d4219bd3f40dd6d68118c6f8ee61cd6e576797555b88c53c0d80804c20,0.6147973416859378,0.735122386876579,0.7953574930528116,1.0401236888098668,1.2592103040065068,1.4028439739909238,1.6549210304958049,1.9943326908830863,2.1982014670437358
sh,mu_only,42001,95.1,24,e20ef9d4219bd3f40dd6d68118c6f8ee61cd6e576797555b88c53c0d80804c20,0.6699327772370659,0.803138455487706,0.8701591578441489,1.1442709680383734,1.3910073550327697,1.5084015354120548,1.8142037452754394,2.1941458105204754,2.372551064591261
sh,mu_only,42001,95.3,8,e20ef9d4219bd3f40dd6d68118c6f8ee61cd6e576797555b88c53c0d80804c20,0.5540095592944121,0.6082236652450232,0.6453412033854261,1.0078256078150014,1.0610296457808612,1.2690994868776837,1.5618351671094135,1.6692533110258843,1.8891118063242127
sh,mu_only,42001,95.3,16,e20ef9d4219bd3f40dd6d68118c6f8ee61cd6e576797555b88c53c0d80804c20,0.6049879394740125,0.7132541764166144,0.7751351870963732,1.0596954689113314,1.2844233430196006,1.3982692128273138,1.664683408385344,1.9976775194362149,2.1734043999236867
sh,mu_only,42001,95.3,24,e20ef9d4219bd3f40dd6d68118c6f8ee61cd6e576797555b88c53c0d80804c20,0.6546777132217395,0.776384388354337,0.8467913068801356,1.159956860779058,1.3986661563606608,1.4817859535402587,1.8146345740007972,2.175050544714998,2.3247486855330948
sh,mu_only,42002,95.1,8,72e7e946fa9477717328b2986815d32ed64aa0b357351b87e383cfbb96d7b2df,0.55752058316397,0.620089945564393,0.6569017431923521,1.0104633389659783,1.0555208336303008,1.2923909640808084,1.5679839221299483,1.6756107791946937,1.917423590633626
sh,mu_only,42002,95.1,16,72e7e946fa9477717328b2986815d32ed64aa0b357351b87e383cfbb96d7b2df,0.6149894224982287,0.7355095136300815,0.7957192648022569,1.0402829531980728,1.2593831461815417,1.4032810446781536,1.6552723756963013,1.9948926598116232,2.1990003094804105
sh,mu_only,42002,95.1,24,72e7e946fa9477717328b2986815d32ed64aa0b357351b87e383cfbb96d7b2df,0.6702068682498418,0.8036142570560303,0.8705842610521706,1.1444423419087688,1.3912309797246145,1.5088978432487483,1.8146492101586107,2.194845236780645,2.373472069614982
sh,mu_only,42002,95.3,8,72e7e946fa9477717328b2986815d32ed64aa0b357351b87e383cfbb96d7b2df,0.5540735013342368,0.6084137156974362,0.6455247110378338,1.0080025290453833,1.0611708984797683,1.269469474277735,1.5620760303796202,1.6695846141772046,1.8896186481135389
sh,mu_only,42002,95.3,16,72e7e946fa9477717328b2986815d32ed64aa0b357351b87e383cfbb96d7b2df,0.6051489185321485,0.7135850233720982,0.7754435361251677,1.0598278769829688,1.2845803011843464,1.3986591384751539,1.6649767955151171,1.9981653245564444,2.174102674600322
sh,mu_only,42002,95.3,24,72e7e946fa9477717328b2986815d32ed64aa0b357351b87e383cfbb96d7b2df,0.6549083478618835,0.7767873718482832,0.8471503458602846,1.1600999307209914,1.3988550971226834,1.4822141450406328,1.8150082785828747,2.175642468970967,2.325534214518474
sh,mu_only,42003,95.1,8,eda4ccd650d562bf4e5a19b6476926fca5919aa8c557c643b84f8211c8c32da5,0.5575264614806752,0.620106746547652,0.656918037183579,1.0104785509793492,1.0555329567170415,1.2924234750328105,1.5680050124600244,1.6756397032646935,1.9174671472643303
sh,mu_only,42003,95.1,16,eda4ccd650d562bf4e5a19b6476926fca5919aa8c557c643b84f8211c8c32da5,0.615003632106007,0.7355381473373087,0.7957460240481401,1.0402947345467206,1.259395930771525,1.4033133707542216,1.655298366652728,1.9949340781088336,2.1990593948023616
sh,mu_only,42003,95.1,24,eda4ccd650d562bf4e5a19b6476926fca5919aa8c557c643b84f8211c8c32da5,0.6702271429889867,0.8036494495943317,0.8706157043174343,1.1444550185888267,1.3912475205034074,1.5089345505282714,1.814682161577813,2.194896970097739,2.3735401899860626
sh,mu_only,42003,95.3,8,eda4ccd650d562bf4e5a19b6476926fca5919aa8c557c643b84f8211c8c32da5,0.5540744039809555,0.60841639725765,0.6455273003572466,1.0080050252561013,1.061172891358463,1.2694746938059973,1.5620794292370568,1.669589288616113,1.889625798855438
sh,mu_only,42003,95.3,16,eda4ccd650d562bf4e5a19b6476926fca5919aa8c557c643b84f8211c8c32da5,0.6051511899647369,0.7135896909236039,0.7754478864022554,1.0598297451821637,1.2845825155791541,1.3986646392119857,1.6649809351469007,1.9981722065027578,2.174112525614241
sh,mu_only,42003,95.3,24,eda4ccd650d562bf4e5a19b6476926fca5919aa8c557c643b84f8211c8c32da5,0.6549116018882194,0.7767930571243975,0.8471554112599746,1.1601019492916227,1.3988577627402201,1.4822201856096957,1.815013551179842,2.175650819864618,2.325545296488554
hp,full,42001,100.5,8,8241dc458dfb480cf36e8f69145a8d8a0698c200960993c2634915b595e1a75b,0.4619120899267006,0.34087923246360974,0.690682077621369,0.4107230340505435,0.3055008200466236,0.5743154120369518,0.8726351239772441,0.6463800525102333,1.263607736545036
hp,full,42001,100.5,16,8241dc458dfb480cf36e8f69145a8d8a0698c200960993c2634915b595e1a75b,0.4026204287016109,0.36359224788184896,0.7059883754358216,0.3620601314770426,0.28988003292183184,0.5884727409780286,0.7646805601786535,0.6534722808036808,1.2869080123642522
hp,full,42001,100.5,24,8241dc458dfb480cf36e8f69145a8d8a0698c200960993c2634915b595e1a75b,0.3946827569191613,0.45628585031115326,0.7434715283601578,0.35529636815588894,0.40077298984818915,0.637053968702477,0.7499791250750502,0.8570588401593424,1.3657604799633436
hp,full,42001,102.0,8,8241dc458dfb480cf36e8f69145a8d8a0698c200960993c2634915b595e1a75b,0.5212663776782689,0.4033701837292534,0.7644003055462089,0.4704792756291488,0.3945104039150442,0.6460957499082411,0.9917456533074176,0.7978805876442976,1.3905621366908743
hp,full,42001,102.0,16,8241dc458dfb480cf36e8f69145a8d8a0698c200960993c2634915b595e1a75b,0.4631419998728409,0.4335780331197764,0.7855714413717971,0.42029011817606043,0.3993826004911327,0.6747194323234935,0.8834321180489013,0.832960633610909,1.4329519352454743
hp,full,42001,102.0,24,8241dc458dfb480cf36e8f69145a8d8a0698c200960993c2634915b595e1a75b,0.4579774311923513,0.4455381565652171,0.7981917273300428,0.41660734338663347,0.3904609184907293,0.7025955645171096,0.8745847745789849,0.8359990750559464,1.471817048628452
hp,full,42002,100.5,8,658c3bdf90b80bc00c4f6ddfcb100f0a824f4c0af93ff6a17899450ac68762e3,0.4620007038623377,0.34069158091126006,0.6911155570948988,0.4108506315803466,0.30434978049372785,0.5750030378927781,0.8728513354426843,0.6450413614049879,1.2645351565486591
hp,full,42002,100.5,16,658c3bdf90b80bc00c4f6ddfcb100f0a824f4c0af93ff6a17899450ac68762e3,0.402582571529052,0.3633146583480987,0.7065003938573045,0.3615896701607465,0.28961234979193523,0.5893530229770005,0.7641722416897985,0.6529270081400339,1.287849223247147
hp,full,42002,100.5,24,658c3bdf90b80bc00c4f6ddfcb100f0a824f4c0af93ff6a17899450ac68762e3,0.3946617789122036,0.45646601909093554,0.7440140661954036,0.3549822836955039,0.4007765744260242,0.6378662939777868,0.7496440626077074,0.8572425935169597,1.3675354619765687
hp,full,42002,102.0,8,658c3bdf90b80bc00c4f6ddfcb100f0a824f4c0af93ff6a17899450ac68762e3,0.5188444225264067,0.40166953693439994,0.7575139844489891,0.4705412503187263,0.3960429837462589,0.642015301514842,0.9893856728451331,0.7977125206806588,1.3796527819544573
hp,full,42002,102.0,16,658c3bdf90b80bc00c4f6ddfcb100f0a824f4c0af93ff6a17899450ac68762e3,0.46185958360795887,0.4354503622554855,0.7805795852530492,0.42133198093285973,0.4030816013617582,0.6704148891551762,0.8831915645408186,0.8385319636172437,1.4224147987844529
hp,full,42002,102.0,24,658c3bdf90b80bc00c4f6ddfcb100f0a824f4c0af93ff6a17899450ac68762e3,0.45726714123590745,0.4471152311651918,0.7937273729659534,0.4181740333086337,0.3958686921863722,0.6985452957487148,0.8754411745445411,0.8429839233515639,1.4627405020599897
hp,full,42003,100.5,8,6a05daec78aad5ea025d1cdfb822c11ca9f978387fce92bfa8704b3adeaf0c96,0.46175476047254915,0.3404599795359595,0.6908424713263774,0.410697866481737,0.304137406781982,0.5747623496685492,0.872452626954286,0.6445973863179414,1.2640292416085708
hp,full,42003,100.5,16,6a05daec78aad5ea025d1cdfb822c11ca9f978387fce92bfa8704b3adeaf0c96,0.40231056025292244,0.363296082319197,0.7062589696148753,0.3614211126415719,0.28991327536553463,0.5891176581030083,0.7637316728944943,0.6532093576847315,1.2873487523352019
hp,full,42003,100.5,24,6a05daec78aad5ea025d1cdfb822c11ca9f978387fce92bfa8704b3adeaf0c96,0.3946073660805734,0.45746082257374193,0.7445474887707664,0.35506286048347474,0.4017156469816416,0.6387295655020317,0.7496702265640481,0.8591764695553835,1.3689238423584678
hp,full,42003,102.0,8,6a05daec78aad5ea025d1cdfb822c11ca9f978387fce92bfa8704b3adeaf0c96,0.5178950103725249,0.40008670207095276,0.7578494827170297,0.46992415033677765,0.39470689797802716,0.6417468383744281,0.9878191607093026,0.7947936000489799,1.3810604268218758
hp,full,42003,102.0,16,6a05daec78aad5ea025d1cdfb822c11ca9f978387fce92bfa8704b3adeaf0c96,0.460569453006191,0.4350633475457921,0.780749147920484,0.4203057199632957,0.4036785716613337,0.671649857021841,0.8808751729694868,0.8387419192071259,1.4246634476351858
hp,full,42003,102.0,24,6a05daec78aad5ea025d1cdfb822c11ca9f978387fce92bfa8704b3adeaf0c96,0.4568341459066125,0.4497739752568092,0.797601774458089,0.41790724824144787,0.3980036004346819,0.7014047735794412,0.8747413941480603,0.8477775756914911,1.4681030698136122
hp,mu_only,42001,100.5,8,16fb938fec96b36aa2db46b17cd0ef157aa2f5d5da787b8c7419fd294343b840,0.5297180193981177,0.39547539687268457,0.8676414253882541,0.46786269953556164,0.4126658806051521,0.7357473617898942,0.9975807189336794,0.8081412774778367,1.6033887871781483
hp,mu_only,42001,100.5,16,16fb938fec96b36aa2db46b17cd0ef157aa2f5d5da787b8c7419fd294343b840,0.4633571264037275,0.4288539818646173,0.8776803897657022,0.4485020681743301,0.42116173702187254,0.7587957506535596,0.9118591945780576,0.8500157188864899,1.6255991453985779
hp,mu_only,42001,100.5,24,16fb938fec96b36aa2db46b17cd0ef157aa2f5d5da787b8c7419fd294343b840,0.4818361696879286,0.6408667788809963,0.9891800791801202,0.4795599339094545,0.6463138029611333,0.8835606482799074,0.9613961035973831,1.2871805818421294,1.871956998238874
hp,mu_only,42001,102.0,8,16fb938fec96b36aa2db46b17cd0ef157aa2f5d5da787b8c7419fd294343b840,0.569616941228027,0.45307717882758414,0.8705101969515204,0.49442102415621486,0.4467056747453259,0.7331088929532481,1.0640379653842418,0.89978285357291,1.5876970001287598
hp,mu_only,42001,102.0,16,16fb938fec96b36aa2db46b17cd0ef157aa2f5d5da787b8c7419fd294343b840,0.5049670737379084,0.4797086772690499,0.8758646147297221,0.4616725790190298,0.4714160670578946,0.7808331751252888,0.9666396527569381,0.9511247443269446,1.64380551774032
hp,mu_only,42001,102.0,24,16fb938fec96b36aa2db46b17cd0ef157aa2f5d5da787b8c7419fd294343b840,0.5150127610324994,0.5340928031325114,0.9438741026165087,0.47784460988679855,0.4794629369007574,0.8370679853669,0.9928573709192978,1.0135557400332689,1.76417298362003
hp,mu_only,42002,100.5,8,01a3d08bb74adc17c6a389c0be43ba8ceb99426eed585918ac44b769c14e015e,0.5320063938918154,0.39591274850401537,0.8742795975531489,0.46934854698933676,0.4097553374348892,0.7408996536911818,1.0013549408811522,0.8056680859389045,1.6151792512443306
hp,mu_only,42002,100.5,16,01a3d08bb74adc17c6a389c0be43ba8ceb99426eed585918ac44b769c14e015e,0.4645997418205773,0.4297756029785556,0.8841481338710823,0.44690344889170475,0.4158570204573846,0.764304549070513,0.9115031907122821,0.8456326234359401,1.6373627564409434
hp,mu_only,42002,100.5,24,01a3d08bb74adc17c6a389c0be43ba8ceb99426eed585918ac44b769c14e015e,0.4836067439665935,0.6455445824157507,0.9975385654485459,0.47699909504602295,0.6427029850643577,0.8905152465046956,0.9606058390126163,1.2882475674801084,1.887200534072221
hp,mu_only,42002,102.0,8,01a3d08bb74adc17c6a389c0be43ba8ceb99426eed585918ac44b769c14e015e,0.5670986239572894,0.45172857081226386,0.8646013714563703,0.4927818065369277,0.4491087517977822,0.728805498096757,1.059880430494217,0.9008373226100461,1.5776555056374537
hp,mu_only,42002,102.0,16,01a3d08bb74adc17c6a389c0be43ba8ceb99426eed585918ac44b769c14e015e,0.5034779583683073,0.4794838411288338,0.8700623387026734,0.46292302490081083,0.47612157668628297,0.7757862697944858,0.9664009832691182,0.9556054178151169,1.6333207952736188
hp,mu_only,42002,102.0,24,01a3d08bb74adc17c6a389c0be43ba8ceb99426eed585918ac44b769c14e015e,0.5133090584412695,0.5315964914904229,0.9374254477195822,0.47992661316463936,0.48354859909189934,0.8312434154014242,0.9932356716059089,1.0151450905823223,1.7520577118299265
hp,mu_only,42003,100.5,8,aa7e14aa9392b126fa9a7e53dd2afeb392f421fb07e0df060f61e6e660c4be09,0.5351832163769441,0.39671864766123416,0.8830096641414729,0.4714940514076976,0.40611259938328526,0.7477101689238828,1.0066772677846418,0.8028312470445194,1.6307198330653556
hp,mu_only,42003,100.5,16,aa7e14aa9392b126fa9a7e53dd2afeb392f421fb07e0df060f61e6e660c4be09,0.4664209108729219,0.431167713111493,0.8926610617570164,0.4450277758638542,0.409239437769919,0.771574748998917,0.9114486867367761,0.8404071508814119,1.6528707671125429
hp,mu_only,42003,100.5,24,aa7e14aa9392b126fa9a7e53dd2afeb392f421fb07e0df060f61e6e660c4be09,0.4861162474616901,0.6518293477190471,1.0084835970984125,0.47393536040232326,0.63849784519982,0.8996430470200483,0.9600516078640133,1.290327192918867,1.9071844126212472
hp,mu_only,42003,102.0,8,aa7e14aa9392b126fa9a7e53dd2afeb392f421fb07e0df060f61e6e660c4be09,0.5755955095289106,0.45663959438692214,0.8836897777206927,0.4985314788538325,0.44187399437984426,0.7428070114395886,1.0741269883827431,0.8985135887667665,1.6102025836646456
hp,mu_only,42003,102.0,16,aa7e14aa9392b126fa9a7e53dd2afeb392f421fb07e0df060f61e6e660c4be09,0.5087641186579801,0.4807259614671988,0.8891340932299747,0.45951883178058883,0.4624263360934767,0.792149725182515,0.9682829504385688,0.9431522975606754,1.6672916410875405
hp,mu_only,42003,102.0,24,aa7e14aa9392b126fa9a7e53dd2afeb392f421fb07e0df060f61e6e660c4be09,0.5193010924055831,0.5400813550784979,0.9585369674765181,0.4741868458067818,0.4724442859261354,0.850065586035215,0.9934879382123648,1.012525641004633,1.7911713939257794
