split,method,seed,window_index,Re,start_snapshot,start_time,end_time,alpha_H_full,alpha_H_gate_only,top2_active_full,distance_to_H_joint_all_step_mean
validation,T2-C_LearnedConvexCorrection_FieldBlend,42001,0,43.797393798828125,768,1209.0301513671875,1452.5758056640625,0.9999890327453613,0.9999890327453613,True,4.980697462090891e-09
validation,T2-C_LearnedConvexCorrection_FieldBlend,42001,1,43.797393798828125,769,1213.3792724609375,1456.9248046875,0.9999967813491821,0.9999967813491821,True,1.3394594370713174e-09
validation,T2-C_LearnedConvexCorrection_FieldBlend,42001,2,43.797393798828125,770,1217.728271484375,1461.27392578125,0.9999963045120239,0.9999963045120239,True,1.526008421778538e-09
validation,T2-C_LearnedConvexCorrection_FieldBlend,42001,3,43.797393798828125,771,1222.0772705078125,1465.6229248046875,0.9999964833259583,0.9999964833259583,True,1.4671292206711585e-09
validation,T2-C_LearnedConvexCorrection_FieldBlend,42001,4,43.797393798828125,772,1226.42626953125,1469.971923828125,0.9999969601631165,0.9999969601631165,True,1.2736624771092565e-09
validation,RiskPredictionRouter,42002,0,43.797393798828125,768,1209.0301513671875,1452.5758056640625,0.9999917149543762,0.9999917149543762,True,3.779813344692248e-09
validation,RiskPredictionRouter,42002,1,43.797393798828125,769,1213.3792724609375,1456.9248046875,0.9999988675117493,0.9999988675117493,True,4.569956082663548e-10
validation,RiskPredictionRouter,42002,2,43.797393798828125,770,1217.728271484375,1461.27392578125,0.9999979138374329,0.9999979138374329,True,8.528919882361701e-10
validation,RiskPredictionRouter,42002,3,43.797393798828125,771,1222.0772705078125,1465.6229248046875,0.9999967217445374,0.9999967217445374,True,1.3688943075409209e-09
validation,RiskPredictionRouter,42002,4,43.797393798828125,772,1226.42626953125,1469.971923828125,0.9999953508377075,0.9999953508377075,True,1.9451678467139054e-09
validation,LookAheadShortRolloutRouter,42003,0,43.797393798828125,768,1209.0301513671875,1452.5758056640625,0.9999938607215881,0.9999938607215881,True,2.7973149190740488e-09
validation,LookAheadShortRolloutRouter,42003,1,43.797393798828125,769,1213.3792724609375,1456.9248046875,0.9999985694885254,0.9999985694885254,True,5.932290477136106e-10
validation,LookAheadShortRolloutRouter,42003,2,43.797393798828125,770,1217.728271484375,1461.27392578125,0.999996542930603,0.999996542930603,True,1.4213661747447404e-09
validation,LookAheadShortRolloutRouter,42003,3,43.797393798828125,771,1222.0772705078125,1465.6229248046875,0.9999939799308777,0.9999939799308777,True,2.493188247118705e-09
validation,LookAheadShortRolloutRouter,42003,4,43.797393798828125,772,1226.42626953125,1469.971923828125,0.999990701675415,0.999990701675415,True,3.8803966237282165e-09
heldout,T2-C_LearnedConvexCorrection_FieldBlend,42001,0,45.142704010009766,1087,1206.755126953125,1443.04296875,0.9539337754249573,0.9539337754249573,True,2.6669840613968362e-05
heldout,T2-C_LearnedConvexCorrection_FieldBlend,42001,1,45.142704010009766,1088,1210.974609375,1447.2623291015625,0.99812251329422,0.99812251329422,True,8.762176093392598e-07
heldout,T2-C_LearnedConvexCorrection_FieldBlend,42001,2,45.142704010009766,1089,1215.194091796875,1451.4818115234375,0.9964808821678162,0.9964808821678162,True,1.6430235838227418e-06
heldout,T2-C_LearnedConvexCorrection_FieldBlend,42001,3,45.142704010009766,1090,1219.4134521484375,1455.701171875,0.9968158602714539,0.9968158602714539,True,1.4941347437370073e-06
heldout,T2-C_LearnedConvexCorrection_FieldBlend,42001,4,45.142704010009766,1091,1223.6329345703125,1459.920654296875,0.997452437877655,0.997452437877655,True,1.1940597285846517e-06
heldout,T2-C_LearnedConvexCorrection_FieldBlend,42001,5,45.142704010009766,1092,1227.852294921875,1464.1400146484375,0.9982341527938843,0.9982341527938843,True,8.275760057733031e-07
heldout,RiskPredictionRouter,42002,0,45.142704010009766,1087,1206.755126953125,1443.04296875,0.9714027643203735,0.9714027643203735,True,1.6556246677762373e-05
heldout,RiskPredictionRouter,42002,1,45.142704010009766,1088,1210.974609375,1447.2623291015625,0.9989026784896851,0.9989026784896851,True,5.121174002329862e-07
heldout,RiskPredictionRouter,42002,2,45.142704010009766,1089,1215.194091796875,1451.4818115234375,0.9972290992736816,0.9972290992736816,True,1.293694055733703e-06
heldout,RiskPredictionRouter,42002,3,45.142704010009766,1090,1219.4134521484375,1455.701171875,0.9966952800750732,0.9966952800750732,True,1.5507366532117065e-06
heldout,RiskPredictionRouter,42002,4,45.142704010009766,1091,1223.6329345703125,1459.920654296875,0.9967230558395386,0.9967230558395386,True,1.5359109778835097e-06
heldout,RiskPredictionRouter,42002,5,45.142704010009766,1092,1227.852294921875,1464.1400146484375,0.9975376129150391,0.9975376129150391,True,1.1539941971303119e-06
heldout,LookAheadShortRolloutRouter,42003,0,45.142704010009766,1087,1206.755126953125,1443.04296875,0.961936354637146,0.961936354637146,True,2.2036801834978765e-05
heldout,LookAheadShortRolloutRouter,42003,1,45.142704010009766,1088,1210.974609375,1447.2623291015625,0.9994444251060486,0.9994444251060486,True,2.5928455568440933e-07
heldout,LookAheadShortRolloutRouter,42003,2,45.142704010009766,1089,1215.194091796875,1451.4818115234375,0.9974616169929504,0.9974616169929504,True,1.1851151407247933e-06
heldout,LookAheadShortRolloutRouter,42003,3,45.142704010009766,1090,1219.4134521484375,1455.701171875,0.9965681433677673,0.9965681433677673,True,1.6103745381116036e-06
heldout,LookAheadShortRolloutRouter,42003,4,45.142704010009766,1091,1223.6329345703125,1459.920654296875,0.9961712956428528,0.9961712956428528,True,1.7945318221913494e-06
heldout,LookAheadShortRolloutRouter,42003,5,45.142704010009766,1092,1227.852294921875,1464.1400146484375,0.9966150522232056,0.9966150522232056,True,1.5863650500689208e-06
