method,step,windows,Eu_percent,Ep_percent,Ejoint_percent
POD-Galerkin,1,12,0.45944301052981246,19.155458572232284,19.6149015827621
POD-Galerkin,2,12,0.7342375030775492,19.414816144493944,20.149053647571492
POD-Galerkin,3,12,0.9154090621499896,19.626273795070748,20.541682857220735
POD-Galerkin,4,12,1.0687444102111188,19.715855553157553,20.784599963368667
POD-Galerkin,5,12,1.2179484882767275,19.87300438238634,21.090952870663077
POD-Galerkin,6,12,1.3626951934775393,20.142815001704694,21.505510195182236
POD-Galerkin,7,12,1.5123936858649065,20.417731380713086,21.930125066577997
POD-Galerkin,8,12,1.667744346096778,20.595166540926808,22.262910887023583
POD-Galerkin,9,12,1.8276134374030402,20.829040509014188,22.656653946417226
POD-Galerkin,10,12,1.9842631865843618,21.162401334641,23.146664521225365
POD-Galerkin,11,12,2.143203084783631,21.46564314094397,23.6088462257276
POD-Galerkin,12,12,2.302797488506736,21.6725739013138,23.97537138982054
POD-Galerkin,13,12,2.4663174556530705,21.89812483572344,24.36444229137651
POD-Galerkin,14,12,2.63547194183672,22.36385602951791,24.99932797135463
POD-Galerkin,15,12,2.804690926887321,22.80335226019272,25.60804318708004
POD-Galerkin,16,12,2.9643969584184013,23.030348367680798,25.994745326099196
POD-Galerkin,17,12,3.1259354965382986,23.23666441972829,26.36259991626659
POD-Galerkin,18,12,3.2958946481716573,23.669914550379463,26.965809198551117
POD-Galerkin,19,12,3.46568566020052,24.04330670506128,27.5089923652618
POD-Galerkin,20,12,3.6239814626542812,24.139041217281136,27.763022679935414
POD-Galerkin,21,12,3.7825764240952453,24.293740143248822,28.076316567344062
POD-Galerkin,22,12,3.9527295391378705,24.664414083853725,28.617143622991588
POD-Galerkin,23,12,4.12371501292646,24.978161634512087,29.101876647438548
POD-Galerkin,24,12,4.2853195193982545,25.191385216101153,29.47670473549941
POD-Galerkin,25,12,4.449126124417432,25.498765454396402,29.947891578813827
POD-Galerkin,26,12,4.634410874389067,25.943462234604976,30.57787310899404
POD-Galerkin,27,12,4.82583869647997,26.394574137038887,31.220412833518854
POD-Galerkin,28,12,5.012927691160075,26.784465430252578,31.79739312141265
POD-Galerkin,29,12,5.1995601064584145,27.27296558471951,32.47252569117793
POD-Galerkin,30,12,5.4110246603003445,27.837840017654454,33.24886467795479
POD-Galerkin,31,12,5.6274285394721915,28.468968392937885,34.09639693241008
POD-Galerkin,32,12,5.836831816617491,29.07511070953304,34.91194252615053
POD-Galerkin,33,12,6.0413700901935385,29.769529446986823,35.810899537180354
POD-Galerkin,34,12,6.271533717352543,30.44910947001071,36.72064318736325
POD-Galerkin,35,12,6.50538441086488,31.113013243890794,37.61839765475568
POD-Galerkin,36,12,6.724548417382677,31.731969221663803,38.456517639046474
POD-Galerkin,37,12,6.931577927423414,32.387256412240674,39.31883433966409
POD-Galerkin,38,12,7.1573827939705374,32.891383879253034,40.04876667322357
POD-Galerkin,39,12,7.3856273218511035,33.368982490635965,40.75460981248707
POD-Galerkin,40,12,7.589545552903615,33.836573083268696,41.4261186361723
POD-Galerkin,41,12,7.777061973030064,34.31347384046365,42.09053581349371
POD-Galerkin,42,12,7.97954006203275,34.67148071063571,42.65102077266846
POD-Galerkin,43,12,8.193984300795025,35.00871909004701,43.20270339084203
POD-Galerkin,44,12,8.38402855521932,35.2813479061977,43.66537646141702
POD-Galerkin,45,12,8.558816849761536,35.5158483387791,44.07466518854064
POD-Galerkin,46,12,8.741266851068564,35.78064983058028,44.52191668164884
POD-Galerkin,47,12,8.943623478607146,36.09053290764714,45.03415638625429
POD-Galerkin,48,12,9.121723778488134,36.24733516781378,45.36905894630191
Dense correction,1,12,0.4030796712759972,2.340000975321182,2.743080646597179
Dense correction,2,12,0.5079874557401742,3.143979216601604,3.651966672341778
Dense correction,3,12,0.48341217673306347,3.121780512192775,3.605192688925838
Dense correction,4,12,0.5274391407902178,3.0724025613912573,3.5998417021814753
Dense correction,5,12,0.5855096022819986,3.2736589087763197,3.859168511058319
Dense correction,6,12,0.6389284675110097,3.4653607812309084,4.104289248741918
Dense correction,7,12,0.6920070295477432,3.7368383945066346,4.428845424054378
Dense correction,8,12,0.729287469599016,3.865420618724018,4.594708088323035
Dense correction,9,12,0.7632635726430922,3.9888696009610327,4.7521331736041255
Dense correction,10,12,0.8178895189223492,4.2168701598020855,5.034759678724434
Dense correction,11,12,0.8600096748050169,4.13204125136175,4.992050926166767
Dense correction,12,12,0.9801283488371669,4.453337469929617,5.433465818766784
Dense correction,13,12,1.0502782098613515,4.506979862420592,5.557258072281943
Dense correction,14,12,1.1142132064050865,4.822443274938195,5.93665648134328
Dense correction,15,12,1.1892686343157095,5.123206102166406,6.312474736482117
Dense correction,16,12,1.2358200109350057,5.558154680008582,6.793974690943588
Dense correction,17,12,1.2962081799978618,5.452238892626884,6.748447072624747
Dense correction,18,12,1.3663508636781474,5.527199331508313,6.893550195186459
Dense correction,19,12,1.4546194125712317,5.982718658852936,7.437338071424169
Dense correction,20,12,1.5855075313408264,6.568380404378327,8.153887935719153
Dense correction,21,12,1.6431378052837504,6.582027617014039,8.22516542229779
Dense correction,22,12,1.7597443649766105,7.051284701747467,8.81102906672408
Dense correction,23,12,1.9056897748884392,7.738879345978827,9.644569120867267
Dense correction,24,12,2.0073634920045524,8.189872441725674,10.197235933730227
Dense correction,25,12,2.1351032773127696,8.594189057446885,10.729292334759654
Dense correction,26,12,2.198913594555922,8.81987385884225,11.018787453398174
Dense correction,27,12,2.326441886577282,9.336857149530463,11.663299036107743
Dense correction,28,12,2.5050500644278095,9.966127275549455,12.471177339977265
Dense correction,29,12,2.5987445317925992,10.213730495588548,12.812475027381149
Dense correction,30,12,2.7681218261892133,10.73305343396458,13.501175260153795
Dense correction,31,12,2.9411876426115913,11.48467916459863,14.425866807210221
Dense correction,32,12,3.076531273324077,11.929531114793841,15.00606238811792
Dense correction,33,12,3.2240723638222515,12.423434466964581,15.647506830786837
Dense correction,34,12,3.29036993199866,12.639972925685678,15.930342857684336
Dense correction,35,12,3.458481777232766,13.273859315660317,16.732341092893083
Dense correction,36,12,3.640444552756433,13.930435921962982,17.570880474719413
Dense correction,37,12,3.764154090925521,14.348783386346499,18.112937477272023
Dense correction,38,12,3.92894030306765,14.756501288068163,18.685441591135817
Dense correction,39,12,4.0815963959961215,15.354714001609741,19.43631039760586
Dense correction,40,12,4.2102807282397015,15.904461992868058,20.11474272110776
Dense correction,41,12,4.35556879252987,16.314927530053506,20.67049632258338
Dense correction,42,12,4.473555990022121,16.692518486907804,21.16607447692992
Dense correction,43,12,4.655746499378093,17.335461621066084,21.99120812044418
Dense correction,44,12,4.807607470846183,17.928393772566476,22.736001243412662
Dense correction,45,12,4.962031657941913,18.575463971570297,23.537495629512208
Dense correction,46,12,5.154653987586008,19.100116344285354,24.25477033187136
Dense correction,47,12,5.32172857261808,19.531491025652304,24.853219598270382
Dense correction,48,12,5.45902227274112,20.115290618846064,25.574312891587184
Global MoE,1,12,0.45014407208049184,2.4428068667194425,2.892950938799934
Global MoE,2,12,0.5810833982158295,2.9315311070275363,3.512614505243366
Global MoE,3,12,0.5856919804863662,3.0138719590536005,3.599563939539967
Global MoE,4,12,0.5459201996720918,2.6699692895640545,3.2158894892361456
Global MoE,5,12,0.5381136612262788,3.0999769672653255,3.638090628491604
Global MoE,6,12,0.564968435758667,2.971668119824917,3.5366365555835837
Global MoE,7,12,0.5772512803218842,2.557594540818854,3.1348458211407384
Global MoE,8,12,0.575440750433717,2.796426222289448,3.371866972723165
Global MoE,9,12,0.5678998782155847,3.484085541109143,4.051985419324728
Global MoE,10,12,0.6021222907136227,4.338177556974316,4.940299847687938
Global MoE,11,12,0.6045976094129699,3.6255298012095483,4.230127410622519
Global MoE,12,12,0.5870338001542034,2.8831401607485123,3.4701739609027147
Global MoE,13,12,0.5856333866868422,3.1539525705421654,3.7395859572290076
Global MoE,14,12,0.5911531414457515,3.3798126199545226,3.970965761400274
Global MoE,15,12,0.6085911332816183,2.7444631027707334,3.3530542360523508
Global MoE,16,12,0.6033291390559464,2.4794699936175104,3.082799132673456
Global MoE,17,12,0.608664601227067,2.498530399991262,3.107195001218329
Global MoE,18,12,0.6668800968387743,2.903445904879895,3.5703260017186698
Global MoE,19,12,0.6474915817615315,2.709225819524501,3.356717401286033
Global MoE,20,12,0.6499705038508803,2.427345359757678,3.077315863608558
Global MoE,21,12,0.6815224452025248,2.4901404168042878,3.171662862006812
Global MoE,22,12,0.6751847667528281,2.556473562121891,3.231658328874719
Global MoE,23,12,0.7181848832194401,2.7040798966073205,3.422264779826761
Global MoE,24,12,0.7435114782027479,2.5961344437097247,3.3396459219124726
Global MoE,25,12,0.7670868739598147,2.7239060919337876,3.4909929658936023
Global MoE,26,12,0.7815302903444401,2.997563284738021,3.779093575082461
Global MoE,27,12,0.7707008911486078,3.0608079700470374,3.8315088611956463
Global MoE,28,12,0.8195484310126767,3.120409698001341,3.939958129014018
Global MoE,29,12,0.8968604110026744,3.2973095574764497,4.194169968479125
Global MoE,30,12,0.8945492184633287,3.523620460109012,4.418169678572339
Global MoE,31,12,0.9314324390625276,3.5479933787608107,4.479425817823338
Global MoE,32,12,0.9604677716822961,3.5136155896608217,4.474083361343118
Global MoE,33,12,0.9533052180728515,3.710490628181496,4.663795846254349
Global MoE,34,12,0.9692663970191729,3.7751499340704604,4.744416331089632
Global MoE,35,12,1.0157546597469915,3.7851461674099434,4.8009008271569344
Global MoE,36,12,1.085690002918119,3.9937048438835085,5.079394846801628
Global MoE,37,12,1.1286119064648992,4.21964878367997,5.348260690144869
Global MoE,38,12,1.1796058426846676,4.605895844825068,5.785501687509736
Global MoE,39,12,1.2295184879765475,4.340669575137155,5.570188063113702
Global MoE,40,12,1.2628603122699174,4.509756891869546,5.772617204139462
Global MoE,41,12,1.2952148898210878,4.909259737426632,6.204474627247719
Global MoE,42,12,1.343359774530694,5.100158765385319,6.443518539916013
Global MoE,43,12,1.391675240515454,5.001011661839274,6.392686902354726
Global MoE,44,12,1.422330858135365,5.259420487076824,6.681751345212189
Global MoE,45,12,1.4950738639988128,5.642304742225876,7.137378606224689
Global MoE,46,12,1.5345639251794694,5.793625194983757,7.328189120163226
Global MoE,47,12,1.5616452989112577,5.677214153807117,7.238859452718376
Global MoE,48,12,1.60722166055268,5.864641757783702,7.471863418336383
RAL local specialist,1,12,0.3398661864127614,1.7620414712964487,2.10190765770921
RAL local specialist,2,12,0.41204623905435933,2.0352448381967916,2.4472910772511507
RAL local specialist,3,12,0.48392499593904814,2.504946082294652,2.9888710782337005
RAL local specialist,4,12,0.454470370778542,2.4628067526814204,2.9172771234599626
RAL local specialist,5,12,0.5132784697999049,2.472159270664951,2.9854377404648553
RAL local specialist,6,12,0.5414961368478347,2.8408211848569738,3.3823173217048077
RAL local specialist,7,12,0.5795281276720444,2.890229916393365,3.469758044065409
RAL local specialist,8,12,0.5945149856297397,3.0285821167585154,3.623097102388255
RAL local specialist,9,12,0.6162688850796133,3.1295488578240036,3.745817742903617
RAL local specialist,10,12,0.5916526380448629,2.8181382071899055,3.4097908452347685
RAL local specialist,11,12,0.6282488453573973,3.028059045162292,3.6563078905196895
RAL local specialist,12,12,0.6491496926050206,3.1491960451825123,3.7983457377875323
RAL local specialist,13,12,0.6900264352042976,3.3149133816733785,4.004939816877677
RAL local specialist,14,12,0.734485805956519,3.4878957525969376,4.222381558553455
RAL local specialist,15,12,0.7512514443987498,3.633901225075076,4.385152669473826
RAL local specialist,16,12,0.7534957195268551,3.5069047280104595,4.260400447537315
RAL local specialist,17,12,0.7834792438846403,3.5026769177153536,4.286156161599995
RAL local specialist,18,12,0.8026663788653453,3.624366641652131,4.427033020517476
RAL local specialist,19,12,0.8088966252565188,3.6182342174905977,4.427130842747117
RAL local specialist,20,12,0.8455016919007604,3.621671495987996,4.467173187888757
RAL local specialist,21,12,0.8828197550446374,3.7187847814075483,4.601604536452186
RAL local specialist,22,12,0.9135611431420764,3.9827696845851555,4.896330827727232
RAL local specialist,23,12,0.9504808905414288,4.240419632854465,5.190900523395893
RAL local specialist,24,12,1.0137958573186812,4.3502509620148375,5.364046819333519
RAL local specialist,25,12,1.0544589322083453,4.412364237644256,5.466823169852602
RAL local specialist,26,12,1.111080321031486,4.721424920734851,5.832505241766338
RAL local specialist,27,12,1.1156144274714046,4.688953464563506,5.80456789203491
RAL local specialist,28,12,1.1570320874189772,4.666800579806379,5.823832667225357
RAL local specialist,29,12,1.181830563459063,4.8063973699159135,5.988227933374975
RAL local specialist,30,12,1.2079273631927967,5.037288651240127,6.245216014432923
RAL local specialist,31,12,1.2636832402030755,5.232468475330761,6.496151715533838
RAL local specialist,32,12,1.2631779964946308,5.166162148483941,6.429340144978571
RAL local specialist,33,12,1.2980866416241428,5.240160733824053,6.5382473754481945
RAL local specialist,34,12,1.3677995641136365,5.503913583172458,6.871713147286093
RAL local specialist,35,12,1.3803246942122838,5.5963762963975805,6.976700990609863
RAL local specialist,36,12,1.3851815383267825,5.592758605936516,6.977940144263299
RAL local specialist,37,12,1.4131821842067172,5.773090215408037,7.1862723996147535
RAL local specialist,38,12,1.4725305780378068,6.120425891464265,7.592956469502073
RAL local specialist,39,12,1.5454731108799467,6.320595931920654,7.8660690428006
RAL local specialist,40,12,1.5585196264746273,6.3333529970142886,7.891872623488916
RAL local specialist,41,12,1.6056355014276853,6.438363486570357,8.043998987998043
RAL local specialist,42,12,1.6513191510969012,6.588350152559215,8.239669303656116
RAL local specialist,43,12,1.725062378541579,6.752149202460822,8.4772115810024
RAL local specialist,44,12,1.7434521245392967,6.838357631127766,8.581809755667061
RAL local specialist,45,12,1.7714967728707116,6.976011471430941,8.747508244301654
RAL local specialist,46,12,1.805160383659225,7.1373332250586445,8.94249360871787
RAL local specialist,47,12,1.8916043579085626,7.325356525403904,9.216960883312465
RAL local specialist,48,12,1.9351683396277555,7.42751624724691,9.362684586874664
