测试 Re,方法,时域/误差空间,速度误差,压力误差,RMS 振幅,峰峰值,频率误差,相位误差,末周期漂移,轨道距离,finite/发散窗,Strict
100.352249,Proposed Specialist MoE,K48 / 物理场,0.3972%,1.7083%,0.4335%,0.1580%,0.1366%,0.0223,-0.0088,2.4061%,1.000 / 0,PASS
100.352249,Vanilla-FNN-MoE,K48 / 物理场,1.0393%,3.9659%,1.3306%,1.1235%,0.3158%,0.0794,0.0137,3.3292%,1.000 / 0,PASS
100.352249,DataOnly-MoE,K48 / 物理场,0.7633%,2.7966%,—,—,—,—,—,—,1.000 / 0,N/A：未运行周期 strict evaluator
100.352249,Global MoE†,K24 / POD 系数域†,2.8343%,3.6636%,0.9267%,—,0.7457%,0.0159,—,—,—,N/A：时域与 strict 定义不同
149.059235,Proposed Specialist MoE,K48 / 物理场,0.3809%,1.6825%,0.5809%,0.5302%,0.1320%,0.0229,0.0029,2.7589%,1.000 / 0,PASS
149.059235,Vanilla-FNN-MoE,K48 / 物理场,2.1460%,8.2360%,1.5512%,0.7637%,0.9201%,0.1865,-0.0513,6.6541%,1.000 / 0,FAIL
149.059235,DataOnly-MoE,K48 / 物理场,0.8276%,2.2308%,—,—,—,—,—,—,1.000 / 0,N/A：未运行周期 strict evaluator
149.059235,Global MoE†,K24 / POD 系数域†,2.5471%,3.2347%,0.7537%,—,0.5134%,0.0093,—,—,—,N/A：时域与 strict 定义不同
189.862274,Proposed Specialist MoE,K48 / 物理场,1.1274%,4.4272%,0.8792%,1.5040%,0.3816%,0.0702,-0.0241,4.4317%,1.000 / 0,PASS
189.862274,Vanilla-FNN-MoE,K48 / 物理场,2.5746%,12.4765%,4.6511%,3.0524%,0.7024%,0.1443,0.0450,9.1529%,1.000 / 0,FAIL
189.862274,DataOnly-MoE,K48 / 物理场,0.6416%,1.3018%,—,—,—,—,—,—,1.000 / 0,N/A：未运行周期 strict evaluator
189.862274,Global MoE†,K24 / POD 系数域†,4.1608%,5.0987%,1.2367%,—,0.7290%,0.0132,—,—,—,N/A：时域与 strict 定义不同
