流态,方法,测试 Re,长时域,误差空间,速度误差,压力误差,联合误差,worst,finite,发散窗
Steady,DataOnly-MoE,"24.630436, 32.740068, 39.685479（共同可评估集）",K56,面积加权物理场,0.2569%,14368.8903%,7184.5736%,13637.9888%,1.000,3
Steady,Proposed Specialist MoE,"24.630436, 32.740068, 39.685479（共同可评估集）",K56,面积加权物理场,0.1370%,8.3817%,4.2593%,9.4299%,1.000,0
Steady,Vanilla-FNN-MoE,"24.630436, 32.740068, 39.685479（共同可评估集）",K56,面积加权物理场,0.0890%,4.1482%,2.1186%,3.8043%,1.000,0
Steady,Global MoE†,"24.630436, 32.740067, 39.685478",K24,POD 系数域†,22.4582%,46.6276%,34.5429%,—,—,—
Hopf,DataOnly-MoE,"47.081356, 49.022357, 51.786450",K56,面积加权物理场,0.2204%,1408.8483%,704.5344%,791.9889%,1.000,39
Hopf,Proposed Specialist MoE,"47.081356, 49.022357, 51.786450",K56,面积加权物理场,0.0127%,0.1697%,0.0912%,0.2305%,1.000,0
Hopf,Vanilla-FNN-MoE,"47.081356, 49.022357, 51.786450",K56,面积加权物理场,验证失败，未开放 test,—,—,—,—,—
Hopf,Global MoE†,"47.081356, 49.022358, 51.786449",K24,POD 系数域†,49.5338%,46.2694%,47.9016%,—,—,—
Periodic,DataOnly-MoE,"70.314635, 100.352251, 149.059229, 189.862278",K48,面积加权物理场,1.0107%,4.2341%,2.6224%,6.2089%,1.000,0
Periodic,Proposed Specialist MoE,"70.314635, 100.352251, 149.059229, 189.862278",K48,面积加权物理场,0.8132%,3.4445%,2.1289%,3.6537%,1.000,0
Periodic,Vanilla-FNN-MoE,"70.314635, 100.352251, 149.059229, 189.862278",K48,面积加权物理场,2.2109%,9.5010%,5.8559%,8.2047%,1.000,0
Periodic,Global MoE†,"70.314636, 100.352249, 149.059235, 189.862274",K24,POD 系数域†,4.9334%,6.1781%,5.5557%,—,—,—
