overlap,method,Re,K,windows,alpha_mean,alpha_std,alpha_min,alpha_max,Eu_window_mean,Eu_terminal,Eu_mean_window_max,Ep_window_mean,Ep_terminal,Ep_mean_window_max,Ejoint_window_mean,Ejoint_terminal,Ejoint_mean_window_max,squared_objective
SH,candidate_1,95.1,8,8,1.0,0.0,1.0,1.0,1.3936694137350836,1.6911807296242647,1.8194753752290835,1.9538406303010278,1.7084466602940238,2.8115589248350146,3.3475100440361114,3.399627389918289,4.37339413120443,0.0009294380331666949
SH,candidate_1,95.1,16,8,1.0,0.0,1.0,1.0,1.6777494891563232,2.213868683418404,2.3878912161767447,1.821458483827524,1.9035442165160354,2.909213809024678,3.4992079729838474,4.11741289993444,5.244556164770917,0.0008066366126497335
SH,candidate_1,95.1,24,8,1.0,0.0,1.0,1.0,1.9337634667493269,2.5901170381212735,2.675854172453737,1.9086664277941363,2.231838339934903,3.2204462378168577,3.842429894543463,4.821955378056177,5.836118631163361,0.0008857692843109262
SH,candidate_1,95.3,8,8,1.0,0.0,1.0,1.0,1.4030331920791137,1.7012371282848329,1.8303865992047648,1.9897803964196,1.739220004792074,2.8229200941410717,3.392813588498714,3.440457133076907,4.409517622936738,0.0009522158766262645
SH,candidate_1,95.3,16,8,1.0,0.0,1.0,1.0,1.6891027607717342,2.231165355828587,2.407371244219858,1.8546665762343935,1.987998390583075,3.004308107018346,3.5437693370061276,4.219163746411661,5.357138218290173,0.0008260929244348771
SH,candidate_1,95.3,24,8,1.0,0.0,1.0,1.0,1.944074674901736,2.6050587777301253,2.691827863749232,1.939125826756057,2.2582558727540496,3.2576699366042075,3.883200501657793,4.863314650484175,5.891209965729109,0.0009034121097675103
SH,candidate_2,95.1,8,8,0.0,0.0,0.0,0.0,0.5939433290353479,0.5303021525577515,0.6620416632598043,0.8741480103612104,0.941667530124611,0.953068145891585,1.4680913393965582,1.4719696826823623,1.5513753313846896,0.0004723639133308641
SH,candidate_2,95.1,16,8,0.0,0.0,0.0,0.0,0.5510519847702438,0.4913336449077598,0.676765293594748,0.9401841026278293,1.1305837368073843,1.1305837368073843,1.4912360873980732,1.621917381715144,1.6314934281484972,0.0004892583787283303
SH,candidate_2,95.1,24,8,0.0,0.0,0.0,0.0,0.5343179210214114,0.48969338012889596,0.7111828550677043,1.0289273666130636,1.2243199744628126,1.2773944994048807,1.563245287634475,1.7140133545917084,1.7857454007371834,0.0005526418808948032
SH,candidate_2,95.3,8,8,0.0,0.0,0.0,0.0,0.5911900243297833,0.5312249071965195,0.6608813979636405,0.8794467416240743,0.9530279476309944,0.9608557391947,1.4706367659538575,1.4842528548275138,1.5571113725079981,0.0004712763699716661
SH,candidate_2,95.3,16,8,0.0,0.0,0.0,0.0,0.5511639277947872,0.4925516744635899,0.6845753848112318,0.9710304198546367,1.1575901667957065,1.1575901667957065,1.5221943476494237,1.6501418412592965,1.6648092145773623,0.0005149004078670964
SH,candidate_2,95.3,24,8,0.0,0.0,0.0,0.0,0.5366125978558003,0.49871914171077314,0.718694073276823,1.0573943827399859,1.2468664483711518,1.3017874452125326,1.5940069805957862,1.7455855900819248,1.8156732817430323,0.0005746299039294582
SH,E2_Top1,95.1,8,8,0.0,0.0,0.0,0.0,0.5939433290353479,0.5303021525577515,0.6620416632598043,0.8741480103612104,0.941667530124611,0.953068145891585,1.4680913393965582,1.4719696826823623,1.5513753313846896,0.0004723639133308641
SH,E2_Top1,95.1,16,8,0.0,0.0,0.0,0.0,0.5510519847702438,0.4913336449077598,0.676765293594748,0.9401841026278293,1.1305837368073843,1.1305837368073843,1.4912360873980732,1.621917381715144,1.6314934281484972,0.0004892583787283303
SH,E2_Top1,95.1,24,8,0.0,0.0,0.0,0.0,0.5343179210214114,0.48969338012889596,0.7111828550677043,1.0289273666130636,1.2243199744628126,1.2773944994048807,1.563245287634475,1.7140133545917084,1.7857454007371834,0.0005526418808948032
SH,E2_Top1,95.3,8,8,0.0,0.0,0.0,0.0,0.5911900243297833,0.5312249071965195,0.6608813979636405,0.8794467416240743,0.9530279476309944,0.9608557391947,1.4706367659538575,1.4842528548275138,1.5571113725079981,0.0004712763699716661
SH,E2_Top1,95.3,16,8,0.0,0.0,0.0,0.0,0.5511639277947872,0.4925516744635899,0.6845753848112318,0.9710304198546367,1.1575901667957065,1.1575901667957065,1.5221943476494237,1.6501418412592965,1.6648092145773623,0.0005149004078670964
SH,E2_Top1,95.3,24,8,0.0,0.0,0.0,0.0,0.5366125978558003,0.49871914171077314,0.718694073276823,1.0573943827399859,1.2468664483711518,1.3017874452125326,1.5940069805957862,1.7455855900819248,1.8156732817430323,0.0005746299039294582
SH,Equal,95.1,8,8,0.5,0.0,0.5,0.5,0.7002416734418498,0.9097814847372562,0.9470638873089043,1.2748549573028003,1.254471102187843,1.7897979923984264,1.97509663074465,2.164252586925099,2.6391601266003417,0.0004600114092545803
SH,Equal,95.1,16,8,0.5,0.0,0.5,0.5,0.8680647540197486,1.186513333643489,1.233563066094967,1.2445096945793064,1.463800483748994,1.895874275360803,2.112574448599055,2.650313817392483,3.1294373414557706,0.00038701374110254344
SH,Equal,95.1,24,8,0.5,0.0,0.5,0.5,1.0100088469354378,1.3596311244902686,1.3791017781587809,1.3575773487465497,1.6554861340962082,2.0684160282780057,2.3675861956819877,3.0151172585864767,3.4401927795290375,0.00043055135491451335
SH,Equal,95.3,8,8,0.5,0.0,0.5,0.5,0.7055396122786891,0.9164706216650809,0.9536584546421448,1.2953167512877002,1.2766692781148454,1.7984891521566593,2.000856363566389,2.1931398997799265,2.665410426100224,0.000467029618996043
SH,Equal,95.3,16,8,0.5,0.0,0.5,0.5,0.8748295426823948,1.1965505451218952,1.2441848613959225,1.2756999452923403,1.5173826236035515,1.9465077746634698,2.150529487974735,2.713933168725447,3.190692636059393,0.0003998905505316916
SH,Equal,95.3,24,8,0.5,0.0,0.5,0.5,1.0164937739597473,1.369171183234445,1.388541501720153,1.3857792324202682,1.6798257112833783,2.0869946642839974,2.4022730063800157,3.0489968945178236,3.471274074345057,0.00044274128858184226
SH,E2_probability,95.1,8,8,0.24609844386577606,0.0,0.24609844386577606,0.24609844386577606,0.5574604477473191,0.6199180157789509,0.6567350052502154,1.0103076646425653,1.0553967638926554,1.2920582286981461,1.5677681123898841,1.6753147796716061,1.916977832289704,0.00040607631806834044
SH,E2_probability,95.1,16,8,0.24609844386577606,0.0,0.24609844386577606,0.24609844386577606,0.6148440131672166,0.7352164693042722,0.7954454097941659,1.0401623850867767,1.2592523011472823,1.4029501980717611,1.6550063982539935,1.9944687704515547,2.198395607865927,0.0003737163276148603
SH,E2_probability,95.1,24,8,0.24609844386577606,0.0,0.24609844386577606,0.24609844386577606,0.6699993826536715,0.8032540896540588,0.8702624670895013,1.1443126074619814,1.3910616934501525,1.5085221568536569,1.8143119901156533,2.1943157831042113,2.372774896975848,0.0004204033138717601
SH,E2_probability,95.3,8,8,0.2288614809513092,0.0,0.2288614809513092,0.2288614809513092,0.5540169750685149,0.6082456727448697,0.6453624551321409,1.0078461148487152,1.0610460299999138,1.2691423417389691,1.5618630899172303,1.6692917027447836,1.889170514668931,0.00040859083721750324
SH,E2_probability,95.3,16,8,0.2288614809513092,0.0,0.2288614809513092,0.2288614809513092,0.6050065838256267,0.7132924777890719,0.7751708876580146,1.0597108291258401,1.2844415538474157,1.39831438026008,1.6647174129514668,1.9977340316364876,2.1734852679180943,0.0003950899296406179
SH,E2_probability,95.3,24,8,0.2288614809513092,0.0,0.2288614809513092,0.2288614809513092,0.6547044179584339,0.776431036721636,0.8468328741596534,1.1599734589319664,1.3986880715823782,1.4818355511498544,1.8146778768904006,2.1751191083040142,2.324839653392462,0.000440721121800113
SH,Constant_alpha_train,95.1,8,8,0.3578505549623222,0.0,0.3578505549623222,0.3578505549623222,0.606648158134312,0.738054308655296,0.7729592362989796,1.1172673857746895,1.1386994939270862,1.5071458531825563,1.7239155439090013,1.8767538025823822,2.21732018470565,0.0004145086826882468
SH,Constant_alpha_train,95.1,16,8,0.3578505549623222,0.0,0.3578505549623222,0.3578505549623222,0.7160273629801367,0.9272989643264704,0.9777502691814772,1.1230430944319485,1.3459403406044275,1.616147002712848,1.8390704574120853,2.273239304930898,2.5938972718943254,0.00036298879611353123
SH,Constant_alpha_train,95.1,24,8,0.3578505549623222,0.0,0.3578505549623222,0.3578505549623222,0.8101304433853258,1.0396582765352909,1.0833371793922977,1.2322334547018536,1.5031428682477352,1.750551953106629,2.0423638980871797,2.5428011447830263,2.8273818246138447,0.0004065282052695415
SH,Constant_alpha_train,95.3,8,8,0.3578505549623222,0.0,0.3578505549623222,0.3578505549623222,0.6103963271047959,0.7437050646292229,0.7784168111221205,1.1333132413598024,1.1585002496126364,1.515200176670945,1.7437095684645985,1.9022053142418593,2.239133750000538,0.0004184437566752165
SH,Constant_alpha_train,95.3,16,8,0.3578505549623222,0.0,0.3578505549623222,0.3578505549623222,0.721377879980417,0.9354081737209304,0.985932844907196,1.1540808060343504,1.3910746642712262,1.654429202566098,1.8754586860147673,2.3264828379921565,2.6403620474732943,0.00037752667871970564
SH,Constant_alpha_train,95.3,24,8,0.3578505549623222,0.0,0.3578505549623222,0.3578505549623222,0.8155637995297655,1.0480288122604096,1.091408426694916,1.260246170451879,1.527211450127036,1.7644039199704813,2.075809969981645,2.5752402623874455,2.851705779339448,0.00041995214318668177
SH,Constant_logit_train,95.1,8,8,0.3478357125713236,0.0,0.3478357125713236,0.3478357125713236,0.6014036245693468,0.7267949786485655,0.7617487821809144,1.1070224286894215,1.1308909789404886,1.4875325551628997,1.708426053258768,1.857685957589054,2.1890401329103746,0.00041277125081505236
SH,Constant_logit_train,95.1,16,8,0.3478357125713236,0.0,0.3478357125713236,0.3478357125713236,0.7062868610093354,0.9095973668967128,0.9607095797576628,1.1151147838499713,1.337895086880031,1.5967348551940086,1.8214016448593067,2.247492453776744,2.5574444349516714,0.0003628867179800539
SH,Constant_logit_train,95.1,24,8,0.3478357125713236,0.0,0.3478357125713236,0.3478357125713236,0.7969231898132332,1.0178369000158902,1.06350672807487,1.2239182083630056,1.4927452078218937,1.7285194744518386,2.020841398176239,2.510582107837784,2.7855818509022345,0.0004065952266894912
SH,Constant_logit_train,95.3,8,8,0.32655957242549044,0.0,0.32655957242549044,0.32655957242549044,0.5941731250621318,0.708704770670441,0.743640495417077,1.1007987751377621,1.1337657625192272,1.4539681017169277,1.694971900199894,1.8424705331896685,2.1504705569510953,0.0004130611036071407
SH,Constant_logit_train,95.3,16,8,0.32655957242549044,0.0,0.32655957242549044,0.32655957242549044,0.6910410968375791,0.8799566806421599,0.9326068281464299,1.1295987321191563,1.3642699652850172,1.591269322740505,1.8206398289567354,2.2442266459271774,2.523876150886935,0.0003784782275374076
SH,Constant_logit_train,95.3,24,8,0.32655957242549044,0.0,0.32655957242549044,0.32655957242549044,0.774472744959582,0.9800302893112456,1.029689461422186,1.2345142240661324,1.4948769749387396,1.6946746776135884,2.0089869690257145,2.4749072642499854,2.720340011135659,0.00042136741268420584
SH,Validation_fixed_candidate,95.1,8,8,0.0,0.0,0.0,0.0,0.5939433290353479,0.5303021525577515,0.6620416632598043,0.8741480103612104,0.941667530124611,0.953068145891585,1.4680913393965582,1.4719696826823623,1.5513753313846896,0.0004723639133308641
SH,Validation_fixed_candidate,95.1,16,8,0.0,0.0,0.0,0.0,0.5510519847702438,0.4913336449077598,0.676765293594748,0.9401841026278293,1.1305837368073843,1.1305837368073843,1.4912360873980732,1.621917381715144,1.6314934281484972,0.0004892583787283303
SH,Validation_fixed_candidate,95.1,24,8,0.0,0.0,0.0,0.0,0.5343179210214114,0.48969338012889596,0.7111828550677043,1.0289273666130636,1.2243199744628126,1.2773944994048807,1.563245287634475,1.7140133545917084,1.7857454007371834,0.0005526418808948032
SH,Validation_fixed_candidate,95.3,8,8,0.0,0.0,0.0,0.0,0.5911900243297833,0.5312249071965195,0.6608813979636405,0.8794467416240743,0.9530279476309944,0.9608557391947,1.4706367659538575,1.4842528548275138,1.5571113725079981,0.0004712763699716661
SH,Validation_fixed_candidate,95.3,16,8,0.0,0.0,0.0,0.0,0.5511639277947872,0.4925516744635899,0.6845753848112318,0.9710304198546367,1.1575901667957065,1.1575901667957065,1.5221943476494237,1.6501418412592965,1.6648092145773623,0.0005149004078670964
SH,Validation_fixed_candidate,95.3,24,8,0.0,0.0,0.0,0.0,0.5366125978558003,0.49871914171077314,0.718694073276823,1.0573943827399859,1.2468664483711518,1.3017874452125326,1.5940069805957862,1.7455855900819248,1.8156732817430323,0.0005746299039294582
SH,T2C_frozen,95.1,8,8,0.09671247750520706,0.2551610469818115,2.1023155568400398e-05,0.7718048691749573,0.3972195412808667,0.3772085440185529,0.448863282592186,0.9034353935580888,0.7062275889928448,1.3365660864840643,1.3006549348389553,1.0834361330113977,1.7691217166196962,0.0004643125509328501
SH,T2C_frozen,95.1,16,8,0.09671247750520706,0.2551610469818115,2.1023155568400398e-05,0.7718048691749573,0.35901290655232193,0.3632641075486135,0.4635545392994007,0.7149077267521755,0.6556669161590412,1.3992231485754034,1.0739206333044973,1.0189310237076548,1.847845977355473,0.00027103952014673085
SH,T2C_frozen,95.1,24,8,0.09671247750520706,0.2551610469818115,2.1023155568400398e-05,0.7718048691749573,0.38104480426819215,0.4558869899406132,0.4979680786531369,0.7040371805536866,0.7267655266397527,1.4510888388251395,1.0850819848218787,1.1826525165803659,1.9308292540642458,0.00022896115789625693
SH,T2C_frozen,95.3,8,8,0.09712471067905426,0.2566649615764618,8.066358532232698e-06,0.776196300983429,0.3976643753669572,0.38056602139044515,0.45105554168889156,0.9181111865035325,0.722465297118658,1.3624321674011415,1.31577556187049,1.1030313185091032,1.798870173782483,0.0004755675401147002
SH,T2C_frozen,95.3,16,8,0.09712471067905426,0.2566649615764618,8.066358532232698e-06,0.776196300983429,0.3611724324315765,0.3647980925360638,0.4747370688813558,0.7313907762761643,0.676913705244641,1.4301277523935245,1.0925632087077408,1.0417117977807049,1.8876278164600184,0.00027852529492238817
SH,T2C_frozen,95.3,24,8,0.09712471067905426,0.2566649615764618,8.066358532232698e-06,0.776196300983429,0.3851714977981422,0.46713291694556136,0.5088541437599825,0.7204831131247734,0.7418962379548922,1.4821375123426315,1.1056546109229155,1.2090291549004535,1.970254437617747,0.00023501317746161678
HP,candidate_1,100.5,8,8,1.0,0.0,1.0,1.0,0.5734027398444295,0.4190447920317153,0.965451610295085,0.5004374246905505,0.38188885947396134,0.8180034232664837,1.07384016453498,0.8009336515056766,1.7791467657793292,7.897871420399678e-05
HP,candidate_1,100.5,16,8,1.0,0.0,1.0,1.0,0.49479685572642146,0.4556757699304559,0.9734239380933123,0.4414576455147997,0.39478699759402225,0.8458423371790095,0.9362545012412211,0.850462767524478,1.8042398281575036,5.712081258997054e-05
HP,candidate_1,100.5,24,8,1.0,0.0,1.0,1.0,0.5207819630736347,0.7171747863454441,1.109973776459306,0.47295228038727855,0.6525198184006151,0.9897315840816167,0.9937342434609132,1.3696946047460592,2.0937147376410397,6.210903415047238e-05
HP,candidate_1,102.0,8,8,1.0,0.0,1.0,1.0,0.601859302449772,0.4766494379672852,0.9331326718840627,0.5187605110246837,0.42988267279280346,0.7802131933613736,1.1206198134744558,0.9065321107600887,1.6957371995322148,8.232490346840951e-05
HP,candidate_1,102.0,16,8,1.0,0.0,1.0,1.0,0.5287773936103726,0.4909698835190903,0.9392507233397762,0.4616344856316412,0.4704208026879001,0.8352481522579436,0.9904118792420138,0.9613906862069905,1.7564293615320565,6.188957231679495e-05
HP,candidate_1,102.0,24,8,1.0,0.0,1.0,1.0,0.5412290074830629,0.5668268323636296,1.0134278681866875,0.4786572019159779,0.4793666901565866,0.8989672760798683,1.0198862093990408,1.0461935225202161,1.8923109283248745,6.435708751957973e-05
HP,candidate_2,100.5,8,8,0.0,0.0,0.0,0.0,0.9620726949972513,0.8540475989230554,1.1356984103983878,1.0199820850764163,1.1454706299133481,1.194043968698389,1.9820547800736676,1.9995182288364035,2.219920040097022,0.0005643932884944162
HP,candidate_2,100.5,16,8,0.0,0.0,0.0,0.0,0.924987615727332,0.8946513350501796,1.1647682981458671,1.2090852676072557,1.504269857522329,1.5524986508822876,2.1340728833345874,2.3989211925725087,2.493798342306026,0.0007431276646898407
HP,candidate_2,100.5,24,8,0.0,0.0,0.0,0.0,0.9114077095458167,0.9175025377075653,1.2261122020777133,1.3535030400412156,1.7310017350710976,1.781574000417292,2.2649107495870324,2.6485042727786627,2.7604568388698447,0.0009140618264743667
HP,candidate_2,102.0,8,8,0.0,0.0,0.0,0.0,1.1732532927783519,1.0217588774020232,1.4074950553468812,1.2527194329265892,1.382680392149366,1.3988311527526052,2.425972725704941,2.404439269551389,2.6930823018864802,0.000664554901658251
HP,candidate_2,102.0,16,8,0.0,0.0,0.0,0.0,1.1357665591171293,1.1221246032873191,1.459955877068455,1.4458300407774367,1.8071691723859287,1.8225953397918837,2.581596599894566,2.929293775673248,3.0003907364106563,0.0008307138894099662
HP,candidate_2,102.0,24,8,0.0,0.0,0.0,0.0,1.131932056194374,1.0892916319039672,1.503417335409635,1.604754903376491,2.005838735866418,2.073597235462371,2.7366869595708656,3.095130367770385,3.2853548578407867,0.0010051467165874677
HP,E2_Top1,100.5,8,8,0.0,0.0,0.0,0.0,0.9620726949972513,0.8540475989230554,1.1356984103983878,1.0199820850764163,1.1454706299133481,1.194043968698389,1.9820547800736676,1.9995182288364035,2.219920040097022,0.0005643932884944162
HP,E2_Top1,100.5,16,8,0.0,0.0,0.0,0.0,0.924987615727332,0.8946513350501796,1.1647682981458671,1.2090852676072557,1.504269857522329,1.5524986508822876,2.1340728833345874,2.3989211925725087,2.493798342306026,0.0007431276646898407
HP,E2_Top1,100.5,24,8,0.0,0.0,0.0,0.0,0.9114077095458167,0.9175025377075653,1.2261122020777133,1.3535030400412156,1.7310017350710976,1.781574000417292,2.2649107495870324,2.6485042727786627,2.7604568388698447,0.0009140618264743667
HP,E2_Top1,102.0,8,8,1.0,0.0,1.0,1.0,0.601859302449772,0.4766494379672852,0.9331326718840627,0.5187605110246837,0.42988267279280346,0.7802131933613736,1.1206198134744558,0.9065321107600887,1.6957371995322148,8.232490346840951e-05
HP,E2_Top1,102.0,16,8,1.0,0.0,1.0,1.0,0.5287773936103726,0.4909698835190903,0.9392507233397762,0.4616344856316412,0.4704208026879001,0.8352481522579436,0.9904118792420138,0.9613906862069905,1.7564293615320565,6.188957231679495e-05
HP,E2_Top1,102.0,24,8,1.0,0.0,1.0,1.0,0.5412290074830629,0.5668268323636296,1.0134278681866875,0.4786572019159779,0.4793666901565866,0.8989672760798683,1.0198862093990408,1.0461935225202161,1.8923109283248745,6.435708751957973e-05
HP,Equal,100.5,8,8,0.5,0.0,0.5,0.5,0.5865629801248988,0.49598096638866507,0.7669902483087884,0.5831728388765354,0.6408222292774668,0.7619706180605887,1.169735819001434,1.1368031956661317,1.4621799444909174,0.0001543851277419301
HP,Equal,100.5,16,8,0.5,0.0,0.5,0.5,0.5473753787865291,0.5143027019995513,0.7792555210811074,0.6713471304644532,0.7951864535764512,0.9030886288439693,1.2187225092509824,1.3094891555760027,1.5983963969317112,0.000200728146602863
HP,Equal,100.5,24,8,0.5,0.0,0.5,0.5,0.5392141454388429,0.5815159008060847,0.8331169637523503,0.74371847332586,0.9665203581132877,1.0569751024187308,1.282932618764703,1.5480362589193724,1.752557373647909,0.00023889417386090684
HP,Equal,102.0,8,8,0.5,0.0,0.5,0.5,0.6735528616164106,0.5753714004816459,0.8455048356244124,0.6828865252914599,0.7651312423744973,0.8090682052782037,1.3564393869078706,1.3405026428561433,1.5883267817946063,0.0001790348994464817
HP,Equal,102.0,16,8,0.5,0.0,0.5,0.5,0.6449414646756099,0.6575423619959965,0.8870126797859011,0.7789966626819692,0.9750724306445155,0.9984787782186992,1.4239381273575789,1.6326147926405121,1.7487340719761997,0.0002225580317053861
HP,Equal,102.0,24,8,0.5,0.0,0.5,0.5,0.6448043694665492,0.6339735323893825,0.913227130416817,0.8582839436779531,1.0472440769989961,1.1338246446691043,1.5030883131445023,1.6812176093883786,1.8804731096490497,0.0002631712897178441
HP,E2_probability,100.5,8,8,0.38593795895576477,0.0,0.38593795895576477,0.38593795895576477,0.6504184355385115,0.5600140010868622,0.8073937430969846,0.6638124571576902,0.7383940714826123,0.8250394533168848,1.3142308926962016,1.2984080725694742,1.555739635149906,0.00021845895564256577
HP,E2_probability,100.5,16,8,0.38593795895576477,0.0,0.38593795895576477,0.38593795895576477,0.6138789751950204,0.5815061453499233,0.8193299966217387,0.7759343734385835,0.9379847710292322,1.0047270964003672,1.389813348633604,1.5194909163791555,1.712642208550738,0.00028935219813879025
HP,E2_probability,100.5,24,8,0.38593795895576477,0.0,0.38593795895576477,0.38593795895576477,0.6002689580246029,0.6180363037958505,0.863678996625048,0.8599858401431755,1.1007448596087364,1.1673004900959227,1.4602547981677783,1.7187811634045869,1.8787925729179886,0.0003490377322207189
HP,E2_probability,102.0,8,8,0.533687949180603,0.0,0.533687949180603,0.533687949180603,0.6501103710412297,0.5544105790853658,0.8207335834465529,0.6527096244391373,0.7305987393321,0.7827936191949683,1.3028199954803665,1.2850093184174658,1.5403608433059377,0.000160303264374278
HP,E2_probability,102.0,16,8,0.533687949180603,0.0,0.533687949180603,0.533687949180603,0.6207467394393034,0.6333344406056274,0.859419338822734,0.7415398334819673,0.9261712641710916,0.9558818280578527,1.3622865729212705,1.559505704776719,1.6905542733186758,0.0001976735994104203
HP,E2_probability,102.0,24,8,0.533687949180603,0.0,0.533687949180603,0.533687949180603,0.6213572944027664,0.6127556412520001,0.8880795024698968,0.8161651031424823,0.992144569723203,1.083058981909216,1.4375223975452487,1.604900210975203,1.8138262927898021,0.00023271085390910232
HP,Constant_alpha_train,100.5,8,8,0.928683495425285,0.0,0.928683495425285,0.928683495425285,0.5399007525929904,0.39829250498125934,0.8951422715059698,0.47480775188368396,0.40138139032300657,0.7572376206134539,1.0147085044766744,0.7996738953042659,1.652379892119424,6.927512914049011e-05
HP,Constant_alpha_train,100.5,16,8,0.928683495425285,0.0,0.928683495425285,0.928683495425285,0.46930599442534054,0.4334508023113889,0.9045039192220825,0.4428255325690905,0.4007605178771937,0.7817255267496801,0.912131526994431,0.8342113201885826,1.6744903879871662,5.322004320661799e-05
HP,Constant_alpha_train,100.5,24,8,0.928683495425285,0.0,0.928683495425285,0.928683495425285,0.4899510873025483,0.6608031392417516,1.0236145350195662,0.4702715771618095,0.6338147722044353,0.9123017338126794,0.9602226644643578,1.2946179114461869,1.9348546537203264,5.685112244310043e-05
HP,Constant_alpha_train,102.0,8,8,0.928683495425285,0.0,0.928683495425285,0.928683495425285,0.5669808095996455,0.45166791507761533,0.8643187677990174,0.4927067574286822,0.44922752234512037,0.7286004111848597,1.0596875670283277,0.9008954374227357,1.5771760463278097,7.234538008374676e-05
HP,Constant_alpha_train,102.0,16,8,0.928683495425285,0.0,0.928683495425285,0.928683495425285,0.5034100715422392,0.4794766977209642,0.8697849993242945,0.462987296647438,0.47635563165313755,0.775545320583742,0.9663973681896773,0.9558323293741017,1.6328200764357714,5.7444842103384895e-05
HP,Constant_alpha_train,102.0,24,8,0.928683495425285,0.0,0.928683495425285,0.928683495425285,0.5132309977862827,0.5314801843648265,0.9371168263485739,0.4800327385422028,0.483757532308699,0.8309648664279867,0.9932637363284856,1.0152377166735254,1.7514780629072395,5.950327906185122e-05
HP,Constant_logit_train,100.5,8,8,0.9533088129493911,0.0,0.9533088129493911,0.9533088129493911,0.549844964954352,0.4028836952440056,0.9183385471107886,0.4821064526053095,0.39337086511199093,0.7756422924433046,1.0319514175596614,0.7962545603559965,1.6939808395540932,7.18562997757934e-05
HP,Constant_logit_train,100.5,16,8,0.9533088129493911,0.0,0.9533088129493911,0.9533088129493911,0.47600831854350767,0.4390133763368538,0.9271801018016271,0.43990118411072615,0.3876073122710067,0.8012792014195407,0.9159095026542337,0.8266206886078604,1.716459520839495,5.364991323691381e-05
HP,Constant_logit_train,100.5,24,8,0.9533088129493911,0.0,0.9533088129493911,0.9533088129493911,0.49845859171217993,0.6786643803713528,1.0523250470014318,0.46556157215701116,0.6297601677969202,0.9364492268087935,0.9640201638691911,1.308424548168273,1.9874960468367622,5.752059355761701e-05
HP,Constant_logit_train,102.0,8,8,0.9738079719138646,0.0,0.9738079719138646,0.9738079719138646,0.5869920406594626,0.4645883398095435,0.9064495526739091,0.5069591369397226,0.4351493551354576,0.7598426772225746,1.0939511775991853,0.8997376949450011,1.6493791169328595,7.774070742360307e-05
HP,Constant_logit_train,102.0,16,8,0.9738079719138646,0.0,0.9738079719138646,0.9738079719138646,0.5168606887410959,0.48416677493472904,0.9122074717359732,0.45807550728698776,0.4552117839211719,0.8118704633780514,0.9749361960280836,0.9393785588559009,1.70813944443297,5.919940811362379e-05
HP,Constant_logit_train,102.0,24,8,0.9738079719138646,0.0,0.9738079719138646,0.9738079719138646,0.5282773711491359,0.5516401221389547,0.983884921574173,0.4718139195521942,0.46848910253151477,0.8725432375374232,1.0000912907013302,1.0201292246704696,1.8377438942669113,6.129052926703565e-05
HP,Validation_fixed_candidate,100.5,8,8,1.0,0.0,1.0,1.0,0.5734027398444295,0.4190447920317153,0.965451610295085,0.5004374246905505,0.38188885947396134,0.8180034232664837,1.07384016453498,0.8009336515056766,1.7791467657793292,7.897871420399678e-05
HP,Validation_fixed_candidate,100.5,16,8,1.0,0.0,1.0,1.0,0.49479685572642146,0.4556757699304559,0.9734239380933123,0.4414576455147997,0.39478699759402225,0.8458423371790095,0.9362545012412211,0.850462767524478,1.8042398281575036,5.712081258997054e-05
HP,Validation_fixed_candidate,100.5,24,8,1.0,0.0,1.0,1.0,0.5207819630736347,0.7171747863454441,1.109973776459306,0.47295228038727855,0.6525198184006151,0.9897315840816167,0.9937342434609132,1.3696946047460592,2.0937147376410397,6.210903415047238e-05
HP,Validation_fixed_candidate,102.0,8,8,1.0,0.0,1.0,1.0,0.601859302449772,0.4766494379672852,0.9331326718840627,0.5187605110246837,0.42988267279280346,0.7802131933613736,1.1206198134744558,0.9065321107600887,1.6957371995322148,8.232490346840951e-05
HP,Validation_fixed_candidate,102.0,16,8,1.0,0.0,1.0,1.0,0.5287773936103726,0.4909698835190903,0.9392507233397762,0.4616344856316412,0.4704208026879001,0.8352481522579436,0.9904118792420138,0.9613906862069905,1.7564293615320565,6.188957231679495e-05
HP,Validation_fixed_candidate,102.0,24,8,1.0,0.0,1.0,1.0,0.5412290074830629,0.5668268323636296,1.0134278681866875,0.4786572019159779,0.4793666901565866,0.8989672760798683,1.0198862093990408,1.0461935225202161,1.8923109283248745,6.435708751957973e-05
HP,T2C_frozen,100.5,8,8,0.5870198607444763,0.17091768980026245,0.4196893870830536,0.9790508151054382,0.46191208963231767,0.3408792321103684,0.6906820771263413,0.41072303415190786,0.3055008198341447,0.5743154116384802,0.8726351237842255,0.6463800519445131,1.2636077357772901,5.657981180112974e-05
HP,T2C_frozen,100.5,16,8,0.5870198607444763,0.17091768980026245,0.4196893870830536,0.9790508151054382,0.4026204285583795,0.3635922474317419,0.7059883749938716,0.3620601315369784,0.2898800333099499,0.5884727407829622,0.7646805600953579,0.6534722807416918,1.286908011774083,3.966988120556221e-05
HP,T2C_frozen,100.5,24,8,0.5870198607444763,0.17091768980026245,0.4196893870830536,0.9790508151054382,0.3946827566571616,0.4562858490648524,0.7434715271771883,0.35529636827056366,0.4007729895445657,0.6370539682576323,0.7499791249277253,0.857058838609418,1.3657604786515771,3.556089643746736e-05
HP,T2C_frozen,102.0,8,8,0.709357738494873,0.1619129329919815,0.39677780866622925,0.9806753993034363,0.5212663756279653,0.4033701822043434,0.7644003021760153,0.4704792741116264,0.39451040322778047,0.6460957471391713,0.9917456497395916,0.7978805854321239,1.3905621305703373,6.697949491614967e-05
HP,T2C_frozen,102.0,16,8,0.709357738494873,0.1619129329919815,0.39677780866622925,0.9806753993034363,0.46314199830794395,0.43357803244697435,0.7855714377041698,0.42029011726528254,0.3993825995106168,0.6747194292281223,0.8834321155732265,0.8329606319575911,1.4329519289207597,4.944415131468117e-05
HP,T2C_frozen,102.0,24,8,0.709357738494873,0.1619129329919815,0.39677780866622925,0.9806753993034363,0.4579774298526047,0.44553815624890925,0.798191723799375,0.4166073424151843,0.3904609176848628,0.7025955613378059,0.874584772267789,0.835999073933772,1.4718170416425116,4.587372022195249e-05
