overlap,mode,seed,best_step,Eu_percent,Ep_percent,Ejoint_percent,alpha_min,alpha_max
SH,full,42001,5500,0.4615099534430873,0.7343308822973225,1.1958408357404098,8.066358532232698e-06,0.776196300983429
SH,mu_only,42001,1,0.7897614194855875,1.394836747681002,2.1845981671665897,0.22883813083171844,0.24604153633117676
SH,full,42002,7100,0.46158573106666667,0.7340891447819831,1.1956748758486497,8.045407412282657e-06,0.7766228914260864
SH,mu_only,42002,1,0.79020081533437,1.3950430427740372,2.1852438581084077,0.22903989255428314,0.2462756633758545
SH,full,42003,5900,0.4615792397580917,0.7340716548588041,1.1956508946168958,3.384788942639716e-05,0.77656090259552
SH,mu_only,42003,1,0.7902212624084141,1.3950526578840725,2.1852739202924862,0.22904273867607117,0.24629297852516174
HP,full,42001,3500,0.4509120026568808,0.3956169536147143,0.8465289562715951,0.39677780866622925,0.9806753993034363
HP,mu_only,42001,400,0.5874797880309652,0.5628883666991842,1.1503681547301496,0.8975099325180054,0.9356858730316162
HP,full,42002,3500,0.4517906264485467,0.3983226346681609,0.8501132611167075,0.4044317305088043,0.9808140397071838
HP,mu_only,42002,400,0.5885705390862754,0.5631257939601619,1.1516963330464374,0.9052677154541016,0.9290064573287964
HP,full,42003,3200,0.45361739701810144,0.39985962264733055,0.853477019665432,0.429954469203949,0.9818167686462402
HP,mu_only,42003,400,0.5959553435323337,0.5554710593062544,1.151426402838588,0.9152331352233887,0.9501239061355591
