overlap,mode,seed,Re,windows,Eu_percent,Ep_percent,Ejoint_percent,alpha_mean
SH,full,42001,95.1,8,0.4558869899406131,0.7267655266397527,1.1826525165803659,0.09671247750520706
SH,full,42001,95.3,8,0.46713291694556136,0.7418962379548923,1.2090291549004535,0.09712471067905426
SH,mu_only,42001,95.1,8,0.8031384527566857,1.391007350877983,2.194145803634669,0.24604153633117676
SH,mu_only,42001,95.3,8,0.7763843862144894,1.3986661444840212,2.1750505306985106,0.22883813083171844
SH,full,42002,95.1,8,0.4559461331198244,0.7266039464729512,1.1825500795927757,0.09661789238452911
SH,full,42002,95.3,8,0.467225329013509,0.7415743430910149,1.208799672104524,0.09712239354848862
SH,mu_only,42002,95.1,8,0.8036142537647075,1.3912309842591495,2.194845238023857,0.2462756633758545
SH,mu_only,42002,95.3,8,0.7767873769040325,1.3988551012889252,2.1756424781929575,0.22903989255428314
SH,full,42003,95.1,8,0.45595506978727585,0.7265016546907087,1.1824567244779844,0.09675747901201248
SH,full,42003,95.3,8,0.4672034097289074,0.7416416550268996,1.2088450647558069,0.0971444845199585
SH,mu_only,42003,95.1,8,0.8036494667925849,1.3912475695787443,2.194897036371329,0.24629297852516174
SH,mu_only,42003,95.3,8,0.7767930580242434,1.3988577461894005,2.1756508042136438,0.22904273867607117
HP,full,42001,100.5,8,0.45628584906485237,0.40077298954456575,0.8570588386094181,0.5870198607444763
HP,full,42001,102.0,8,0.4455381562489093,0.3904609176848628,0.835999073933772,0.709357738494873
HP,mu_only,42001,100.5,8,0.6408667683298299,0.6463137948540342,1.2871805631838642,0.8975099325180054
HP,mu_only,42001,102.0,8,0.5340928077321007,0.4794629385443342,1.0135557462764349,0.9356858730316162
HP,full,42002,100.5,8,0.4564660183024271,0.40077657469393835,0.8572425929963654,0.5871585607528687
HP,full,42002,102.0,8,0.4471152345946662,0.3958686946423834,0.8429839292370496,0.6960098743438721
HP,mu_only,42002,100.5,8,0.6455445786036539,0.6427029819337264,1.2882475605373804,0.9052677154541016
HP,mu_only,42002,102.0,8,0.531596499568897,0.4835486059865975,1.0151451055554945,0.9290064573287964
HP,full,42003,100.5,8,0.45746081826244006,0.4017156434616562,0.8591764617240961,0.5872830152511597
HP,full,42003,102.0,8,0.4497739757737628,0.39800360183300487,0.8477775776067678,0.7021225094795227
HP,mu_only,42003,100.5,8,0.6518293392734281,0.6384978382488029,1.2903271775222311,0.9152331352233887
HP,mu_only,42003,102.0,8,0.5400813477912394,0.47244428036370595,1.0125256281549453,0.9501239061355591
