overlap,mode,metric,n_seeds,seed_42001,seed_42002,seed_42003,mean,SD_seed,ddof,minimum,maximum
SH,full,Eu_percent,3,0.4615099534430873,0.46158573106666667,0.4615792397580917,0.4615583080892819,4.20019419575515e-05,1,0.4615099534430873,0.46158573106666667
SH,full,Ep_percent,3,0.7343308822973225,0.7340891447819831,0.7340716548588041,0.7341638939793699,0.000144880288868698,1,0.7340716548588041,0.7343308822973225
SH,full,Ejoint_percent,3,1.1958408357404098,1.1956748758486497,1.1956508946168958,1.1957222020686518,0.00010343711096700718,1,1.1956508946168958,1.1958408357404098
SH,mu_only,Eu_percent,3,0.7897614194855875,0.79020081533437,0.7902212624084141,0.7900611657427905,0.0002597891158991255,1,0.7897614194855875,0.7902212624084141
SH,mu_only,Ep_percent,3,1.394836747681002,1.3950430427740372,1.3950526578840725,1.394977482779704,0.0001219749506670566,1,1.394836747681002,1.3950526578840725
SH,mu_only,Ejoint_percent,3,2.1845981671665897,2.1852438581084077,2.1852739202924862,2.1850386485224944,0.0003817640664110681,1,2.1845981671665897,2.1852739202924862
HP,full,Eu_percent,3,0.4509120026568808,0.4517906264485467,0.45361739701810144,0.45210667537450966,0.0013801104503382558,1,0.4509120026568808,0.45361739701810144
HP,full,Ep_percent,3,0.3956169536147143,0.3983226346681609,0.39985962264733055,0.3979330703100686,0.0021479945116089577,1,0.3956169536147143,0.39985962264733055
HP,full,Ejoint_percent,3,0.8465289562715951,0.8501132611167075,0.853477019665432,0.8500397456845782,0.0034746150319517406,1,0.8465289562715951,0.853477019665432
HP,mu_only,Eu_percent,3,0.5874797880309652,0.5885705390862754,0.5959553435323337,0.5906685568831914,0.004610858843136125,1,0.5874797880309652,0.5959553435323337
HP,mu_only,Ep_percent,3,0.5628883666991842,0.5631257939601619,0.5554710593062544,0.5604950733218669,0.004352542997819381,1,0.5554710593062544,0.5631257939601619
HP,mu_only,Ejoint_percent,3,1.1503681547301496,1.1516963330464374,1.151426402838588,1.1511636302050583,0.0007019982212679328,1,1.1503681547301496,1.1516963330464374
