overlap,method,source,seed,Eu_percent,Ep_percent,Ejoint_percent
SH,E2_Top1_nonfused,original_checkpoint_replay,,0.4942062609198345,1.2355932114169823,1.7297994723368169
SH,E2_pair_probability_blend,original_checkpoint_replay,,0.7898425631878474,1.3948748825162653,2.1847174457041127
SH,T2-C,original_checkpoint_replay,,0.4615099534430873,0.7343308822973225,1.1958408357404098
SH,candidate_1_only,original_checkpoint_replay,,2.597587907925699,2.2450471063444764,4.842635014270176
SH,candidate_2_only,original_checkpoint_replay,,0.4942062609198345,1.2355932114169823,1.7297994723368169
SH,fixed_0.5,original_checkpoint_replay,,1.364401153862357,1.6676559226897931,3.0320570765521504
SH,per_window_convex_oracle,original_checkpoint_replay,,0.4658654647451503,0.7183493103833514,1.1842147751285015
SH,T2-C_mu_only,new_run_fixed_seed_42001,42001,0.7897614194855875,1.394836747681002,2.1845981671665897
HP,E2_Top1_nonfused,original_checkpoint_replay,,0.7421646850355974,1.1051842126138423,1.8473488976494394
HP,E2_pair_probability_blend,original_checkpoint_replay,,0.6153959725239253,1.0464447146659697,1.6618406871898952
HP,T2-C,original_checkpoint_replay,,0.4509120026568808,0.3956169536147143,0.8465289562715951
HP,candidate_1_only,original_checkpoint_replay,,0.6420008093545368,0.5659432542786008,1.2079440636331378
HP,candidate_2_only,original_checkpoint_replay,,1.0033970848057663,1.8684202354687576,2.871817320274524
HP,fixed_0.5,original_checkpoint_replay,,0.6077447165977335,1.0068822175561418,1.6146269341538757
HP,per_window_convex_oracle,original_checkpoint_replay,,0.44787667965479444,0.39051723262475446,0.838393912279549
HP,T2-C_mu_only,new_run_fixed_seed_42001,42001,0.5874797880309652,0.5628883666991842,1.1503681547301496
