overlap,method,step,Eu_pooled,Ep_pooled,Eu_macro_Re,Ep_macro_Re
SH,candidate_1,1,0.6926857473903894,0.6174447592563241,0.6926857473903895,0.6174447592563241
SH,candidate_1,2,1.083583823745923,1.5701514773606502,1.083583823745923,1.5701514773606502
SH,candidate_1,3,1.3256794351405676,1.834515290199841,1.3256794351405676,1.8345152901998412
SH,candidate_1,4,1.4940376266794146,2.3673073829518136,1.4940376266794144,2.3673073829518136
SH,candidate_1,5,1.5877692537785646,2.778492230331944,1.5877692537785646,2.7784922303319446
SH,candidate_1,6,1.6343340616829543,2.7061519656684094,1.6343340616829543,2.7061519656684094
SH,candidate_1,7,1.672511545884427,2.17658766857048,1.672511545884427,2.1765876685704804
SH,candidate_1,8,1.6962089289545488,1.723833332543049,1.6962089289545488,1.723833332543049
SH,candidate_1,9,1.7288493805857483,1.4691270719633454,1.728849380585748,1.4691270719633454
SH,candidate_1,10,1.774821106901418,1.5960639580880671,1.7748211069014177,1.5960639580880671
SH,candidate_1,11,1.8382197312979665,1.6207013706704032,1.8382197312979662,1.6207013706704032
SH,candidate_1,12,1.9207740267038238,1.599313383937301,1.9207740267038238,1.599313383937301
SH,candidate_1,13,2.010857752380482,1.709768631264462,2.010857752380482,1.709768631264462
SH,candidate_1,14,2.091291989353093,1.8156087928823643,2.0912919893530924,1.815608792882364
SH,candidate_1,15,2.160676569321641,1.8781618612573316,2.160676569321641,1.8781618612573316
SH,candidate_1,16,2.2225170196234956,1.9457713035495552,2.2225170196234956,1.9457713035495552
SH,candidate_1,17,2.2763205855909945,1.9471203720466683,2.2763205855909945,1.9471203720466683
SH,candidate_1,18,2.3292023422257047,1.9447741477552047,2.329202342225704,1.9447741477552047
SH,candidate_1,19,2.38533230339139,2.0150990876301798,2.38533230339139,2.0150990876301798
SH,candidate_1,20,2.4355573503113126,2.071222023510993,2.4355573503113126,2.071222023510993
SH,candidate_1,21,2.4839025589773764,2.12229521493018,2.4839025589773764,2.12229521493018
SH,candidate_1,22,2.5272240484523634,2.1883920482286348,2.5272240484523634,2.188392048228635
SH,candidate_1,23,2.5641126035134523,2.2305565736606354,2.5641126035134523,2.2305565736606354
SH,candidate_1,24,2.5975879079256994,2.2450471063444764,2.5975879079256994,2.2450471063444764
SH,candidate_2,1,0.6145506312705642,0.8614931348619915,0.6145506312705642,0.8614931348619916
SH,candidate_2,2,0.6032991648148044,0.7643275758930511,0.6032991648148044,0.7643275758930512
SH,candidate_2,3,0.6448956131103405,0.8115989453060581,0.6448956131103405,0.8115989453060583
SH,candidate_2,4,0.6218600246852317,0.821649236578574,0.6218600246852317,0.8216492365785739
SH,candidate_2,5,0.595483306480553,0.9295032421339704,0.5954833064805529,0.9295032421339704
SH,candidate_2,6,0.5876908947558486,0.9225071005999326,0.5876908947558486,0.9225071005999326
SH,candidate_2,7,0.5419902484660468,0.9559520336897582,0.5419902484660468,0.9559520336897582
SH,candidate_2,8,0.5307635298771355,0.9473477388778028,0.5307635298771355,0.9473477388778027
SH,candidate_2,9,0.5412711310901943,0.9279113258165672,0.5412711310901943,0.9279113258165672
SH,candidate_2,10,0.5024034608102417,0.96731122126147,0.5024034608102417,0.96731122126147
SH,candidate_2,11,0.5039870399676338,1.0303091180356083,0.5039870399676339,1.0303091180356083
SH,candidate_2,12,0.530952007569816,1.007542032954359,0.5309520075698162,1.007542032954359
SH,candidate_2,13,0.49238977493457553,1.0290596398015817,0.49238977493457553,1.0290596398015819
SH,candidate_2,14,0.49577492547870416,1.083053069630327,0.4957749254787043,1.0830530696303273
SH,candidate_2,15,0.5184728875228823,1.0860638126171285,0.5184728875228823,1.0860638126171285
SH,candidate_2,16,0.4919426596856748,1.1440869518015453,0.49194265968567485,1.1440869518015453
SH,candidate_2,17,0.4993654276826652,1.185267323498278,0.4993654276826651,1.185267323498278
SH,candidate_2,18,0.51322286441164,1.143688583293847,0.51322286441164,1.143688583293847
SH,candidate_2,19,0.5108994764639427,1.2051991413338423,0.5108994764639427,1.2051991413338423
SH,candidate_2,20,0.4914265216255393,1.2412030550240898,0.4914265216255393,1.2412030550240896
SH,candidate_2,21,0.507710097059579,1.1935839111080533,0.5077100970595791,1.193583911108053
SH,candidate_2,22,0.5317183242216217,1.2520186143930683,0.5317183242216218,1.2520186143930683
SH,candidate_2,23,0.4848899536214708,1.2895909723087067,0.4848899536214708,1.2895909723087067
SH,candidate_2,24,0.49420626091983455,1.2355932114169819,0.49420626091983455,1.2355932114169823
SH,E2_Top1,1,0.6145506312705642,0.8614931348619915,0.6145506312705642,0.8614931348619916
SH,E2_Top1,2,0.6032991648148044,0.7643275758930511,0.6032991648148044,0.7643275758930512
SH,E2_Top1,3,0.6448956131103405,0.8115989453060581,0.6448956131103405,0.8115989453060583
SH,E2_Top1,4,0.6218600246852317,0.821649236578574,0.6218600246852317,0.8216492365785739
SH,E2_Top1,5,0.595483306480553,0.9295032421339704,0.5954833064805529,0.9295032421339704
SH,E2_Top1,6,0.5876908947558486,0.9225071005999326,0.5876908947558486,0.9225071005999326
SH,E2_Top1,7,0.5419902484660468,0.9559520336897582,0.5419902484660468,0.9559520336897582
SH,E2_Top1,8,0.5307635298771355,0.9473477388778028,0.5307635298771355,0.9473477388778027
SH,E2_Top1,9,0.5412711310901943,0.9279113258165672,0.5412711310901943,0.9279113258165672
SH,E2_Top1,10,0.5024034608102417,0.96731122126147,0.5024034608102417,0.96731122126147
SH,E2_Top1,11,0.5039870399676338,1.0303091180356083,0.5039870399676339,1.0303091180356083
SH,E2_Top1,12,0.530952007569816,1.007542032954359,0.5309520075698162,1.007542032954359
SH,E2_Top1,13,0.49238977493457553,1.0290596398015817,0.49238977493457553,1.0290596398015819
SH,E2_Top1,14,0.49577492547870416,1.083053069630327,0.4957749254787043,1.0830530696303273
SH,E2_Top1,15,0.5184728875228823,1.0860638126171285,0.5184728875228823,1.0860638126171285
SH,E2_Top1,16,0.4919426596856748,1.1440869518015453,0.49194265968567485,1.1440869518015453
SH,E2_Top1,17,0.4993654276826652,1.185267323498278,0.4993654276826651,1.185267323498278
SH,E2_Top1,18,0.51322286441164,1.143688583293847,0.51322286441164,1.143688583293847
SH,E2_Top1,19,0.5108994764639427,1.2051991413338423,0.5108994764639427,1.2051991413338423
SH,E2_Top1,20,0.4914265216255393,1.2412030550240898,0.4914265216255393,1.2412030550240896
SH,E2_Top1,21,0.507710097059579,1.1935839111080533,0.5077100970595791,1.193583911108053
SH,E2_Top1,22,0.5317183242216217,1.2520186143930683,0.5317183242216218,1.2520186143930683
SH,E2_Top1,23,0.4848899536214708,1.2895909723087067,0.4848899536214708,1.2895909723087067
SH,E2_Top1,24,0.49420626091983455,1.2355932114169819,0.49420626091983455,1.2355932114169823
SH,Equal,1,0.35121320485266905,0.6161846115981939,0.35121320485266905,0.6161846115981939
SH,Equal,2,0.44805452925571604,0.801718974755012,0.44805452925571604,0.801718974755012
SH,Equal,3,0.5800611918852738,1.1003736325617754,0.5800611918852738,1.1003736325617752
SH,Equal,4,0.7168330812962856,1.4832168728881032,0.7168330812962856,1.4832168728881032
SH,Equal,5,0.8221389563983506,1.7681395239344653,0.8221389563983507,1.7681395239344655
SH,Equal,6,0.882961448682485,1.7458977129630204,0.882961448682485,1.7458977129630202
SH,Equal,7,0.9087366773102069,1.4995853155100873,0.908736677310207,1.4995853155100871
SH,Equal,8,0.9131260532011685,1.2655701901513443,0.9131260532011685,1.2655701901513443
SH,Equal,9,0.9142347757746204,1.0564724421933493,0.9142347757746203,1.0564724421933493
SH,Equal,10,0.9198947848059585,0.9832512507282919,0.9198947848059585,0.9832512507282919
SH,Equal,11,0.9502168567253357,1.0665022843072771,0.9502168567253356,1.0665022843072771
SH,Equal,12,1.0053756972324164,1.175140755952015,1.0053756972324166,1.175140755952015
SH,Equal,13,1.0636404294413615,1.29772340780394,1.0636404294413617,1.29772340780394
SH,Equal,14,1.1161174140508547,1.3839753153090923,1.1161174140508547,1.3839753153090923
SH,Equal,15,1.1590173333217515,1.4273332746409322,1.1590173333217515,1.427333274640932
SH,Equal,16,1.191531939382692,1.4905915536762726,1.191531939382692,1.4905915536762726
SH,Equal,17,1.2182685107216042,1.5039344416349718,1.2182685107216042,1.5039344416349718
SH,Equal,18,1.2429189244144987,1.4877167905351198,1.2429189244144987,1.48771679053512
SH,Equal,19,1.2679188504241758,1.55560321530868,1.2679188504241758,1.55560321530868
SH,Equal,20,1.2886371834039592,1.5924789108058768,1.2886371834039592,1.5924789108058768
SH,Equal,21,1.3112648684790167,1.5969496707030155,1.3112648684790167,1.5969496707030155
SH,Equal,22,1.3333149033464613,1.6611007449064907,1.3333149033464613,1.661100744906491
SH,Equal,23,1.348152682473002,1.693162158444693,1.348152682473002,1.6931621584446934
SH,Equal,24,1.364401153862357,1.667655922689793,1.3644011538623568,1.6676559226897933
SH,E2_probability,1,0.4421002202738677,0.7194950346726797,0.4421002202738677,0.7194950346726798
SH,E2_probability,2,0.4565116656456908,0.6637629005557066,0.4565116656456908,0.6637629005557066
SH,E2_probability,3,0.5278911598837384,0.8595009424597606,0.5278911598837384,0.8595009424597607
SH,E2_probability,4,0.5652873970775809,1.0673447425939995,0.5652873970775809,1.0673447425939995
SH,E2_probability,5,0.5981738793502049,1.2701739691056004,0.5981738793502048,1.2701739691056004
SH,E2_probability,6,0.6238284545526205,1.2650468769592664,0.6238284545526205,1.2650468769592664
SH,E2_probability,7,0.6180350702177222,1.169069254671824,0.6180350702177222,1.169069254671824
SH,E2_probability,8,0.6140818442619103,1.0582213969462846,0.6140818442619103,1.0582213969462846
SH,E2_probability,9,0.6173055821744713,0.9495718643775968,0.6173055821744713,0.9495718643775968
SH,E2_probability,10,0.610556616753871,0.9314746793313812,0.610556616753871,0.9314746793313811
SH,E2_probability,11,0.6257798954743568,1.0067791069195633,0.6257798954743568,1.0067791069195633
SH,E2_probability,12,0.6555942729752102,1.0505847628866318,0.6555942729752103,1.0505847628866318
SH,E2_probability,13,0.6698388737781044,1.1189484049166465,0.6698388737781042,1.1189484049166465
SH,E2_probability,14,0.6929860803729186,1.1854627333922259,0.6929860803729186,1.1854627333922259
SH,E2_probability,15,0.7165792896038078,1.2117021164144177,0.7165792896038078,1.2117021164144177
SH,E2_probability,16,0.724254473546672,1.2718469274973487,0.724254473546672,1.271846927497349
SH,E2_probability,17,0.7366130053611009,1.2941007442492813,0.7366130053611009,1.2941007442492811
SH,E2_probability,18,0.7491926046424929,1.269213633770055,0.7491926046424928,1.269213633770055
SH,E2_probability,19,0.7583889086552693,1.3353087012891738,0.7583889086552694,1.3353087012891738
SH,E2_probability,20,0.7612759634092721,1.3658777698730802,0.7612759634092721,1.3658777698730797
SH,E2_probability,21,0.7730288698341197,1.3453409477774145,0.7730288698341197,1.3453409477774148
SH,E2_probability,22,0.7873754225544136,1.408487785152669,0.7873754225544135,1.408487785152669
SH,E2_probability,23,0.7819234937580019,1.4392426183984992,0.7819234937580017,1.4392426183984992
SH,E2_probability,24,0.7898425631878474,1.3948748825162651,0.7898425631878474,1.3948748825162653
SH,Constant_alpha_train,1,0.3855759534781703,0.6644994001638069,0.38557595347817036,0.6644994001638069
SH,Constant_alpha_train,2,0.4361417471913453,0.6940528883805877,0.4361417471913453,0.6940528883805877
SH,Constant_alpha_train,3,0.535594729736381,0.954309781626546,0.535594729736381,0.954309781626546
SH,Constant_alpha_train,4,0.6156687660992615,1.2506293071521213,0.6156687660992615,1.2506293071521213
SH,Constant_alpha_train,5,0.68463810631001,1.4929252311100267,0.68463810631001,1.4929252311100272
SH,Constant_alpha_train,6,0.7291913477809904,1.481188342872255,0.7291913477809905,1.4811883428722554
SH,Constant_alpha_train,7,0.7404876037180137,1.3161176854627616,0.7404876037180137,1.3161176854627616
SH,Constant_alpha_train,8,0.7408796866422594,1.1485998717698613,0.7408796866422594,1.1485998717698613
SH,Constant_alpha_train,9,0.7431175045182612,0.9927571470113833,0.7431175045182612,0.9927571470113832
SH,Constant_alpha_train,10,0.7453605838528401,0.9472134590372174,0.74536058385284,0.9472134590372174
SH,Constant_alpha_train,11,0.7686091557919037,1.028147578587472,0.7686091557919037,1.028147578587472
SH,Constant_alpha_train,12,0.808206716479767,1.1028001883503449,0.808206716479767,1.102800188350345
SH,Constant_alpha_train,13,0.8434873964703733,1.1964358567336066,0.8434873964703733,1.1964358567336069
SH,Constant_alpha_train,14,0.8797057172338034,1.271962058808326,0.8797057172338034,1.271962058808326
SH,Constant_alpha_train,15,0.9112233593573488,1.3068449042262458,0.9112233593573488,1.3068449042262458
SH,Constant_alpha_train,16,0.9313535690237005,1.3685075024378266,0.9313535690237005,1.3685075024378268
SH,Constant_alpha_train,17,0.9498453940049678,1.3860293891789985,0.9498453940049678,1.3860293891789983
SH,Constant_alpha_train,18,0.9671244248301442,1.3654135604004558,0.967124424830144,1.365413560400456
SH,Constant_alpha_train,19,0.9833418750629768,1.4325773410620064,0.9833418750629768,1.4325773410620064
SH,Constant_alpha_train,20,0.9946902705723794,1.4654503071598701,0.9946902705723792,1.4654503071598701
SH,Constant_alpha_train,21,1.0104579363808477,1.4566087025990861,1.0104579363808477,1.4566087025990864
SH,Constant_alpha_train,22,1.0271782819329995,1.5203870562618924,1.0271782819329995,1.5203870562618924
SH,Constant_alpha_train,23,1.032607244114502,1.5511207822647075,1.032607244114502,1.5511207822647075
SH,Constant_alpha_train,24,1.0438435443978502,1.5151771591873857,1.0438435443978502,1.5151771591873855
SH,Constant_logit_train,1,0.39370466301700335,0.6727956742404652,0.39370466301700335,0.6727956742404652
SH,Constant_logit_train,2,0.4380073502886765,0.6851668897003759,0.43800735028867654,0.685166889700376
SH,Constant_logit_train,3,0.5326326085134565,0.9361631315323754,0.5326326085134565,0.9361631315323753
SH,Constant_logit_train,4,0.6050351191410862,1.2178332430098893,0.6050351191410862,1.2178332430098893
SH,Constant_logit_train,5,0.6678551262889245,1.4539159321919422,0.6678551262889245,1.4539159321919422
SH,Constant_logit_train,6,0.7093124182248908,1.4430946029145986,0.7093124182248907,1.4430946029145986
SH,Constant_logit_train,7,0.7180098383923728,1.2899869709892302,0.7180098383923728,1.2899869709892302
SH,Constant_logit_train,8,0.7177498746595032,1.1323283707298581,0.7177498746595032,1.132328370729858
SH,Constant_logit_train,9,0.720129195238131,0.9846029680298969,0.720129195238131,0.9846029680298969
SH,Constant_logit_train,10,0.7212520982371526,0.943956157584013,0.7212520982371526,0.943956157584013
SH,Constant_logit_train,11,0.7432302765152137,1.0238898555706344,0.7432302765152137,1.0238898555706344
SH,Constant_logit_train,12,0.7809076314167123,1.0935387511364707,0.7809076314167123,1.093538751136471
SH,Constant_logit_train,13,0.8127341158996328,1.1827637376546738,0.8127341158996328,1.1827637376546738
SH,Constant_logit_train,14,0.8466426517451633,1.256776525734568,0.8466426517451633,1.2567765257345678
SH,Constant_logit_train,15,0.8766436714279588,1.289812790651506,0.8766436714279588,1.289812790651506
SH,Constant_logit_train,16,0.8947770237694364,1.351082526082524,0.8947770237694364,1.351082526082524
SH,Constant_logit_train,17,0.9121925936338015,1.3694273161918062,0.9121925936338015,1.369427316191806
SH,Constant_logit_train,18,0.9285681490668842,1.3483970988578942,0.9285681490668842,1.3483970988578942
SH,Constant_logit_train,19,0.9435314314693819,1.4153180402701633,0.9435314314693821,1.4153180402701633
SH,Constant_logit_train,20,0.9535135986118759,1.4476123517359347,0.9535135986118759,1.4476123517359347
SH,Constant_logit_train,21,0.9684594411157643,1.436924212690064,0.9684594411157643,1.4369242126900639
SH,Constant_logit_train,22,0.9845616219320873,1.5006202184825164,0.9845616219320872,1.5006202184825166
SH,Constant_logit_train,23,0.9883671240051034,1.5313707317879375,0.9883671240051035,1.5313707317879375
SH,Constant_logit_train,24,0.9989335946635679,1.4938110913803169,0.9989335946635679,1.4938110913803166
SH,Validation_fixed_candidate,1,0.6145506312705642,0.8614931348619915,0.6145506312705642,0.8614931348619916
SH,Validation_fixed_candidate,2,0.6032991648148044,0.7643275758930511,0.6032991648148044,0.7643275758930512
SH,Validation_fixed_candidate,3,0.6448956131103405,0.8115989453060581,0.6448956131103405,0.8115989453060583
SH,Validation_fixed_candidate,4,0.6218600246852317,0.821649236578574,0.6218600246852317,0.8216492365785739
SH,Validation_fixed_candidate,5,0.595483306480553,0.9295032421339704,0.5954833064805529,0.9295032421339704
SH,Validation_fixed_candidate,6,0.5876908947558486,0.9225071005999326,0.5876908947558486,0.9225071005999326
SH,Validation_fixed_candidate,7,0.5419902484660468,0.9559520336897582,0.5419902484660468,0.9559520336897582
SH,Validation_fixed_candidate,8,0.5307635298771355,0.9473477388778028,0.5307635298771355,0.9473477388778027
SH,Validation_fixed_candidate,9,0.5412711310901943,0.9279113258165672,0.5412711310901943,0.9279113258165672
SH,Validation_fixed_candidate,10,0.5024034608102417,0.96731122126147,0.5024034608102417,0.96731122126147
SH,Validation_fixed_candidate,11,0.5039870399676338,1.0303091180356083,0.5039870399676339,1.0303091180356083
SH,Validation_fixed_candidate,12,0.530952007569816,1.007542032954359,0.5309520075698162,1.007542032954359
SH,Validation_fixed_candidate,13,0.49238977493457553,1.0290596398015817,0.49238977493457553,1.0290596398015819
SH,Validation_fixed_candidate,14,0.49577492547870416,1.083053069630327,0.4957749254787043,1.0830530696303273
SH,Validation_fixed_candidate,15,0.5184728875228823,1.0860638126171285,0.5184728875228823,1.0860638126171285
SH,Validation_fixed_candidate,16,0.4919426596856748,1.1440869518015453,0.49194265968567485,1.1440869518015453
SH,Validation_fixed_candidate,17,0.4993654276826652,1.185267323498278,0.4993654276826651,1.185267323498278
SH,Validation_fixed_candidate,18,0.51322286441164,1.143688583293847,0.51322286441164,1.143688583293847
SH,Validation_fixed_candidate,19,0.5108994764639427,1.2051991413338423,0.5108994764639427,1.2051991413338423
SH,Validation_fixed_candidate,20,0.4914265216255393,1.2412030550240898,0.4914265216255393,1.2412030550240896
SH,Validation_fixed_candidate,21,0.507710097059579,1.1935839111080533,0.5077100970595791,1.193583911108053
SH,Validation_fixed_candidate,22,0.5317183242216217,1.2520186143930683,0.5317183242216218,1.2520186143930683
SH,Validation_fixed_candidate,23,0.4848899536214708,1.2895909723087067,0.4848899536214708,1.2895909723087067
SH,Validation_fixed_candidate,24,0.49420626091983455,1.2355932114169819,0.49420626091983455,1.2355932114169823
SH,T2C_frozen,1,0.3523206713844367,0.5443890155324146,0.3523206713844367,0.5443890155324145
SH,T2C_frozen,2,0.3722620300193579,0.6916059842055069,0.3722620300193579,0.6916059842055069
SH,T2C_frozen,3,0.3827995973751983,0.7039356679848611,0.3827995973751983,0.7039356679848612
SH,T2C_frozen,4,0.4098949526813743,1.0086624163651408,0.40989495268137427,1.0086624163651408
SH,T2C_frozen,5,0.43230152995978666,1.2899157461779567,0.4323015299597867,1.289915746177957
SH,T2C_frozen,6,0.44297889068453145,1.3329057401956712,0.44297889068453145,1.3329057401956712
SH,T2C_frozen,7,0.4080907117821111,1.000425306729183,0.4080907117821111,1.000425306729183
SH,T2C_frozen,8,0.378887282704499,0.7143464430557516,0.378887282704499,0.7143464430557513
SH,T2C_frozen,9,0.3543535611662474,0.4676583034072277,0.3543535611662475,0.4676583034072277
SH,T2C_frozen,10,0.2778378129653026,0.42995967764458276,0.27783781296530263,0.4299596776445827
SH,T2C_frozen,11,0.2598322805085501,0.40353163285013155,0.2598322805085501,0.40353163285013155
SH,T2C_frozen,12,0.30818184906232937,0.4656447808352345,0.30818184906232937,0.46564478083523453
SH,T2C_frozen,13,0.30392274304617467,0.5713065875637199,0.3039227430461747,0.5713065875637199
SH,T2C_frozen,14,0.3357725088170484,0.6275934402193393,0.33577250881704845,0.6275934402193392
SH,T2C_frozen,15,0.37801518967190095,0.6522169707581558,0.37801518967190095,0.6522169707581558
SH,T2C_frozen,16,0.36403110004233863,0.6662903107018412,0.36403110004233863,0.6662903107018411
SH,T2C_frozen,17,0.38150682170762146,0.6562798055586839,0.3815068217076214,0.6562798055586839
SH,T2C_frozen,18,0.4060391878964902,0.6371429434783333,0.4060391878964902,0.6371429434783334
SH,T2C_frozen,19,0.4153296695650334,0.657531074211546,0.4153296695650334,0.6575310742115459
SH,T2C_frozen,20,0.40978028849256914,0.6822726497904759,0.40978028849256914,0.6822726497904759
SH,T2C_frozen,21,0.44022166459626727,0.6852327459118269,0.44022166459626727,0.6852327459118269
SH,T2C_frozen,22,0.47667962629917565,0.7203585111629329,0.4766796262991756,0.7203585111629329
SH,T2C_frozen,23,0.4420457009245798,0.7507068875036809,0.44204570092457984,0.7507068875036809
SH,T2C_frozen,24,0.4615099534430873,0.7343308822973225,0.4615099534430873,0.7343308822973225
HP,candidate_1,1,0.8047137695318936,0.7048696950541735,0.8047137695318937,0.7048696950541734
HP,candidate_1,2,0.7145742878448057,0.6454508883048413,0.7145742878448057,0.6454508883048413
HP,candidate_1,3,0.6222908827431646,0.5093074453650699,0.6222908827431646,0.5093074453650699
HP,candidate_1,4,0.6283245443450624,0.5617810224484321,0.6283245443450625,0.5617810224484322
HP,candidate_1,5,0.5524004402269517,0.4613539135717289,0.5524004402269517,0.4613539135717289
HP,candidate_1,6,0.453023270095847,0.37434259847015916,0.453023270095847,0.3743425984701591
HP,candidate_1,7,0.47787385938958094,0.4138004135131498,0.47787385938958094,0.4138004135131498
HP,candidate_1,8,0.44784711499950025,0.40588576613338245,0.44784711499950025,0.4058857661333824
HP,candidate_1,9,0.4051179185387144,0.36004872437044544,0.4051179185387144,0.36004872437044544
HP,candidate_1,10,0.4062835042734678,0.35604910069496215,0.4062835042734678,0.3560491006949622
HP,candidate_1,11,0.40687735925130264,0.37800556157720816,0.40687735925130264,0.37800556157720816
HP,candidate_1,12,0.4450804854686813,0.41993021593343993,0.4450804854686813,0.4199302159334399
HP,candidate_1,13,0.3860564599631589,0.3378125438098851,0.38605645996315896,0.33781254380988507
HP,candidate_1,14,0.48440352910969775,0.4098318321518959,0.48440352910969775,0.40983183215189595
HP,candidate_1,15,0.48040374218775017,0.4536634276317932,0.4804037421877502,0.45366342763179324
HP,candidate_1,16,0.4733228267247731,0.4326039001409612,0.4733228267247731,0.4326039001409612
HP,candidate_1,17,0.49342321141852075,0.42152241645544913,0.4934232114185207,0.42152241645544913
HP,candidate_1,18,0.5114787114396198,0.4886939947071561,0.5114787114396196,0.488693994707156
HP,candidate_1,19,0.551250270315246,0.5273555226523009,0.551250270315246,0.5273555226523008
HP,candidate_1,20,0.48740844804659617,0.4577467204905679,0.48740844804659617,0.4577467204905679
HP,candidate_1,21,0.6064908038141863,0.53933399697714,0.6064908038141863,0.53933399697714
HP,candidate_1,22,0.6382062389038294,0.6207921320151149,0.6382062389038294,0.6207921320151149
HP,candidate_1,23,0.6252791586934833,0.5731887008912196,0.6252791586934834,0.5731887008912196
HP,candidate_1,24,0.6420008093545368,0.5659432542786009,0.6420008093545368,0.5659432542786009
HP,candidate_2,1,1.1495561555540421,1.1786006488523308,1.1495561555540421,1.1786006488523308
HP,candidate_2,2,1.1875947214000138,1.022778085780673,1.1875947214000138,1.022778085780673
HP,candidate_2,3,1.1277343368446582,1.0564806961606625,1.1277343368446584,1.0564806961606623
HP,candidate_2,4,1.117483553270933,1.0673229925499097,1.117483553270933,1.0673229925499097
HP,candidate_2,5,1.0485929317120752,1.116480580518253,1.0485929317120755,1.116480580518253
HP,candidate_2,6,1.0074334968010745,1.1685631892319728,1.0074334968010745,1.1685631892319728
HP,candidate_2,7,0.9650055173570762,1.2165043678868632,0.9650055173570762,1.2165043678868632
HP,candidate_2,8,0.9379032381625393,1.2640755110313573,0.9379032381625393,1.264075511031357
HP,candidate_2,9,0.9926848197480199,1.3346617573207327,0.9926848197480199,1.3346617573207329
HP,candidate_2,10,0.9786690309204854,1.3926063652784089,0.9786690309204855,1.3926063652784086
HP,candidate_2,11,0.9686414855053855,1.4684567827085784,0.9686414855053855,1.4684567827085784
HP,candidate_2,12,0.9568081877018068,1.510524273350761,0.9568081877018066,1.5105242733507611
HP,candidate_2,13,1.0468662199010978,1.5571385299863914,1.0468662199010978,1.557138529986391
HP,candidate_2,14,1.0371381621070803,1.606113561537498,1.0371381621070803,1.6061135615374977
HP,candidate_2,15,0.9555335726006519,1.6232956099290181,0.9555335726006517,1.6232956099290186
HP,candidate_2,16,1.0083879691687494,1.6557195149541286,1.0083879691687494,1.6557195149541288
HP,candidate_2,17,1.009849647519331,1.6750705488144506,1.0098496475193308,1.6750705488144506
HP,candidate_2,18,1.0189697534983149,1.7129161500441312,1.0189697534983146,1.7129161500441314
HP,candidate_2,19,0.9827223303481885,1.7347816562223266,0.9827223303481885,1.7347816562223266
HP,candidate_2,20,1.0142607892597537,1.7635206144841513,1.0142607892597537,1.7635206144841513
HP,candidate_2,21,1.0071305639661638,1.8110729751531147,1.0071305639661638,1.8110729751531145
HP,candidate_2,22,0.9836748317705266,1.826468214074065,0.9836748317705266,1.826468214074065
HP,candidate_2,23,1.014038788958553,1.867522459673944,1.014038788958553,1.867522459673944
HP,candidate_2,24,1.003397084805766,1.8684202354687576,1.0033970848057663,1.8684202354687578
HP,E2_Top1,1,0.9090562444380057,0.8511799005658491,0.9090562444380057,0.8511799005658491
HP,E2_Top1,2,0.8952459696001966,0.7763618446078542,0.8952459696001966,0.7763618446078543
HP,E2_Top1,3,0.8714553156541865,0.7573685004095791,0.8714553156541865,0.757368500409579
HP,E2_Top1,4,0.8166132813790664,0.7562928033214624,0.8166132813790663,0.7562928033214624
HP,E2_Top1,5,0.7468165506853585,0.7469791100842853,0.7468165506853585,0.7469791100842853
HP,E2_Top1,6,0.6759408062312695,0.7235976938229031,0.6759408062312695,0.7235976938229032
HP,E2_Top1,7,0.6752513033548405,0.7555138802393914,0.6752513033548405,0.7555138802393915
HP,E2_Top1,8,0.6653485184451703,0.7876766513530759,0.6653485184451703,0.7876766513530757
HP,E2_Top1,9,0.664055520414953,0.8024228767133296,0.664055520414953,0.8024228767133296
HP,E2_Top1,10,0.6449706569839039,0.8047064412812823,0.6449706569839038,0.8047064412812823
HP,E2_Top1,11,0.6454386382920045,0.8681968948744451,0.6454386382920044,0.8681968948744452
HP,E2_Top1,12,0.6716009851311942,0.934927323568071,0.6716009851311942,0.9349273235680708
HP,E2_Top1,13,0.6505479449273983,0.8963571782067207,0.6505479449273983,0.8963571782067206
HP,E2_Top1,14,0.7138134702553701,0.9396870937887467,0.7138134702553701,0.9396870937887467
HP,E2_Top1,15,0.6911542596240838,0.9771445029690649,0.6911542596240838,0.9771445029690649
HP,E2_Top1,16,0.692810609284635,0.9873453301051146,0.6928106092846349,0.9873453301051145
HP,E2_Top1,17,0.6835136154052839,0.9617348170074015,0.6835136154052839,0.9617348170074016
HP,E2_Top1,18,0.7087929614400938,1.0356465645870085,0.7087929614400938,1.0356465645870085
HP,E2_Top1,19,0.7268912526691425,1.0700678771374743,0.7268912526691425,1.0700678771374743
HP,E2_Top1,20,0.6757427612024964,1.039284577723861,0.6757427612024964,1.039284577723861
HP,E2_Top1,21,0.7410782298525538,1.1076415559146369,0.7410782298525536,1.1076415559146369
HP,E2_Top1,22,0.7715066831632711,1.1505536252638393,0.771506683163271,1.1505536252638393
HP,E2_Top1,23,0.7518303408764788,1.150051647327082,0.7518303408764788,1.1500516473270823
HP,E2_Top1,24,0.7421646850355974,1.105184212613842,0.7421646850355974,1.105184212613842
HP,Equal,1,0.7665477053519991,0.7142824545765931,0.7665477053519991,0.7142824545765931
HP,Equal,2,0.7314796498735707,0.6055654793416263,0.7314796498735707,0.6055654793416263
HP,Equal,3,0.6258501144536235,0.5886654495161215,0.6258501144536236,0.5886654495161215
HP,Equal,4,0.6458829694389427,0.5483509171271497,0.6458829694389427,0.5483509171271497
HP,Equal,5,0.6120163623497792,0.5732967885167866,0.6120163623497792,0.5732967885167866
HP,Equal,6,0.5661286661792704,0.6478279479700201,0.5661286661792704,0.6478279479700202
HP,Equal,7,0.5568817158828964,0.6832716837977019,0.5568817158828964,0.6832716837977018
HP,Equal,8,0.5356761834351554,0.702976735825982,0.5356761834351556,0.702976735825982
HP,Equal,9,0.564157974220385,0.7331217855636023,0.564157974220385,0.7331217855636023
HP,Equal,10,0.553500573822639,0.7571873622273182,0.553500573822639,0.7571873622273182
HP,Equal,11,0.536075518721913,0.7995566443368147,0.5360755187219131,0.7995566443368148
HP,Equal,12,0.535631254723709,0.8088928785495906,0.535631254723709,0.8088928785495907
HP,Equal,13,0.5871304302654063,0.8372481072452196,0.5871304302654063,0.8372481072452196
HP,Equal,14,0.5876289294171702,0.8548248438403592,0.58762892941717,0.8548248438403592
HP,Equal,15,0.548024167562877,0.8625518246260098,0.548024167562877,0.8625518246260098
HP,Equal,16,0.5859225319977739,0.8851294421104834,0.5859225319977739,0.8851294421104834
HP,Equal,17,0.5858440630913735,0.8906463703023809,0.5858440630913735,0.8906463703023809
HP,Equal,18,0.5829189824368756,0.9257999477029935,0.5829189824368755,0.9257999477029935
HP,Equal,19,0.5753597072072822,0.9222659302699016,0.5753597072072821,0.9222659302699017
HP,Equal,20,0.5704901990966356,0.9439822382780086,0.5704901990966356,0.9439822382780088
HP,Equal,21,0.5750194904180781,0.9545739288816872,0.5750194904180781,0.9545739288816872
HP,Equal,22,0.5766483699146789,0.9830356054264683,0.5766483699146789,0.9830356054264684
HP,Equal,23,0.5956619024049363,0.994092420456797,0.5956619024049363,0.9940924204567971
HP,Equal,24,0.6077447165977337,1.0068822175561418,0.6077447165977337,1.006882217556142
HP,E2_probability,1,0.7748081716582489,0.725638606602967,0.7748081716582489,0.7256386066029669
HP,E2_probability,2,0.7505477632887263,0.6223248479016081,0.7505477632887264,0.6223248479016081
HP,E2_probability,3,0.6585990468080137,0.6168840696861324,0.6585990468080137,0.6168840696861324
HP,E2_probability,4,0.6665988170943611,0.5739361998395718,0.6665988170943611,0.5739361998395717
HP,E2_probability,5,0.6309017248055857,0.6046170571272869,0.6309017248055858,0.6046170571272869
HP,E2_probability,6,0.5873206310867247,0.6771060537924661,0.5873206310867247,0.6771060537924661
HP,E2_probability,7,0.5761267814911897,0.7110850860299212,0.5761267814911897,0.7110850860299212
HP,E2_probability,8,0.557212290086114,0.7344964054073561,0.5572122900861141,0.7344964054073562
HP,E2_probability,9,0.5881569168575712,0.7703231532047815,0.5881569168575713,0.7703231532047815
HP,E2_probability,10,0.5739404191724544,0.7915841787512711,0.5739404191724544,0.7915841787512711
HP,E2_probability,11,0.5585950815124405,0.8395070461649632,0.5585950815124405,0.8395070461649634
HP,E2_probability,12,0.5583035506168628,0.8537343648628044,0.5583035506168628,0.8537343648628046
HP,E2_probability,13,0.6091770228882267,0.8825399863385295,0.6091770228882267,0.8825399863385295
HP,E2_probability,14,0.6091314940760735,0.8975360176711715,0.6091314940760735,0.8975360176711715
HP,E2_probability,15,0.5701657126542204,0.9064025643834146,0.5701657126542204,0.9064025643834144
HP,E2_probability,16,0.6074202929777754,0.932078017600162,0.6074202929777753,0.932078017600162
HP,E2_probability,17,0.6021066184095989,0.9330233018239307,0.6021066184095989,0.9330233018239307
HP,E2_probability,18,0.6009748783768758,0.9700234248514028,0.6009748783768758,0.9700234248514028
HP,E2_probability,19,0.5920856561734992,0.9672585825287965,0.5920856561734992,0.9672585825287965
HP,E2_probability,20,0.5871765458190081,0.991219192249966,0.5871765458190081,0.9912191922499661
HP,E2_probability,21,0.5880196526253185,1.0011337017043587,0.5880196526253185,1.0011337017043584
HP,E2_probability,22,0.5905781425587667,1.0238161811817488,0.5905781425587667,1.0238161811817488
HP,E2_probability,23,0.6061718455668491,1.0410985650573128,0.6061718455668491,1.0410985650573128
HP,E2_probability,24,0.6153959725239253,1.0464447146659697,0.6153959725239253,1.0464447146659697
HP,Constant_alpha_train,1,0.7636134837256257,0.6525716239070178,0.7636134837256257,0.6525716239070178
HP,Constant_alpha_train,2,0.6722962716309505,0.5965527534073687,0.6722962716309505,0.5965527534073687
HP,Constant_alpha_train,3,0.5743963960283717,0.4785578301103436,0.5743963960283716,0.4785578301103436
HP,Constant_alpha_train,4,0.583146133846274,0.5040031943105782,0.583146133846274,0.5040031943105782
HP,Constant_alpha_train,5,0.5235312830072492,0.411077294111311,0.5235312830072492,0.411077294111311
HP,Constant_alpha_train,6,0.42862964386011904,0.37942214164632515,0.42862964386011904,0.37942214164632515
HP,Constant_alpha_train,7,0.45693282664251644,0.42256874342245665,0.45693282664251644,0.42256874342245665
HP,Constant_alpha_train,8,0.4249802100294373,0.4253044563340635,0.4249802100294373,0.42530445633406344
HP,Constant_alpha_train,9,0.3961906165241271,0.388988182141511,0.3961906165241271,0.388988182141511
HP,Constant_alpha_train,10,0.38910011097908964,0.3883428933341337,0.3891001109790896,0.3883428933341337
HP,Constant_alpha_train,11,0.38626281046224176,0.41353993698106106,0.38626281046224176,0.41353993698106106
HP,Constant_alpha_train,12,0.4213779097859868,0.4507232298067784,0.42137790978598677,0.4507232298067784
HP,Constant_alpha_train,13,0.37976934430298914,0.3816317568096217,0.37976934430298914,0.3816317568096217
HP,Constant_alpha_train,14,0.46803869076658966,0.4459104789436996,0.46803869076658966,0.4459104789436996
HP,Constant_alpha_train,15,0.4569990461328934,0.4687500437007921,0.45699904613289344,0.46875004370079204
HP,Constant_alpha_train,16,0.4564637500161765,0.4385580747651656,0.45646375001617656,0.4385580747651656
HP,Constant_alpha_train,17,0.47297323318046824,0.4403391504479598,0.4729732331804683,0.4403391504479598
HP,Constant_alpha_train,18,0.48054569726735613,0.5026569137200261,0.4805456972673561,0.5026569137200261
HP,Constant_alpha_train,19,0.5196753784801579,0.5143165089447489,0.5196753784801578,0.5143165089447488
HP,Constant_alpha_train,20,0.4582278200149408,0.46567807833865765,0.4582278200149407,0.46567807833865765
HP,Constant_alpha_train,21,0.5611975874265538,0.5332210009097647,0.5611975874265538,0.5332210009097647
HP,Constant_alpha_train,22,0.5903806476622826,0.5898443120178415,0.5903806476622826,0.5898443120178414
HP,Constant_alpha_train,23,0.5773144674902861,0.5523070380803548,0.5773144674902861,0.5523070380803548
HP,Constant_alpha_train,24,0.596141661803289,0.5587861522565671,0.5961416618032891,0.5587861522565671
HP,Constant_logit_train,1,0.7817973620186378,0.674999839607183,0.7817973620186378,0.674999839607183
HP,Constant_logit_train,2,0.6909479409150631,0.6190794705528109,0.6909479409150631,0.6190794705528109
HP,Constant_logit_train,3,0.5975217173666594,0.4925828750645578,0.5975217173666594,0.4925828750645578
HP,Constant_logit_train,4,0.6034872068974658,0.5307056565594108,0.6034872068974658,0.5307056565594108
HP,Constant_logit_train,5,0.5360688491440422,0.4339125086877324,0.5360688491440422,0.43391250868773235
HP,Constant_logit_train,6,0.43834376806650877,0.374483734118336,0.4383437680665087,0.374483734118336
HP,Constant_logit_train,7,0.46544516052010726,0.4162381634663731,0.4654451605201072,0.4162381634663731
HP,Constant_logit_train,8,0.4337360175267745,0.4142601101237242,0.43373601752677454,0.41426011012372427
HP,Constant_logit_train,9,0.3982372250860249,0.37276405979098687,0.3982372250860249,0.3727640597909869
HP,Constant_logit_train,10,0.393192329579097,0.37049706827518786,0.393192329579097,0.37049706827518786
HP,Constant_logit_train,11,0.39357501543291007,0.39443859763469896,0.39357501543291007,0.39443859763469896
HP,Constant_logit_train,12,0.43063241892974735,0.4345177231750713,0.43063241892974735,0.43451772317507137
HP,Constant_logit_train,13,0.3787614406239571,0.3570023190451698,0.3787614406239571,0.3570023190451699
HP,Constant_logit_train,14,0.4734395757656058,0.4253736139003783,0.47343957576560575,0.4253736139003783
HP,Constant_logit_train,15,0.4661759547684362,0.4515482430840002,0.4661759547684362,0.4515482430840002
HP,Constant_logit_train,16,0.4615900756357914,0.42140954809608927,0.4615900756357914,0.4214095480960893
HP,Constant_logit_train,17,0.4786265253522919,0.4180747747550017,0.4786265253522919,0.4180747747550017
HP,Constant_logit_train,18,0.4914466169114088,0.48371285207865594,0.4914466169114088,0.4837128520786559
HP,Constant_logit_train,19,0.532666944285668,0.5020935434319918,0.532666944285668,0.5020935434319918
HP,Constant_logit_train,20,0.46887261676742925,0.4467355974792253,0.4688726167674293,0.4467355974792253
HP,Constant_logit_train,21,0.5807907602757427,0.5243881235415488,0.5807907602757427,0.5243881235415487
HP,Constant_logit_train,22,0.6118339736792342,0.5901759707667616,0.6118339736792342,0.5901759707667615
HP,Constant_logit_train,23,0.5984898075320323,0.5503868721113506,0.5984898075320324,0.5503868721113506
HP,Constant_logit_train,24,0.6151522512551537,0.5491246351642175,0.6151522512551537,0.5491246351642175
HP,Validation_fixed_candidate,1,0.8047137695318936,0.7048696950541735,0.8047137695318937,0.7048696950541734
HP,Validation_fixed_candidate,2,0.7145742878448057,0.6454508883048413,0.7145742878448057,0.6454508883048413
HP,Validation_fixed_candidate,3,0.6222908827431646,0.5093074453650699,0.6222908827431646,0.5093074453650699
HP,Validation_fixed_candidate,4,0.6283245443450624,0.5617810224484321,0.6283245443450625,0.5617810224484322
HP,Validation_fixed_candidate,5,0.5524004402269517,0.4613539135717289,0.5524004402269517,0.4613539135717289
HP,Validation_fixed_candidate,6,0.453023270095847,0.37434259847015916,0.453023270095847,0.3743425984701591
HP,Validation_fixed_candidate,7,0.47787385938958094,0.4138004135131498,0.47787385938958094,0.4138004135131498
HP,Validation_fixed_candidate,8,0.44784711499950025,0.40588576613338245,0.44784711499950025,0.4058857661333824
HP,Validation_fixed_candidate,9,0.4051179185387144,0.36004872437044544,0.4051179185387144,0.36004872437044544
HP,Validation_fixed_candidate,10,0.4062835042734678,0.35604910069496215,0.4062835042734678,0.3560491006949622
HP,Validation_fixed_candidate,11,0.40687735925130264,0.37800556157720816,0.40687735925130264,0.37800556157720816
HP,Validation_fixed_candidate,12,0.4450804854686813,0.41993021593343993,0.4450804854686813,0.4199302159334399
HP,Validation_fixed_candidate,13,0.3860564599631589,0.3378125438098851,0.38605645996315896,0.33781254380988507
HP,Validation_fixed_candidate,14,0.48440352910969775,0.4098318321518959,0.48440352910969775,0.40983183215189595
HP,Validation_fixed_candidate,15,0.48040374218775017,0.4536634276317932,0.4804037421877502,0.45366342763179324
HP,Validation_fixed_candidate,16,0.4733228267247731,0.4326039001409612,0.4733228267247731,0.4326039001409612
HP,Validation_fixed_candidate,17,0.49342321141852075,0.42152241645544913,0.4934232114185207,0.42152241645544913
HP,Validation_fixed_candidate,18,0.5114787114396198,0.4886939947071561,0.5114787114396196,0.488693994707156
HP,Validation_fixed_candidate,19,0.551250270315246,0.5273555226523009,0.551250270315246,0.5273555226523008
HP,Validation_fixed_candidate,20,0.48740844804659617,0.4577467204905679,0.48740844804659617,0.4577467204905679
HP,Validation_fixed_candidate,21,0.6064908038141863,0.53933399697714,0.6064908038141863,0.53933399697714
HP,Validation_fixed_candidate,22,0.6382062389038294,0.6207921320151149,0.6382062389038294,0.6207921320151149
HP,Validation_fixed_candidate,23,0.6252791586934833,0.5731887008912196,0.6252791586934834,0.5731887008912196
HP,Validation_fixed_candidate,24,0.6420008093545368,0.5659432542786009,0.6420008093545368,0.5659432542786009
HP,T2C_frozen,1,0.607385483125017,0.5224709876172464,0.607385483125017,0.5224709876172463
HP,T2C_frozen,2,0.5865164935953143,0.5523631863206003,0.5865164935953143,0.5523631863206003
HP,T2C_frozen,3,0.565287411935364,0.4932470507838269,0.5652874119353641,0.4932470507838269
HP,T2C_frozen,4,0.5333590836793336,0.4864721100442492,0.5333590836793335,0.4864721100442491
HP,T2C_frozen,5,0.463866373450163,0.39802514940648154,0.463866373450163,0.3980251494064815
HP,T2C_frozen,6,0.396042269426805,0.3478106076268117,0.396042269426805,0.3478106076268117
HP,T2C_frozen,7,0.4081320386717788,0.3744145297239583,0.4081320386717787,0.3744145297239583
HP,T2C_frozen,8,0.3721247071573559,0.3500056115309626,0.3721247071573559,0.35000561153096255
HP,T2C_frozen,9,0.374395399260347,0.34236658827990885,0.374395399260347,0.34236658827990885
HP,T2C_frozen,10,0.35163640155555803,0.33471534991953455,0.351636401555558,0.33471534991953455
HP,T2C_frozen,11,0.3686693531798044,0.35844851307750913,0.3686693531798044,0.3584485130775092
HP,T2C_frozen,12,0.37187102085383716,0.34078242339211506,0.37187102085383716,0.34078242339211506
HP,T2C_frozen,13,0.3532460196240853,0.33129815124085915,0.3532460196240853,0.3312981512408592
HP,T2C_frozen,14,0.38456030232500726,0.3385948997727541,0.38456030232500726,0.33859489977275414
HP,T2C_frozen,15,0.39042191715145846,0.34315551527098664,0.39042191715145846,0.3431555152709866
HP,T2C_frozen,16,0.3985851399393581,0.34463131641028333,0.3985851399393581,0.34463131641028333
HP,T2C_frozen,17,0.3775552589888891,0.3257461655070075,0.37755525898888914,0.3257461655070075
HP,T2C_frozen,18,0.39338238639938694,0.36201795248125035,0.39338238639938694,0.36201795248125035
HP,T2C_frozen,19,0.40747731137627563,0.3580371821070102,0.40747731137627563,0.3580371821070102
HP,T2C_frozen,20,0.37556650324824226,0.35609459102391094,0.37556650324824226,0.3560945910239109
HP,T2C_frozen,21,0.4196684025318194,0.3819651359000167,0.41966840253181936,0.3819651359000167
HP,T2C_frozen,22,0.4311153921703963,0.4095712780148018,0.4311153921703963,0.40957127801480187
HP,T2C_frozen,23,0.4501455658147192,0.4149932791621762,0.45014556581471915,0.4149932791621762
HP,T2C_frozen,24,0.4509120026568808,0.3956169536147143,0.4509120026568808,0.3956169536147143
