boundary,Re,start,candidate_1,candidate_2,T2_C_alpha_candidate_1
HP,100.500000,506,Periodic,Hopf,0.9790508151
HP,100.500000,520,Periodic,Hopf,0.4196893871
HP,100.500000,534,Periodic,Hopf,0.4514122307
HP,100.500000,548,Periodic,Hopf,0.4764285386
HP,100.500000,562,Periodic,Hopf,0.5082471371
HP,100.500000,576,Periodic,Hopf,0.5316278934
HP,100.500000,590,Periodic,Hopf,0.6630765796
HP,100.500000,605,Periodic,Hopf,0.6666263342
HP,102.000000,1010,Periodic,Hopf,0.9806753993
HP,102.000000,1024,Periodic,Hopf,0.3967778087
HP,102.000000,1038,Periodic,Hopf,0.5843574405
HP,102.000000,1052,Periodic,Hopf,0.6466483474
HP,102.000000,1066,Periodic,Hopf,0.7805032730
HP,102.000000,1080,Periodic,Hopf,0.7907842994
HP,102.000000,1094,Periodic,Hopf,0.7015200257
HP,102.000000,1109,Periodic,Hopf,0.7935953736
