regime,model,seed,K,complete,total,divergent,parameter_count,Eu,Ep,joint
H,LSTM,1248,24,42,42,0,108608,0.013975641911056907,0.06784353663294489,0.08181917854400177
H,LSTM,1248,48,42,42,0,108608,0.06587260353665188,0.3245482791690785,0.39042088270573044
H,LSTM,1600,24,42,42,0,108608,0.01281003073329958,0.05137492309743458,0.06418495383073416
H,LSTM,1600,48,42,42,0,108608,0.09348437969684832,0.4419878066903286,0.535472186387177
H,LSTM,2026,24,42,42,0,108608,0.023729391000985745,0.10989825824410711,0.13362764924509288
H,LSTM,2026,48,42,42,0,108608,0.21120135113667057,1.0310262888232515,1.2422276399599224
H,GRU,1248,24,42,42,0,182592,0.008137873990346609,0.03770153098701342,0.04583940497736002
H,GRU,1248,48,42,42,0,182592,0.018770034629557498,0.08837751369685,0.10714754832640754
H,GRU,1600,24,42,42,0,182592,0.009155337748410467,0.03668044054578044,0.045835778294190915
H,GRU,1600,48,42,42,0,182592,0.01658057073808922,0.06942028837601744,0.08600085911410665
H,GRU,2026,24,42,42,0,182592,0.009866493208976427,0.046369685203128376,0.0562361784121048
H,GRU,2026,48,42,42,0,182592,0.06121921102071631,0.29082689303391357,0.3520461040546299
P,LSTM,1248,24,32,32,0,108608,0.5034352806561196,2.227795607965753,2.731230888621872
P,LSTM,1248,48,32,32,0,108608,0.6856481950285594,2.868431807978256,3.554080003006815
P,LSTM,1600,24,32,32,0,108608,0.48980320191929644,2.202961006618874,2.6927642085381702
P,LSTM,1600,48,32,32,0,108608,0.6178289097659823,2.6292775200975713,3.247106429863554
P,LSTM,2026,24,32,32,0,108608,0.5844986140702069,2.5065533056532603,3.091051919723467
P,LSTM,2026,48,32,32,0,108608,0.76018838526215,3.163756600560891,3.9239449858230406
P,GRU,1248,24,32,32,0,83520,0.5384788330832766,2.3001476745507365,2.838626507634013
P,GRU,1248,48,32,32,0,83520,0.749513299326609,2.945826465767131,3.69533976509374
P,GRU,1600,24,32,32,0,83520,0.496282050101934,2.331865482100858,2.828147532202792
P,GRU,1600,48,32,32,0,83520,0.6832435927399427,3.0550549136325613,3.7382985063725047
P,GRU,2026,24,32,32,0,83520,0.6054097134722561,2.6187115900101388,3.2241213034823946
P,GRU,2026,48,32,32,0,83520,0.8529767928221175,3.5440883159869045,4.397065108809022
