overlap,split,window,Re,E2_pair_probability,T2C_alpha,constant_alpha,validation_scalar
SH,train,0,94.0,0.3563268482685089,0.7470184564590454,0.3578505549623222,0.0349
SH,train,1,94.0,0.3563268482685089,0.028093470260500908,0.3578505549623222,0.0349
SH,train,2,94.0,0.3563268482685089,0.0016068636905401945,0.3578505549623222,0.0349
SH,train,3,94.0,0.3563268482685089,0.0024528822395950556,0.3578505549623222,0.0349
SH,train,4,94.0,0.3563268482685089,0.001431920100003481,0.3578505549623222,0.0349
SH,train,5,94.0,0.3563268482685089,0.015264547429978848,0.3578505549623222,0.0349
SH,train,6,94.0,0.3563268482685089,0.02008701115846634,0.3578505549623222,0.0349
SH,train,7,94.0,0.3563268482685089,0.0008471539476886392,0.3578505549623222,0.0349
SH,train,8,95.0,0.25505757331848145,0.7694745659828186,0.3578505549623222,0.0349
SH,train,9,95.0,0.25505757331848145,0.0009000572608783841,0.3578505549623222,0.0349
SH,train,10,95.0,0.25505757331848145,3.349697726662271e-05,0.3578505549623222,0.0349
SH,train,11,95.0,0.25505757331848145,5.8210716815665364e-05,0.3578505549623222,0.0349
SH,train,12,95.0,0.25505757331848145,0.00021972112881485373,0.3578505549623222,0.0349
SH,train,13,95.0,0.25505757331848145,0.000635086209513247,0.3578505549623222,0.0349
SH,train,14,95.0,0.25505757331848145,0.001003214274533093,0.3578505549623222,0.0349
SH,train,15,95.0,0.25505757331848145,3.151074270135723e-05,0.3578505549623222,0.0349
SH,train,16,95.05,0.25054940581321716,0.7706489562988281,0.3578505549623222,0.0349
SH,train,17,95.05,0.25054940581321716,0.0007167076109908521,0.3578505549623222,0.0349
SH,train,18,95.05,0.25054940581321716,2.6706326025305316e-05,0.3578505549623222,0.0349
SH,train,19,95.05,0.25054940581321716,4.621197149390355e-05,0.3578505549623222,0.0349
SH,train,20,95.05,0.25054940581321716,0.00017916627984959632,0.3578505549623222,0.0349
SH,train,21,95.05,0.25054940581321716,0.0005186321213841438,0.3578505549623222,0.0349
SH,train,22,95.05,0.25054940581321716,0.0008254855638369918,0.3578505549623222,0.0349
SH,train,23,95.05,0.25054940581321716,2.575550570327323e-05,0.3578505549623222,0.0349
SH,train,24,95.15,0.2417035549879074,0.7729400396347046,0.3578505549623222,0.0349
SH,train,25,95.15,0.2417035549879074,0.00045054571819491684,0.3578505549623222,0.0349
SH,train,26,95.15,0.2417035549879074,1.6694319128873758e-05,0.3578505549623222,0.0349
SH,train,27,95.15,0.2417035549879074,2.9422075385809876e-05,0.3578505549623222,0.0349
SH,train,28,95.15,0.2417035549879074,0.0001154740821220912,0.3578505549623222,0.0349
SH,train,29,95.15,0.2417035549879074,0.00034727080492302775,0.3578505549623222,0.0349
SH,train,30,95.15,0.2417035549879074,0.0005575584946200252,0.3578505549623222,0.0349
SH,train,31,95.15,0.2417035549879074,1.7303616914432496e-05,0.3578505549623222,0.0349
SH,train,32,95.2,0.23736624419689178,0.7740517258644104,0.3578505549623222,0.0349
SH,train,33,95.2,0.23736624419689178,0.0003551095724105835,0.3578505549623222,0.0349
SH,train,34,95.2,0.23736624419689178,1.3230795957497321e-05,0.3578505549623222,0.0349
SH,train,35,95.2,0.23736624419689178,2.3295484425034374e-05,0.3578505549623222,0.0349
SH,train,36,95.2,0.23736624419689178,9.232766751665622e-05,0.3578505549623222,0.0349
SH,train,37,95.2,0.23736624419689178,0.00027850453625433147,0.3578505549623222,0.0349
SH,train,38,95.2,0.23736624419689178,0.0004629849281627685,0.3578505549623222,0.0349
SH,train,39,95.2,0.23736624419689178,1.4179824574966915e-05,0.3578505549623222,0.0349
SH,train,40,95.35,0.22469566762447357,0.7772250175476074,0.3578505549623222,0.0349
SH,train,41,95.35,0.22469566762447357,0.00016983320529107004,0.3578505549623222,0.0349
SH,train,42,95.35,0.22469566762447357,6.350985586323077e-06,0.3578505549623222,0.0349
SH,train,43,95.35,0.22469566762447357,1.1533303222677205e-05,0.3578505549623222,0.0349
SH,train,44,95.35,0.22469566762447357,4.59317525383085e-05,0.3578505549623222,0.0349
SH,train,45,95.35,0.22469566762447357,0.00014692009426653385,0.3578505549623222,0.0349
SH,train,46,95.35,0.22469566762447357,0.0002540655550546944,0.3578505549623222,0.0349
SH,train,47,95.35,0.22469566762447357,7.528721653216053e-06,0.3578505549623222,0.0349
SH,train,48,95.4,0.22058643400669098,0.7782221436500549,0.3578505549623222,0.0349
SH,train,49,95.4,0.22058643400669098,0.0001323520700680092,0.3578505549623222,0.0349
SH,train,50,95.4,0.22058643400669098,4.963643732480705e-06,0.3578505549623222,0.0349
SH,train,51,95.4,0.22058643400669098,9.111686267715413e-06,0.3578505549623222,0.0349
SH,train,52,95.4,0.22058643400669098,3.646507684607059e-05,0.3578505549623222,0.0349
SH,train,53,95.4,0.22058643400669098,0.00011856650962727144,0.3578505549623222,0.0349
SH,train,54,95.4,0.22058643400669098,0.00020547049643937498,0.3578505549623222,0.0349
SH,train,55,95.4,0.22058643400669098,6.0658326219709124e-06,0.3578505549623222,0.0349
SH,validation,56,94.5,0.3031606078147888,0.7573754787445068,0.3578505549623222,0.0349
SH,validation,57,94.5,0.3031606078147888,0.006563416216522455,0.3578505549623222,0.0349
SH,validation,58,94.5,0.3031606078147888,0.0002841972454916686,0.3578505549623222,0.0349
SH,validation,59,94.5,0.3031606078147888,0.00045893891365267336,0.3578505549623222,0.0349
SH,validation,60,94.5,0.3031606078147888,0.001512721530161798,0.3578505549623222,0.0349
SH,validation,61,94.5,0.3031606078147888,0.0038849266711622477,0.3578505549623222,0.0349
SH,validation,62,94.5,0.3031606078147888,0.005425962619483471,0.3578505549623222,0.0349
SH,validation,63,94.5,0.3031606078147888,0.00019505848467815667,0.3578505549623222,0.0349
SH,validation,64,95.25,0.2330852746963501,0.7751379609107971,0.3578505549623222,0.0349
SH,validation,65,95.25,0.2330852746963501,0.00027902680449187756,0.3578505549623222,0.0349
SH,validation,66,95.25,0.2330852746963501,1.035837340168655e-05,0.3578505549623222,0.0349
SH,validation,67,95.25,0.2330852746963501,1.8496843040338717e-05,0.3578505549623222,0.0349
SH,validation,68,95.25,0.2330852746963501,7.317511335713789e-05,0.3578505549623222,0.0349
SH,validation,69,95.25,0.2330852746963501,0.00022569183784071356,0.3578505549623222,0.0349
SH,validation,70,95.25,0.2330852746963501,0.00037708066520281136,0.3578505549623222,0.0349
SH,validation,71,95.25,0.2330852746963501,1.1499257198011037e-05,0.3578505549623222,0.0349
SH,heldout,0,95.1,0.24609844386577606,0.7718048691749573,0.3578505549623222,0.0349
SH,heldout,1,95.1,0.24609844386577606,0.0005701912450604141,0.3578505549623222,0.0349
SH,heldout,2,95.1,0.24609844386577606,2.1023155568400398e-05,0.3578505549623222,0.0349
SH,heldout,3,95.1,0.24609844386577606,3.6884168366668746e-05,0.3578505549623222,0.0349
SH,heldout,4,95.1,0.24609844386577606,0.00014169616042636335,0.3578505549623222,0.0349
SH,heldout,5,95.1,0.24609844386577606,0.00042514249798841774,0.3578505549623222,0.0349
SH,heldout,6,95.1,0.24609844386577606,0.0006787540041841567,0.3578505549623222,0.0349
SH,heldout,7,95.1,0.24609844386577606,2.1258838387439027e-05,0.3578505549623222,0.0349
SH,heldout,8,95.3,0.2288614809513092,0.776196300983429,0.3578505549623222,0.0349
SH,heldout,9,95.3,0.2288614809513092,0.00021773160551674664,0.3578505549623222,0.0349
SH,heldout,10,95.3,0.2288614809513092,8.066358532232698e-06,0.3578505549623222,0.0349
SH,heldout,11,95.3,0.2288614809513092,1.4569840459444094e-05,0.3578505549623222,0.0349
SH,heldout,12,95.3,0.2288614809513092,5.804541797260754e-05,0.3578505549623222,0.0349
SH,heldout,13,95.3,0.2288614809513092,0.0001832786510931328,0.3578505549623222,0.0349
SH,heldout,14,95.3,0.2288614809513092,0.00031034855055622756,0.3578505549623222,0.0349
SH,heldout,15,95.3,0.2288614809513092,9.332557056040969e-06,0.3578505549623222,0.0349
HP,train,0,98.5,0.21920856833457947,0.9774428606033325,0.928683495425285,0.89
HP,train,1,98.5,0.21920856833457947,0.41384804248809814,0.928683495425285,0.89
HP,train,2,98.5,0.21920856833457947,0.3266257643699646,0.928683495425285,0.89
HP,train,3,98.5,0.21920856833457947,0.32219183444976807,0.928683495425285,0.89
HP,train,4,98.5,0.21920856833457947,0.321002721786499,0.928683495425285,0.89
HP,train,5,98.5,0.21920856833457947,0.4190746545791626,0.928683495425285,0.89
HP,train,6,98.5,0.21920856833457947,0.32817861437797546,0.928683495425285,0.89
HP,train,7,98.5,0.21920856833457947,0.33416298031806946,0.928683495425285,0.89
HP,train,8,99.5,0.2958628535270691,0.978420078754425,0.928683495425285,0.89
HP,train,9,99.5,0.2958628535270691,0.4283550977706909,0.928683495425285,0.89
HP,train,10,99.5,0.2958628535270691,0.38235342502593994,0.928683495425285,0.89
HP,train,11,99.5,0.2958628535270691,0.38628366589546204,0.928683495425285,0.89
HP,train,12,99.5,0.2958628535270691,0.5062810182571411,0.928683495425285,0.89
HP,train,13,99.5,0.2958628535270691,0.5330451726913452,0.928683495425285,0.89
HP,train,14,99.5,0.2958628535270691,0.42605772614479065,0.928683495425285,0.89
HP,train,15,99.5,0.2958628535270691,0.4331108033657074,0.928683495425285,0.89
HP,train,16,100.0,0.3394884467124939,0.9787327647209167,0.928683495425285,0.89
HP,train,17,100.0,0.3394884467124939,0.4264049232006073,0.928683495425285,0.89
HP,train,18,100.0,0.3394884467124939,0.4149385988712311,0.928683495425285,0.89
HP,train,19,100.0,0.3394884467124939,0.42789483070373535,0.928683495425285,0.89
HP,train,20,100.0,0.3394884467124939,0.44967350363731384,0.928683495425285,0.89
HP,train,21,100.0,0.3394884467124939,0.4709838032722473,0.928683495425285,0.89
HP,train,22,100.0,0.3394884467124939,0.6094398498535156,0.928683495425285,0.89
HP,train,23,100.0,0.3394884467124939,0.615683913230896,0.928683495425285,0.89
HP,train,24,101.0,0.4344261586666107,0.9794486165046692,0.928683495425285,0.89
HP,train,25,101.0,0.4344261586666107,0.41058653593063354,0.928683495425285,0.89
HP,train,26,101.0,0.4344261586666107,0.49201592803001404,0.928683495425285,0.89
HP,train,27,101.0,0.4344261586666107,0.5308040976524353,0.928683495425285,0.89
HP,train,28,101.0,0.4344261586666107,0.5698947310447693,0.928683495425285,0.89
HP,train,29,101.0,0.4344261586666107,0.5915287733078003,0.928683495425285,0.89
HP,train,30,101.0,0.4344261586666107,0.5988981127738953,0.928683495425285,0.89
HP,train,31,101.0,0.4344261586666107,0.7136302590370178,0.928683495425285,0.89
HP,validation,32,99.0,0.25564709305763245,0.9780234694480896,0.928683495425285,0.89
HP,validation,33,99.0,0.25564709305763245,0.424193412065506,0.928683495425285,0.89
HP,validation,34,99.0,0.25564709305763245,0.35314318537712097,0.928683495425285,0.89
HP,validation,35,99.0,0.25564709305763245,0.3514263331890106,0.928683495425285,0.89
HP,validation,36,99.0,0.25564709305763245,0.35515379905700684,0.928683495425285,0.89
HP,validation,37,99.0,0.25564709305763245,0.3635941743850708,0.928683495425285,0.89
HP,validation,38,99.0,0.25564709305763245,0.37319326400756836,0.928683495425285,0.89
HP,validation,39,99.0,0.25564709305763245,0.38088682293891907,0.928683495425285,0.89
HP,validation,40,101.5,0.4840157628059387,0.9799802899360657,0.928683495425285,0.89
HP,validation,41,101.5,0.4840157628059387,0.40202659368515015,0.928683495425285,0.89
HP,validation,42,101.5,0.4840157628059387,0.5366246700286865,0.928683495425285,0.89
HP,validation,43,101.5,0.4840157628059387,0.5887196063995361,0.928683495425285,0.89
HP,validation,44,101.5,0.4840157628059387,0.6303489804267883,0.928683495425285,0.89
HP,validation,45,101.5,0.4840157628059387,0.6477717757225037,0.928683495425285,0.89
HP,validation,46,101.5,0.4840157628059387,0.6525475978851318,0.928683495425285,0.89
HP,validation,47,101.5,0.4840157628059387,0.7560518980026245,0.928683495425285,0.89
HP,heldout,0,100.5,0.38593795895576477,0.9790508151054382,0.928683495425285,0.89
HP,heldout,1,100.5,0.38593795895576477,0.4196893870830536,0.928683495425285,0.89
HP,heldout,2,100.5,0.38593795895576477,0.45141223073005676,0.928683495425285,0.89
HP,heldout,3,100.5,0.38593795895576477,0.4764285385608673,0.928683495425285,0.89
HP,heldout,4,100.5,0.38593795895576477,0.5082471370697021,0.928683495425285,0.89
HP,heldout,5,100.5,0.38593795895576477,0.531627893447876,0.928683495425285,0.89
HP,heldout,6,100.5,0.38593795895576477,0.6630765795707703,0.928683495425285,0.89
HP,heldout,7,100.5,0.38593795895576477,0.6666263341903687,0.928683495425285,0.89
HP,heldout,8,102.0,0.533687949180603,0.9806753993034363,0.928683495425285,0.89
HP,heldout,9,102.0,0.533687949180603,0.39677780866622925,0.928683495425285,0.89
HP,heldout,10,102.0,0.533687949180603,0.5843574404716492,0.928683495425285,0.89
HP,heldout,11,102.0,0.533687949180603,0.6466483473777771,0.928683495425285,0.89
HP,heldout,12,102.0,0.533687949180603,0.7805032730102539,0.928683495425285,0.89
HP,heldout,13,102.0,0.533687949180603,0.7907842993736267,0.928683495425285,0.89
HP,heldout,14,102.0,0.533687949180603,0.7015200257301331,0.928683495425285,0.89
HP,heldout,15,102.0,0.533687949180603,0.7935953736305237,0.928683495425285,0.89
