chart,channel,population,Re,group_id,expert_id,expert_label,decisions,activation_count,normalized_activation_frequency,selection_probability,mean_routing_mass
steady,u,macro_stage1,pooled,0,0,g0:e0,1344,2,0.000744047619047619,0.001488095238095238,0.0003072091910455908
steady,u,macro_stage1,pooled,0,1,g0:e1,1344,245,0.09114583333333333,0.18229166666666666,0.043298305123157445
steady,u,macro_stage1,pooled,0,2,g0:e2,1344,1,0.0003720238095238095,0.000744047619047619,0.00015602810751824152
steady,u,macro_stage1,pooled,0,3,g0:e3,1344,213,0.07924107142857142,0.15848214285714285,0.035519645061521304
steady,u,macro_stage1,pooled,0,4,g0:e4,1344,36,0.013392857142857142,0.026785714285714284,0.0062257464465108655
steady,u,macro_stage1,pooled,0,5,g0:e5,1344,115,0.042782738095238096,0.08556547619047619,0.019102137968210236
steady,u,macro_stage1,pooled,1,0,g1:e0,1344,118,0.04389880952380952,0.08779761904761904,0.019766457112772123
steady,u,macro_stage1,pooled,1,1,g1:e1,1344,279,0.10379464285714286,0.20758928571428573,0.048687658195073404
steady,u,macro_stage1,pooled,1,2,g1:e2,1344,104,0.03869047619047619,0.07738095238095238,0.017287416915808405
steady,u,macro_stage1,pooled,1,3,g1:e3,1344,486,0.18080357142857142,0.36160714285714285,0.07693865651353485
steady,u,macro_stage1,pooled,1,4,g1:e4,1344,775,0.2883184523809524,0.5766369047619048,0.13877674023665132
steady,u,macro_stage1,pooled,1,5,g1:e5,1344,78,0.029017857142857144,0.05803571428571429,0.013054006489082462
steady,u,macro_stage1,pooled,2,0,g2:e0,1344,29,0.010788690476190476,0.021577380952380952,0.004980076570063829
steady,u,macro_stage1,pooled,2,1,g2:e1,1344,87,0.03236607142857143,0.06473214285714286,0.015228787060117438
steady,u,macro_stage1,pooled,2,2,g2:e2,1344,3,0.0011160714285714285,0.002232142857142857,0.0005070309465130171
steady,u,macro_stage1,pooled,2,3,g2:e3,1344,33,0.012276785714285714,0.024553571428571428,0.0055880020594313035
steady,u,macro_stage1,pooled,2,4,g2:e4,1344,61,0.02269345238095238,0.04538690476190476,0.010185608496179893
steady,u,macro_stage1,pooled,2,5,g2:e5,1344,23,0.00855654761904762,0.01711309523809524,0.0038499409288522742
steady,u,macro_stage1,24.630435943603516,0,0,g0:e0,336,0,0.0,0.0,0.0
steady,u,macro_stage1,24.630435943603516,0,1,g0:e1,336,117,0.17410714285714285,0.3482142857142857,0.08281637475426708
steady,u,macro_stage1,24.630435943603516,0,2,g0:e2,336,0,0.0,0.0,0.0
steady,u,macro_stage1,24.630435943603516,0,3,g0:e3,336,84,0.125,0.25,0.05444850861316636
steady,u,macro_stage1,24.630435943603516,0,4,g0:e4,336,18,0.026785714285714284,0.05357142857142857,0.01333711961550372
steady,u,macro_stage1,24.630435943603516,0,5,g0:e5,336,49,0.07291666666666667,0.14583333333333334,0.032634801497416835
steady,u,macro_stage1,24.630435943603516,1,0,g1:e0,336,60,0.08928571428571429,0.17857142857142858,0.03986463247842732
steady,u,macro_stage1,24.630435943603516,1,1,g1:e1,336,126,0.1875,0.375,0.08942704270815566
steady,u,macro_stage1,24.630435943603516,1,2,g1:e2,336,2,0.002976190476190476,0.005952380952380952,0.0013279733469798451
steady,u,macro_stage1,24.630435943603516,1,3,g1:e3,336,15,0.022321428571428572,0.044642857142857144,0.009821441423680102
steady,u,macro_stage1,24.630435943603516,1,4,g1:e4,336,91,0.13541666666666666,0.2708333333333333,0.06097824907019025
steady,u,macro_stage1,24.630435943603516,1,5,g1:e5,336,12,0.017857142857142856,0.03571428571428571,0.007798805744165466
steady,u,macro_stage1,24.630435943603516,2,0,g2:e0,336,10,0.01488095238095238,0.02976190476190476,0.006882259045683202
steady,u,macro_stage1,24.630435943603516,2,1,g2:e1,336,42,0.0625,0.125,0.029579614333453633
steady,u,macro_stage1,24.630435943603516,2,2,g2:e2,336,0,0.0,0.0,0.0
steady,u,macro_stage1,24.630435943603516,2,3,g2:e3,336,21,0.03125,0.0625,0.014146428865691027
steady,u,macro_stage1,24.630435943603516,2,4,g2:e4,336,23,0.03422619047619048,0.06845238095238096,0.015043617935762518
steady,u,macro_stage1,24.630435943603516,2,5,g2:e5,336,2,0.002976190476190476,0.005952380952380952,0.0013525837234088353
steady,u,macro_stage1,32.74006652832031,0,0,g0:e0,336,0,0.0,0.0,0.0
steady,u,macro_stage1,32.74006652832031,0,1,g0:e1,336,119,0.17708333333333334,0.3541666666666667,0.08419834126141809
steady,u,macro_stage1,32.74006652832031,0,2,g0:e2,336,0,0.0,0.0,0.0
steady,u,macro_stage1,32.74006652832031,0,3,g0:e3,336,125,0.18601190476190477,0.37202380952380953,0.08482480816365708
steady,u,macro_stage1,32.74006652832031,0,4,g0:e4,336,16,0.023809523809523808,0.047619047619047616,0.010157046440456594
steady,u,macro_stage1,32.74006652832031,0,5,g0:e5,336,64,0.09523809523809523,0.19047619047619047,0.04234489847329401
steady,u,macro_stage1,32.74006652832031,1,0,g1:e0,336,35,0.052083333333333336,0.10416666666666667,0.023803140391551313
steady,u,macro_stage1,32.74006652832031,1,1,g1:e1,336,103,0.15327380952380953,0.30654761904761907,0.0734655134202469
steady,u,macro_stage1,32.74006652832031,1,2,g1:e2,336,6,0.008928571428571428,0.017857142857142856,0.003964133294565337
steady,u,macro_stage1,32.74006652832031,1,3,g1:e3,336,15,0.022321428571428572,0.044642857142857144,0.010131704266227427
steady,u,macro_stage1,32.74006652832031,1,4,g1:e4,336,97,0.14434523809523808,0.28869047619047616,0.06385590889978976
steady,u,macro_stage1,32.74006652832031,1,5,g1:e5,336,4,0.005952380952380952,0.011904761904761904,0.00254665000275487
steady,u,macro_stage1,32.74006652832031,2,0,g2:e0,336,15,0.022321428571428572,0.044642857142857144,0.010336233391648247
steady,u,macro_stage1,32.74006652832031,2,1,g2:e1,336,32,0.047619047619047616,0.09523809523809523,0.02203738285849492
steady,u,macro_stage1,32.74006652832031,2,2,g2:e2,336,1,0.001488095238095238,0.002976190476190476,0.0006442026102117129
steady,u,macro_stage1,32.74006652832031,2,3,g2:e3,336,5,0.00744047619047619,0.01488095238095238,0.0034005698260097276
steady,u,macro_stage1,32.74006652832031,2,4,g2:e4,336,27,0.04017857142857143,0.08035714285714286,0.018340495370683215
steady,u,macro_stage1,32.74006652832031,2,5,g2:e5,336,8,0.011904761904761904,0.023809523809523808,0.0054084255049626035
steady,u,macro_stage1,39.68547821044922,0,0,g0:e0,336,2,0.002976190476190476,0.005952380952380952,0.0012288367641823633
steady,u,macro_stage1,39.68547821044922,0,1,g0:e1,336,2,0.002976190476190476,0.005952380952380952,0.0015060410258315858
steady,u,macro_stage1,39.68547821044922,0,2,g0:e2,336,0,0.0,0.0,0.0
steady,u,macro_stage1,39.68547821044922,0,3,g0:e3,336,0,0.0,0.0,0.0
steady,u,macro_stage1,39.68547821044922,0,4,g0:e4,336,0,0.0,0.0,0.0
steady,u,macro_stage1,39.68547821044922,0,5,g0:e5,336,0,0.0,0.0,0.0
steady,u,macro_stage1,39.68547821044922,1,0,g1:e0,336,11,0.01636904761904762,0.03273809523809524,0.007540716390524592
steady,u,macro_stage1,39.68547821044922,1,1,g1:e1,336,15,0.022321428571428572,0.044642857142857144,0.009691447241320497
steady,u,macro_stage1,39.68547821044922,1,2,g1:e2,336,35,0.052083333333333336,0.10416666666666667,0.023043821654504255
steady,u,macro_stage1,39.68547821044922,1,3,g1:e3,336,249,0.3705357142857143,0.7410714285714286,0.15589323032292582
steady,u,macro_stage1,39.68547821044922,1,4,g1:e4,336,294,0.4375,0.875,0.21704625010135628
steady,u,macro_stage1,39.68547821044922,1,5,g1:e5,336,26,0.03869047619047619,0.07738095238095238,0.017527771492799122
steady,u,macro_stage1,39.68547821044922,2,0,g2:e0,336,4,0.005952380952380952,0.011904761904761904,0.0027018138429238682
steady,u,macro_stage1,39.68547821044922,2,1,g2:e1,336,12,0.017857142857142856,0.03571428571428571,0.008631954812223003
steady,u,macro_stage1,39.68547821044922,2,2,g2:e2,336,1,0.001488095238095238,0.002976190476190476,0.0006878506835727464
steady,u,macro_stage1,39.68547821044922,2,3,g2:e3,336,2,0.002976190476190476,0.005952380952380952,0.0012595222908116522
steady,u,macro_stage1,39.68547821044922,2,4,g2:e4,336,11,0.01636904761904762,0.03273809523809524,0.007358320678273837
steady,u,macro_stage1,39.68547821044922,2,5,g2:e5,336,8,0.011904761904761904,0.023809523809523808,0.005341875411215283
steady,u,macro_stage1,45.142704010009766,0,0,g0:e0,336,0,0.0,0.0,0.0
steady,u,macro_stage1,45.142704010009766,0,1,g0:e1,336,7,0.010416666666666666,0.020833333333333332,0.004672463451113019
steady,u,macro_stage1,45.142704010009766,0,2,g0:e2,336,1,0.001488095238095238,0.002976190476190476,0.0006241124300729661
steady,u,macro_stage1,45.142704010009766,0,3,g0:e3,336,4,0.005952380952380952,0.011904761904761904,0.0028052634692617823
steady,u,macro_stage1,45.142704010009766,0,4,g0:e4,336,2,0.002976190476190476,0.005952380952380952,0.0014088197300831478
steady,u,macro_stage1,45.142704010009766,0,5,g0:e5,336,2,0.002976190476190476,0.005952380952380952,0.0014288519021301042
steady,u,macro_stage1,45.142704010009766,1,0,g1:e0,336,12,0.017857142857142856,0.03571428571428571,0.007857339190585273
steady,u,macro_stage1,45.142704010009766,1,1,g1:e1,336,35,0.052083333333333336,0.10416666666666667,0.022166629410570578
steady,u,macro_stage1,45.142704010009766,1,2,g1:e2,336,61,0.09077380952380952,0.18154761904761904,0.04081373936718419
steady,u,macro_stage1,45.142704010009766,1,3,g1:e3,336,207,0.3080357142857143,0.6160714285714286,0.13190825004130602
steady,u,macro_stage1,45.142704010009766,1,4,g1:e4,336,293,0.43601190476190477,0.8720238095238095,0.21322655287526904
steady,u,macro_stage1,45.142704010009766,1,5,g1:e5,336,36,0.05357142857142857,0.10714285714285714,0.024342798716610388
steady,u,macro_stage1,45.142704010009766,2,0,g2:e0,336,0,0.0,0.0,0.0
steady,u,macro_stage1,45.142704010009766,2,1,g2:e1,336,1,0.001488095238095238,0.002976190476190476,0.0006661962362981978
steady,u,macro_stage1,45.142704010009766,2,2,g2:e2,336,1,0.001488095238095238,0.002976190476190476,0.0006960704922676086
steady,u,macro_stage1,45.142704010009766,2,3,g2:e3,336,5,0.00744047619047619,0.01488095238095238,0.0035454872552128066
steady,u,macro_stage1,45.142704010009766,2,4,g2:e4,336,0,0.0,0.0,0.0
steady,u,macro_stage1,45.142704010009766,2,5,g2:e5,336,5,0.00744047619047619,0.01488095238095238,0.003296879075822376
steady,u,used_forward_calls,pooled,0,0,g0:e0,1344,2,0.000744047619047619,0.001488095238095238,0.0003072091910455908
steady,u,used_forward_calls,pooled,0,1,g0:e1,1344,245,0.09114583333333333,0.18229166666666666,0.043298305123157445
steady,u,used_forward_calls,pooled,0,2,g0:e2,1344,1,0.0003720238095238095,0.000744047619047619,0.00015602810751824152
steady,u,used_forward_calls,pooled,0,3,g0:e3,1344,213,0.07924107142857142,0.15848214285714285,0.035519645061521304
steady,u,used_forward_calls,pooled,0,4,g0:e4,1344,36,0.013392857142857142,0.026785714285714284,0.0062257464465108655
steady,u,used_forward_calls,pooled,0,5,g0:e5,1344,115,0.042782738095238096,0.08556547619047619,0.019102137968210236
steady,u,used_forward_calls,pooled,1,0,g1:e0,1344,118,0.04389880952380952,0.08779761904761904,0.019766457112772123
steady,u,used_forward_calls,pooled,1,1,g1:e1,1344,279,0.10379464285714286,0.20758928571428573,0.048687658195073404
steady,u,used_forward_calls,pooled,1,2,g1:e2,1344,104,0.03869047619047619,0.07738095238095238,0.017287416915808405
steady,u,used_forward_calls,pooled,1,3,g1:e3,1344,486,0.18080357142857142,0.36160714285714285,0.07693865651353485
steady,u,used_forward_calls,pooled,1,4,g1:e4,1344,775,0.2883184523809524,0.5766369047619048,0.13877674023665132
steady,u,used_forward_calls,pooled,1,5,g1:e5,1344,78,0.029017857142857144,0.05803571428571429,0.013054006489082462
steady,u,used_forward_calls,pooled,2,0,g2:e0,1344,29,0.010788690476190476,0.021577380952380952,0.004980076570063829
steady,u,used_forward_calls,pooled,2,1,g2:e1,1344,87,0.03236607142857143,0.06473214285714286,0.015228787060117438
steady,u,used_forward_calls,pooled,2,2,g2:e2,1344,3,0.0011160714285714285,0.002232142857142857,0.0005070309465130171
steady,u,used_forward_calls,pooled,2,3,g2:e3,1344,33,0.012276785714285714,0.024553571428571428,0.0055880020594313035
steady,u,used_forward_calls,pooled,2,4,g2:e4,1344,61,0.02269345238095238,0.04538690476190476,0.010185608496179893
steady,u,used_forward_calls,pooled,2,5,g2:e5,1344,23,0.00855654761904762,0.01711309523809524,0.0038499409288522742
steady,u,used_forward_calls,24.630435943603516,0,0,g0:e0,336,0,0.0,0.0,0.0
steady,u,used_forward_calls,24.630435943603516,0,1,g0:e1,336,117,0.17410714285714285,0.3482142857142857,0.08281637475426708
steady,u,used_forward_calls,24.630435943603516,0,2,g0:e2,336,0,0.0,0.0,0.0
steady,u,used_forward_calls,24.630435943603516,0,3,g0:e3,336,84,0.125,0.25,0.05444850861316636
steady,u,used_forward_calls,24.630435943603516,0,4,g0:e4,336,18,0.026785714285714284,0.05357142857142857,0.01333711961550372
steady,u,used_forward_calls,24.630435943603516,0,5,g0:e5,336,49,0.07291666666666667,0.14583333333333334,0.032634801497416835
steady,u,used_forward_calls,24.630435943603516,1,0,g1:e0,336,60,0.08928571428571429,0.17857142857142858,0.03986463247842732
steady,u,used_forward_calls,24.630435943603516,1,1,g1:e1,336,126,0.1875,0.375,0.08942704270815566
steady,u,used_forward_calls,24.630435943603516,1,2,g1:e2,336,2,0.002976190476190476,0.005952380952380952,0.0013279733469798451
steady,u,used_forward_calls,24.630435943603516,1,3,g1:e3,336,15,0.022321428571428572,0.044642857142857144,0.009821441423680102
steady,u,used_forward_calls,24.630435943603516,1,4,g1:e4,336,91,0.13541666666666666,0.2708333333333333,0.06097824907019025
steady,u,used_forward_calls,24.630435943603516,1,5,g1:e5,336,12,0.017857142857142856,0.03571428571428571,0.007798805744165466
steady,u,used_forward_calls,24.630435943603516,2,0,g2:e0,336,10,0.01488095238095238,0.02976190476190476,0.006882259045683202
steady,u,used_forward_calls,24.630435943603516,2,1,g2:e1,336,42,0.0625,0.125,0.029579614333453633
steady,u,used_forward_calls,24.630435943603516,2,2,g2:e2,336,0,0.0,0.0,0.0
steady,u,used_forward_calls,24.630435943603516,2,3,g2:e3,336,21,0.03125,0.0625,0.014146428865691027
steady,u,used_forward_calls,24.630435943603516,2,4,g2:e4,336,23,0.03422619047619048,0.06845238095238096,0.015043617935762518
steady,u,used_forward_calls,24.630435943603516,2,5,g2:e5,336,2,0.002976190476190476,0.005952380952380952,0.0013525837234088353
steady,u,used_forward_calls,32.74006652832031,0,0,g0:e0,336,0,0.0,0.0,0.0
steady,u,used_forward_calls,32.74006652832031,0,1,g0:e1,336,119,0.17708333333333334,0.3541666666666667,0.08419834126141809
steady,u,used_forward_calls,32.74006652832031,0,2,g0:e2,336,0,0.0,0.0,0.0
steady,u,used_forward_calls,32.74006652832031,0,3,g0:e3,336,125,0.18601190476190477,0.37202380952380953,0.08482480816365708
steady,u,used_forward_calls,32.74006652832031,0,4,g0:e4,336,16,0.023809523809523808,0.047619047619047616,0.010157046440456594
steady,u,used_forward_calls,32.74006652832031,0,5,g0:e5,336,64,0.09523809523809523,0.19047619047619047,0.04234489847329401
steady,u,used_forward_calls,32.74006652832031,1,0,g1:e0,336,35,0.052083333333333336,0.10416666666666667,0.023803140391551313
steady,u,used_forward_calls,32.74006652832031,1,1,g1:e1,336,103,0.15327380952380953,0.30654761904761907,0.0734655134202469
steady,u,used_forward_calls,32.74006652832031,1,2,g1:e2,336,6,0.008928571428571428,0.017857142857142856,0.003964133294565337
steady,u,used_forward_calls,32.74006652832031,1,3,g1:e3,336,15,0.022321428571428572,0.044642857142857144,0.010131704266227427
steady,u,used_forward_calls,32.74006652832031,1,4,g1:e4,336,97,0.14434523809523808,0.28869047619047616,0.06385590889978976
steady,u,used_forward_calls,32.74006652832031,1,5,g1:e5,336,4,0.005952380952380952,0.011904761904761904,0.00254665000275487
steady,u,used_forward_calls,32.74006652832031,2,0,g2:e0,336,15,0.022321428571428572,0.044642857142857144,0.010336233391648247
steady,u,used_forward_calls,32.74006652832031,2,1,g2:e1,336,32,0.047619047619047616,0.09523809523809523,0.02203738285849492
steady,u,used_forward_calls,32.74006652832031,2,2,g2:e2,336,1,0.001488095238095238,0.002976190476190476,0.0006442026102117129
steady,u,used_forward_calls,32.74006652832031,2,3,g2:e3,336,5,0.00744047619047619,0.01488095238095238,0.0034005698260097276
steady,u,used_forward_calls,32.74006652832031,2,4,g2:e4,336,27,0.04017857142857143,0.08035714285714286,0.018340495370683215
steady,u,used_forward_calls,32.74006652832031,2,5,g2:e5,336,8,0.011904761904761904,0.023809523809523808,0.0054084255049626035
steady,u,used_forward_calls,39.68547821044922,0,0,g0:e0,336,2,0.002976190476190476,0.005952380952380952,0.0012288367641823633
steady,u,used_forward_calls,39.68547821044922,0,1,g0:e1,336,2,0.002976190476190476,0.005952380952380952,0.0015060410258315858
steady,u,used_forward_calls,39.68547821044922,0,2,g0:e2,336,0,0.0,0.0,0.0
steady,u,used_forward_calls,39.68547821044922,0,3,g0:e3,336,0,0.0,0.0,0.0
steady,u,used_forward_calls,39.68547821044922,0,4,g0:e4,336,0,0.0,0.0,0.0
steady,u,used_forward_calls,39.68547821044922,0,5,g0:e5,336,0,0.0,0.0,0.0
steady,u,used_forward_calls,39.68547821044922,1,0,g1:e0,336,11,0.01636904761904762,0.03273809523809524,0.007540716390524592
steady,u,used_forward_calls,39.68547821044922,1,1,g1:e1,336,15,0.022321428571428572,0.044642857142857144,0.009691447241320497
steady,u,used_forward_calls,39.68547821044922,1,2,g1:e2,336,35,0.052083333333333336,0.10416666666666667,0.023043821654504255
steady,u,used_forward_calls,39.68547821044922,1,3,g1:e3,336,249,0.3705357142857143,0.7410714285714286,0.15589323032292582
steady,u,used_forward_calls,39.68547821044922,1,4,g1:e4,336,294,0.4375,0.875,0.21704625010135628
steady,u,used_forward_calls,39.68547821044922,1,5,g1:e5,336,26,0.03869047619047619,0.07738095238095238,0.017527771492799122
steady,u,used_forward_calls,39.68547821044922,2,0,g2:e0,336,4,0.005952380952380952,0.011904761904761904,0.0027018138429238682
steady,u,used_forward_calls,39.68547821044922,2,1,g2:e1,336,12,0.017857142857142856,0.03571428571428571,0.008631954812223003
steady,u,used_forward_calls,39.68547821044922,2,2,g2:e2,336,1,0.001488095238095238,0.002976190476190476,0.0006878506835727464
steady,u,used_forward_calls,39.68547821044922,2,3,g2:e3,336,2,0.002976190476190476,0.005952380952380952,0.0012595222908116522
steady,u,used_forward_calls,39.68547821044922,2,4,g2:e4,336,11,0.01636904761904762,0.03273809523809524,0.007358320678273837
steady,u,used_forward_calls,39.68547821044922,2,5,g2:e5,336,8,0.011904761904761904,0.023809523809523808,0.005341875411215283
steady,u,used_forward_calls,45.142704010009766,0,0,g0:e0,336,0,0.0,0.0,0.0
steady,u,used_forward_calls,45.142704010009766,0,1,g0:e1,336,7,0.010416666666666666,0.020833333333333332,0.004672463451113019
steady,u,used_forward_calls,45.142704010009766,0,2,g0:e2,336,1,0.001488095238095238,0.002976190476190476,0.0006241124300729661
steady,u,used_forward_calls,45.142704010009766,0,3,g0:e3,336,4,0.005952380952380952,0.011904761904761904,0.0028052634692617823
steady,u,used_forward_calls,45.142704010009766,0,4,g0:e4,336,2,0.002976190476190476,0.005952380952380952,0.0014088197300831478
steady,u,used_forward_calls,45.142704010009766,0,5,g0:e5,336,2,0.002976190476190476,0.005952380952380952,0.0014288519021301042
steady,u,used_forward_calls,45.142704010009766,1,0,g1:e0,336,12,0.017857142857142856,0.03571428571428571,0.007857339190585273
steady,u,used_forward_calls,45.142704010009766,1,1,g1:e1,336,35,0.052083333333333336,0.10416666666666667,0.022166629410570578
steady,u,used_forward_calls,45.142704010009766,1,2,g1:e2,336,61,0.09077380952380952,0.18154761904761904,0.04081373936718419
steady,u,used_forward_calls,45.142704010009766,1,3,g1:e3,336,207,0.3080357142857143,0.6160714285714286,0.13190825004130602
steady,u,used_forward_calls,45.142704010009766,1,4,g1:e4,336,293,0.43601190476190477,0.8720238095238095,0.21322655287526904
steady,u,used_forward_calls,45.142704010009766,1,5,g1:e5,336,36,0.05357142857142857,0.10714285714285714,0.024342798716610388
steady,u,used_forward_calls,45.142704010009766,2,0,g2:e0,336,0,0.0,0.0,0.0
steady,u,used_forward_calls,45.142704010009766,2,1,g2:e1,336,1,0.001488095238095238,0.002976190476190476,0.0006661962362981978
steady,u,used_forward_calls,45.142704010009766,2,2,g2:e2,336,1,0.001488095238095238,0.002976190476190476,0.0006960704922676086
steady,u,used_forward_calls,45.142704010009766,2,3,g2:e3,336,5,0.00744047619047619,0.01488095238095238,0.0035454872552128066
steady,u,used_forward_calls,45.142704010009766,2,4,g2:e4,336,0,0.0,0.0,0.0
steady,u,used_forward_calls,45.142704010009766,2,5,g2:e5,336,5,0.00744047619047619,0.01488095238095238,0.003296879075822376
steady,p,macro_stage1,pooled,0,0,g0:e0,1344,177,0.06584821428571429,0.13169642857142858,0.026922740552219607
steady,p,macro_stage1,pooled,0,1,g0:e1,1344,67,0.02492559523809524,0.04985119047619048,0.00468793044343502
steady,p,macro_stage1,pooled,0,2,g0:e2,1344,269,0.10007440476190477,0.20014880952380953,0.05550489371221158
steady,p,macro_stage1,pooled,0,3,g0:e3,1344,0,0.0,0.0,0.0
steady,p,macro_stage1,pooled,0,4,g0:e4,1344,77,0.028645833333333332,0.057291666666666664,0.014749849475698457
steady,p,macro_stage1,pooled,0,5,g0:e5,1344,22,0.00818452380952381,0.01636904761904762,0.002743658080275747
steady,p,macro_stage1,pooled,1,0,g1:e0,1344,395,0.14694940476190477,0.29389880952380953,0.06485762581273559
steady,p,macro_stage1,pooled,1,1,g1:e1,1344,323,0.12016369047619048,0.24032738095238096,0.05605276990016656
steady,p,macro_stage1,pooled,1,2,g1:e2,1344,576,0.21428571428571427,0.42857142857142855,0.10480117670349068
steady,p,macro_stage1,pooled,1,3,g1:e3,1344,55,0.020461309523809524,0.04092261904761905,0.008236395361434137
steady,p,macro_stage1,pooled,1,4,g1:e4,1344,31,0.011532738095238096,0.023065476190476192,0.004913356476685121
steady,p,macro_stage1,pooled,1,5,g1:e5,1344,460,0.17113095238095238,0.34226190476190477,0.07564961106427723
steady,p,macro_stage1,pooled,2,0,g2:e0,1344,90,0.033482142857142856,0.06696428571428571,0.017153978868875475
steady,p,macro_stage1,pooled,2,1,g2:e1,1344,0,0.0,0.0,0.0
steady,p,macro_stage1,pooled,2,2,g2:e2,1344,102,0.03794642857142857,0.07589285714285714,0.01556908621984933
steady,p,macro_stage1,pooled,2,3,g2:e3,1344,11,0.004092261904761905,0.00818452380952381,0.0013829510093533567
steady,p,macro_stage1,pooled,2,4,g2:e4,1344,25,0.009300595238095238,0.018601190476190476,0.005020887723990849
steady,p,macro_stage1,pooled,2,5,g2:e5,1344,8,0.002976190476190476,0.005952380952380952,0.0012125420339760325
steady,p,macro_stage1,24.630435943603516,0,0,g0:e0,336,79,0.11755952380952381,0.23511904761904762,0.0434085440910643
steady,p,macro_stage1,24.630435943603516,0,1,g0:e1,336,29,0.043154761904761904,0.08630952380952381,0.007836001969519116
steady,p,macro_stage1,24.630435943603516,0,2,g0:e2,336,124,0.18452380952380953,0.36904761904761907,0.10631110290774987
steady,p,macro_stage1,24.630435943603516,0,3,g0:e3,336,0,0.0,0.0,0.0
steady,p,macro_stage1,24.630435943603516,0,4,g0:e4,336,30,0.044642857142857144,0.08928571428571429,0.024071939954800264
steady,p,macro_stage1,24.630435943603516,0,5,g0:e5,336,6,0.008928571428571428,0.017857142857142856,0.001609218018572955
steady,p,macro_stage1,24.630435943603516,1,0,g1:e0,336,74,0.11011904761904762,0.22023809523809523,0.04734256983335529
steady,p,macro_stage1,24.630435943603516,1,1,g1:e1,336,125,0.18601190476190477,0.37202380952380953,0.08708135996546064
steady,p,macro_stage1,24.630435943603516,1,2,g1:e2,336,6,0.008928571428571428,0.017857142857142856,0.006345927626604126
steady,p,macro_stage1,24.630435943603516,1,3,g1:e3,336,0,0.0,0.0,0.0
steady,p,macro_stage1,24.630435943603516,1,4,g1:e4,336,12,0.017857142857142856,0.03571428571428571,0.008057857863605022
steady,p,macro_stage1,24.630435943603516,1,5,g1:e5,336,89,0.1324404761904762,0.2648809523809524,0.060390428373856206
steady,p,macro_stage1,24.630435943603516,2,0,g2:e0,336,49,0.07291666666666667,0.14583333333333334,0.037078940797419774
steady,p,macro_stage1,24.630435943603516,2,1,g2:e1,336,0,0.0,0.0,0.0
steady,p,macro_stage1,24.630435943603516,2,2,g2:e2,336,43,0.06398809523809523,0.12797619047619047,0.02648021418246485
steady,p,macro_stage1,24.630435943603516,2,3,g2:e3,336,0,0.0,0.0,0.0
steady,p,macro_stage1,24.630435943603516,2,4,g2:e4,336,0,0.0,0.0,0.0
steady,p,macro_stage1,24.630435943603516,2,5,g2:e5,336,6,0.008928571428571428,0.017857142857142856,0.003445348125838098
steady,p,macro_stage1,32.74006652832031,0,0,g0:e0,336,95,0.14136904761904762,0.28273809523809523,0.06202992360063252
steady,p,macro_stage1,32.74006652832031,0,1,g0:e1,336,31,0.046130952380952384,0.09226190476190477,0.008997619551207339
steady,p,macro_stage1,32.74006652832031,0,2,g0:e2,336,145,0.21577380952380953,0.43154761904761907,0.11570847194109644
steady,p,macro_stage1,32.74006652832031,0,3,g0:e3,336,0,0.0,0.0,0.0
steady,p,macro_stage1,32.74006652832031,0,4,g0:e4,336,40,0.05952380952380952,0.11904761904761904,0.02639941421026985
steady,p,macro_stage1,32.74006652832031,0,5,g0:e5,336,13,0.019345238095238096,0.03869047619047619,0.00838966423734313
steady,p,macro_stage1,32.74006652832031,1,0,g1:e0,336,68,0.10119047619047619,0.20238095238095238,0.044880258185522895
steady,p,macro_stage1,32.74006652832031,1,1,g1:e1,336,99,0.14732142857142858,0.29464285714285715,0.06922875899111941
steady,p,macro_stage1,32.74006652832031,1,2,g1:e2,336,1,0.001488095238095238,0.002976190476190476,0.0006463657177629925
steady,p,macro_stage1,32.74006652832031,1,3,g1:e3,336,0,0.0,0.0,0.0
steady,p,macro_stage1,32.74006652832031,1,4,g1:e4,336,13,0.019345238095238096,0.03869047619047619,0.008105599410122349
steady,p,macro_stage1,32.74006652832031,1,5,g1:e5,336,79,0.11755952380952381,0.23511904761904762,0.05490606850279229
steady,p,macro_stage1,32.74006652832031,2,0,g2:e0,336,41,0.06101190476190476,0.12202380952380952,0.03153697467808213
steady,p,macro_stage1,32.74006652832031,2,1,g2:e1,336,0,0.0,0.0,0.0
steady,p,macro_stage1,32.74006652832031,2,2,g2:e2,336,39,0.05803571428571429,0.11607142857142858,0.023167255822391736
steady,p,macro_stage1,32.74006652832031,2,3,g2:e3,336,1,0.001488095238095238,0.002976190476190476,0.00046170232374043694
steady,p,macro_stage1,32.74006652832031,2,4,g2:e4,336,5,0.00744047619047619,0.01488095238095238,0.0035965562398944583
steady,p,macro_stage1,32.74006652832031,2,5,g2:e5,336,2,0.002976190476190476,0.005952380952380952,0.0014048200100660324
steady,p,macro_stage1,39.68547821044922,0,0,g0:e0,336,0,0.0,0.0,0.0
steady,p,macro_stage1,39.68547821044922,0,1,g0:e1,336,0,0.0,0.0,0.0
steady,p,macro_stage1,39.68547821044922,0,2,g0:e2,336,0,0.0,0.0,0.0
steady,p,macro_stage1,39.68547821044922,0,3,g0:e3,336,0,0.0,0.0,0.0
steady,p,macro_stage1,39.68547821044922,0,4,g0:e4,336,2,0.002976190476190476,0.005952380952380952,0.0024468530679032916
steady,p,macro_stage1,39.68547821044922,0,5,g0:e5,336,2,0.002976190476190476,0.005952380952380952,0.00028802453362870785
steady,p,macro_stage1,39.68547821044922,1,0,g1:e0,336,159,0.23660714285714285,0.4732142857142857,0.10623977914275158
steady,p,macro_stage1,39.68547821044922,1,1,g1:e1,336,27,0.04017857142857143,0.08035714285714286,0.018669619801498595
steady,p,macro_stage1,39.68547821044922,1,2,g1:e2,336,280,0.4166666666666667,0.8333333333333334,0.20217512929368586
steady,p,macro_stage1,39.68547821044922,1,3,g1:e3,336,20,0.02976190476190476,0.05952380952380952,0.01241115631446952
steady,p,macro_stage1,39.68547821044922,1,4,g1:e4,336,2,0.002976190476190476,0.005952380952380952,0.0011458261204617365
steady,p,macro_stage1,39.68547821044922,1,5,g1:e5,336,142,0.2113095238095238,0.4226190476190476,0.09010172661926065
steady,p,macro_stage1,39.68547821044922,2,0,g2:e0,336,0,0.0,0.0,0.0
steady,p,macro_stage1,39.68547821044922,2,1,g2:e1,336,0,0.0,0.0,0.0
steady,p,macro_stage1,39.68547821044922,2,2,g2:e2,336,14,0.020833333333333332,0.041666666666666664,0.008484866913585435
steady,p,macro_stage1,39.68547821044922,2,3,g2:e3,336,7,0.010416666666666666,0.020833333333333332,0.003071933253003018
steady,p,macro_stage1,39.68547821044922,2,4,g2:e4,336,17,0.025297619047619048,0.050595238095238096,0.014424538151139305
steady,p,macro_stage1,39.68547821044922,2,5,g2:e5,336,0,0.0,0.0,0.0
steady,p,macro_stage1,45.142704010009766,0,0,g0:e0,336,3,0.004464285714285714,0.008928571428571428,0.0022524945171816008
steady,p,macro_stage1,45.142704010009766,0,1,g0:e1,336,7,0.010416666666666666,0.020833333333333332,0.001918100253013628
steady,p,macro_stage1,45.142704010009766,0,2,g0:e2,336,0,0.0,0.0,0.0
steady,p,macro_stage1,45.142704010009766,0,3,g0:e3,336,0,0.0,0.0,0.0
steady,p,macro_stage1,45.142704010009766,0,4,g0:e4,336,5,0.00744047619047619,0.01488095238095238,0.006081190669820422
steady,p,macro_stage1,45.142704010009766,0,5,g0:e5,336,1,0.001488095238095238,0.002976190476190476,0.0006877255315581957
steady,p,macro_stage1,45.142704010009766,1,0,g1:e0,336,94,0.13988095238095238,0.27976190476190477,0.06096789608931258
steady,p,macro_stage1,45.142704010009766,1,1,g1:e1,336,72,0.10714285714285714,0.21428571428571427,0.04923134084258761
steady,p,macro_stage1,45.142704010009766,1,2,g1:e2,336,289,0.43005952380952384,0.8601190476190477,0.2100372841759097
steady,p,macro_stage1,45.142704010009766,1,3,g1:e3,336,35,0.052083333333333336,0.10416666666666667,0.020534425131267027
steady,p,macro_stage1,45.142704010009766,1,4,g1:e4,336,4,0.005952380952380952,0.011904761904761904,0.002344142512551376
steady,p,macro_stage1,45.142704010009766,1,5,g1:e5,336,150,0.22321428571428573,0.44642857142857145,0.09720022076119979
steady,p,macro_stage1,45.142704010009766,2,0,g2:e0,336,0,0.0,0.0,0.0
steady,p,macro_stage1,45.142704010009766,2,1,g2:e1,336,0,0.0,0.0,0.0
steady,p,macro_stage1,45.142704010009766,2,2,g2:e2,336,6,0.008928571428571428,0.017857142857142856,0.004144007960955302
steady,p,macro_stage1,45.142704010009766,2,3,g2:e3,336,3,0.004464285714285714,0.008928571428571428,0.0019981684606699716
steady,p,macro_stage1,45.142704010009766,2,4,g2:e4,336,3,0.004464285714285714,0.008928571428571428,0.0020624565049296335
steady,p,macro_stage1,45.142704010009766,2,5,g2:e5,336,0,0.0,0.0,0.0
steady,p,used_forward_calls,pooled,0,0,g0:e0,1344,177,0.06584821428571429,0.13169642857142858,0.026922740552219607
steady,p,used_forward_calls,pooled,0,1,g0:e1,1344,67,0.02492559523809524,0.04985119047619048,0.00468793044343502
steady,p,used_forward_calls,pooled,0,2,g0:e2,1344,269,0.10007440476190477,0.20014880952380953,0.05550489371221158
steady,p,used_forward_calls,pooled,0,3,g0:e3,1344,0,0.0,0.0,0.0
steady,p,used_forward_calls,pooled,0,4,g0:e4,1344,77,0.028645833333333332,0.057291666666666664,0.014749849475698457
steady,p,used_forward_calls,pooled,0,5,g0:e5,1344,22,0.00818452380952381,0.01636904761904762,0.002743658080275747
steady,p,used_forward_calls,pooled,1,0,g1:e0,1344,395,0.14694940476190477,0.29389880952380953,0.06485762581273559
steady,p,used_forward_calls,pooled,1,1,g1:e1,1344,323,0.12016369047619048,0.24032738095238096,0.05605276990016656
steady,p,used_forward_calls,pooled,1,2,g1:e2,1344,576,0.21428571428571427,0.42857142857142855,0.10480117670349068
steady,p,used_forward_calls,pooled,1,3,g1:e3,1344,55,0.020461309523809524,0.04092261904761905,0.008236395361434137
steady,p,used_forward_calls,pooled,1,4,g1:e4,1344,31,0.011532738095238096,0.023065476190476192,0.004913356476685121
steady,p,used_forward_calls,pooled,1,5,g1:e5,1344,460,0.17113095238095238,0.34226190476190477,0.07564961106427723
steady,p,used_forward_calls,pooled,2,0,g2:e0,1344,90,0.033482142857142856,0.06696428571428571,0.017153978868875475
steady,p,used_forward_calls,pooled,2,1,g2:e1,1344,0,0.0,0.0,0.0
steady,p,used_forward_calls,pooled,2,2,g2:e2,1344,102,0.03794642857142857,0.07589285714285714,0.01556908621984933
steady,p,used_forward_calls,pooled,2,3,g2:e3,1344,11,0.004092261904761905,0.00818452380952381,0.0013829510093533567
steady,p,used_forward_calls,pooled,2,4,g2:e4,1344,25,0.009300595238095238,0.018601190476190476,0.005020887723990849
steady,p,used_forward_calls,pooled,2,5,g2:e5,1344,8,0.002976190476190476,0.005952380952380952,0.0012125420339760325
steady,p,used_forward_calls,24.630435943603516,0,0,g0:e0,336,79,0.11755952380952381,0.23511904761904762,0.0434085440910643
steady,p,used_forward_calls,24.630435943603516,0,1,g0:e1,336,29,0.043154761904761904,0.08630952380952381,0.007836001969519116
steady,p,used_forward_calls,24.630435943603516,0,2,g0:e2,336,124,0.18452380952380953,0.36904761904761907,0.10631110290774987
steady,p,used_forward_calls,24.630435943603516,0,3,g0:e3,336,0,0.0,0.0,0.0
steady,p,used_forward_calls,24.630435943603516,0,4,g0:e4,336,30,0.044642857142857144,0.08928571428571429,0.024071939954800264
steady,p,used_forward_calls,24.630435943603516,0,5,g0:e5,336,6,0.008928571428571428,0.017857142857142856,0.001609218018572955
steady,p,used_forward_calls,24.630435943603516,1,0,g1:e0,336,74,0.11011904761904762,0.22023809523809523,0.04734256983335529
steady,p,used_forward_calls,24.630435943603516,1,1,g1:e1,336,125,0.18601190476190477,0.37202380952380953,0.08708135996546064
steady,p,used_forward_calls,24.630435943603516,1,2,g1:e2,336,6,0.008928571428571428,0.017857142857142856,0.006345927626604126
steady,p,used_forward_calls,24.630435943603516,1,3,g1:e3,336,0,0.0,0.0,0.0
steady,p,used_forward_calls,24.630435943603516,1,4,g1:e4,336,12,0.017857142857142856,0.03571428571428571,0.008057857863605022
steady,p,used_forward_calls,24.630435943603516,1,5,g1:e5,336,89,0.1324404761904762,0.2648809523809524,0.060390428373856206
steady,p,used_forward_calls,24.630435943603516,2,0,g2:e0,336,49,0.07291666666666667,0.14583333333333334,0.037078940797419774
steady,p,used_forward_calls,24.630435943603516,2,1,g2:e1,336,0,0.0,0.0,0.0
steady,p,used_forward_calls,24.630435943603516,2,2,g2:e2,336,43,0.06398809523809523,0.12797619047619047,0.02648021418246485
steady,p,used_forward_calls,24.630435943603516,2,3,g2:e3,336,0,0.0,0.0,0.0
steady,p,used_forward_calls,24.630435943603516,2,4,g2:e4,336,0,0.0,0.0,0.0
steady,p,used_forward_calls,24.630435943603516,2,5,g2:e5,336,6,0.008928571428571428,0.017857142857142856,0.003445348125838098
steady,p,used_forward_calls,32.74006652832031,0,0,g0:e0,336,95,0.14136904761904762,0.28273809523809523,0.06202992360063252
steady,p,used_forward_calls,32.74006652832031,0,1,g0:e1,336,31,0.046130952380952384,0.09226190476190477,0.008997619551207339
steady,p,used_forward_calls,32.74006652832031,0,2,g0:e2,336,145,0.21577380952380953,0.43154761904761907,0.11570847194109644
steady,p,used_forward_calls,32.74006652832031,0,3,g0:e3,336,0,0.0,0.0,0.0
steady,p,used_forward_calls,32.74006652832031,0,4,g0:e4,336,40,0.05952380952380952,0.11904761904761904,0.02639941421026985
steady,p,used_forward_calls,32.74006652832031,0,5,g0:e5,336,13,0.019345238095238096,0.03869047619047619,0.00838966423734313
steady,p,used_forward_calls,32.74006652832031,1,0,g1:e0,336,68,0.10119047619047619,0.20238095238095238,0.044880258185522895
steady,p,used_forward_calls,32.74006652832031,1,1,g1:e1,336,99,0.14732142857142858,0.29464285714285715,0.06922875899111941
steady,p,used_forward_calls,32.74006652832031,1,2,g1:e2,336,1,0.001488095238095238,0.002976190476190476,0.0006463657177629925
steady,p,used_forward_calls,32.74006652832031,1,3,g1:e3,336,0,0.0,0.0,0.0
steady,p,used_forward_calls,32.74006652832031,1,4,g1:e4,336,13,0.019345238095238096,0.03869047619047619,0.008105599410122349
steady,p,used_forward_calls,32.74006652832031,1,5,g1:e5,336,79,0.11755952380952381,0.23511904761904762,0.05490606850279229
steady,p,used_forward_calls,32.74006652832031,2,0,g2:e0,336,41,0.06101190476190476,0.12202380952380952,0.03153697467808213
steady,p,used_forward_calls,32.74006652832031,2,1,g2:e1,336,0,0.0,0.0,0.0
steady,p,used_forward_calls,32.74006652832031,2,2,g2:e2,336,39,0.05803571428571429,0.11607142857142858,0.023167255822391736
steady,p,used_forward_calls,32.74006652832031,2,3,g2:e3,336,1,0.001488095238095238,0.002976190476190476,0.00046170232374043694
steady,p,used_forward_calls,32.74006652832031,2,4,g2:e4,336,5,0.00744047619047619,0.01488095238095238,0.0035965562398944583
steady,p,used_forward_calls,32.74006652832031,2,5,g2:e5,336,2,0.002976190476190476,0.005952380952380952,0.0014048200100660324
steady,p,used_forward_calls,39.68547821044922,0,0,g0:e0,336,0,0.0,0.0,0.0
steady,p,used_forward_calls,39.68547821044922,0,1,g0:e1,336,0,0.0,0.0,0.0
steady,p,used_forward_calls,39.68547821044922,0,2,g0:e2,336,0,0.0,0.0,0.0
steady,p,used_forward_calls,39.68547821044922,0,3,g0:e3,336,0,0.0,0.0,0.0
steady,p,used_forward_calls,39.68547821044922,0,4,g0:e4,336,2,0.002976190476190476,0.005952380952380952,0.0024468530679032916
steady,p,used_forward_calls,39.68547821044922,0,5,g0:e5,336,2,0.002976190476190476,0.005952380952380952,0.00028802453362870785
steady,p,used_forward_calls,39.68547821044922,1,0,g1:e0,336,159,0.23660714285714285,0.4732142857142857,0.10623977914275158
steady,p,used_forward_calls,39.68547821044922,1,1,g1:e1,336,27,0.04017857142857143,0.08035714285714286,0.018669619801498595
steady,p,used_forward_calls,39.68547821044922,1,2,g1:e2,336,280,0.4166666666666667,0.8333333333333334,0.20217512929368586
steady,p,used_forward_calls,39.68547821044922,1,3,g1:e3,336,20,0.02976190476190476,0.05952380952380952,0.01241115631446952
steady,p,used_forward_calls,39.68547821044922,1,4,g1:e4,336,2,0.002976190476190476,0.005952380952380952,0.0011458261204617365
steady,p,used_forward_calls,39.68547821044922,1,5,g1:e5,336,142,0.2113095238095238,0.4226190476190476,0.09010172661926065
steady,p,used_forward_calls,39.68547821044922,2,0,g2:e0,336,0,0.0,0.0,0.0
steady,p,used_forward_calls,39.68547821044922,2,1,g2:e1,336,0,0.0,0.0,0.0
steady,p,used_forward_calls,39.68547821044922,2,2,g2:e2,336,14,0.020833333333333332,0.041666666666666664,0.008484866913585435
steady,p,used_forward_calls,39.68547821044922,2,3,g2:e3,336,7,0.010416666666666666,0.020833333333333332,0.003071933253003018
steady,p,used_forward_calls,39.68547821044922,2,4,g2:e4,336,17,0.025297619047619048,0.050595238095238096,0.014424538151139305
steady,p,used_forward_calls,39.68547821044922,2,5,g2:e5,336,0,0.0,0.0,0.0
steady,p,used_forward_calls,45.142704010009766,0,0,g0:e0,336,3,0.004464285714285714,0.008928571428571428,0.0022524945171816008
steady,p,used_forward_calls,45.142704010009766,0,1,g0:e1,336,7,0.010416666666666666,0.020833333333333332,0.001918100253013628
steady,p,used_forward_calls,45.142704010009766,0,2,g0:e2,336,0,0.0,0.0,0.0
steady,p,used_forward_calls,45.142704010009766,0,3,g0:e3,336,0,0.0,0.0,0.0
steady,p,used_forward_calls,45.142704010009766,0,4,g0:e4,336,5,0.00744047619047619,0.01488095238095238,0.006081190669820422
steady,p,used_forward_calls,45.142704010009766,0,5,g0:e5,336,1,0.001488095238095238,0.002976190476190476,0.0006877255315581957
steady,p,used_forward_calls,45.142704010009766,1,0,g1:e0,336,94,0.13988095238095238,0.27976190476190477,0.06096789608931258
steady,p,used_forward_calls,45.142704010009766,1,1,g1:e1,336,72,0.10714285714285714,0.21428571428571427,0.04923134084258761
steady,p,used_forward_calls,45.142704010009766,1,2,g1:e2,336,289,0.43005952380952384,0.8601190476190477,0.2100372841759097
steady,p,used_forward_calls,45.142704010009766,1,3,g1:e3,336,35,0.052083333333333336,0.10416666666666667,0.020534425131267027
steady,p,used_forward_calls,45.142704010009766,1,4,g1:e4,336,4,0.005952380952380952,0.011904761904761904,0.002344142512551376
steady,p,used_forward_calls,45.142704010009766,1,5,g1:e5,336,150,0.22321428571428573,0.44642857142857145,0.09720022076119979
steady,p,used_forward_calls,45.142704010009766,2,0,g2:e0,336,0,0.0,0.0,0.0
steady,p,used_forward_calls,45.142704010009766,2,1,g2:e1,336,0,0.0,0.0,0.0
steady,p,used_forward_calls,45.142704010009766,2,2,g2:e2,336,6,0.008928571428571428,0.017857142857142856,0.004144007960955302
steady,p,used_forward_calls,45.142704010009766,2,3,g2:e3,336,3,0.004464285714285714,0.008928571428571428,0.0019981684606699716
steady,p,used_forward_calls,45.142704010009766,2,4,g2:e4,336,3,0.004464285714285714,0.008928571428571428,0.0020624565049296335
steady,p,used_forward_calls,45.142704010009766,2,5,g2:e5,336,0,0.0,0.0,0.0
hopf,u,macro_stage1,pooled,0,0,g0:e0,840,0,0.0,0.0,0.0
hopf,u,macro_stage1,pooled,0,1,g0:e1,840,840,0.5,1.0,0.00028097088096041303
hopf,u,macro_stage1,pooled,0,2,g0:e2,840,0,0.0,0.0,0.0
hopf,u,macro_stage1,pooled,0,3,g0:e3,840,840,0.5,1.0,0.42829046330991244
hopf,u,macro_stage1,pooled,0,4,g0:e4,840,0,0.0,0.0,0.0
hopf,u,macro_stage1,pooled,0,5,g0:e5,840,0,0.0,0.0,0.0
hopf,u,macro_stage1,47.081356048583984,0,0,g0:e0,280,0,0.0,0.0,0.0
hopf,u,macro_stage1,47.081356048583984,0,1,g0:e1,280,280,0.5,1.0,6.510838033843161e-06
hopf,u,macro_stage1,47.081356048583984,0,2,g0:e2,280,0,0.0,0.0,0.0
hopf,u,macro_stage1,47.081356048583984,0,3,g0:e3,280,280,0.5,1.0,0.4285649156996182
hopf,u,macro_stage1,47.081356048583984,0,4,g0:e4,280,0,0.0,0.0,0.0
hopf,u,macro_stage1,47.081356048583984,0,5,g0:e5,280,0,0.0,0.0,0.0
hopf,u,macro_stage1,49.02235412597656,0,0,g0:e0,280,0,0.0,0.0,0.0
hopf,u,macro_stage1,49.02235412597656,0,1,g0:e1,280,280,0.5,1.0,0.0008305883919979757
hopf,u,macro_stage1,49.02235412597656,0,2,g0:e2,280,0,0.0,0.0,0.0
hopf,u,macro_stage1,49.02235412597656,0,3,g0:e3,280,280,0.5,1.0,0.42774084944810187
hopf,u,macro_stage1,49.02235412597656,0,4,g0:e4,280,0,0.0,0.0,0.0
hopf,u,macro_stage1,49.02235412597656,0,5,g0:e5,280,0,0.0,0.0,0.0
hopf,u,macro_stage1,51.78644943237305,0,0,g0:e0,280,0,0.0,0.0,0.0
hopf,u,macro_stage1,51.78644943237305,0,1,g0:e1,280,280,0.5,1.0,5.8134128494202745e-06
hopf,u,macro_stage1,51.78644943237305,0,2,g0:e2,280,0,0.0,0.0,0.0
hopf,u,macro_stage1,51.78644943237305,0,3,g0:e3,280,280,0.5,1.0,0.4285656247820173
hopf,u,macro_stage1,51.78644943237305,0,4,g0:e4,280,0,0.0,0.0,0.0
hopf,u,macro_stage1,51.78644943237305,0,5,g0:e5,280,0,0.0,0.0,0.0
hopf,u,used_forward_calls,pooled,0,0,g0:e0,3360,0,0.0,0.0,0.0
hopf,u,used_forward_calls,pooled,0,1,g0:e1,3360,3360,0.5,1.0,0.0002599845576079142
hopf,u,used_forward_calls,pooled,0,2,g0:e2,3360,0,0.0,0.0,0.0
hopf,u,used_forward_calls,pooled,0,3,g0:e3,3360,3360,0.5,1.0,0.42831145065526166
hopf,u,used_forward_calls,pooled,0,4,g0:e4,3360,0,0.0,0.0,0.0
hopf,u,used_forward_calls,pooled,0,5,g0:e5,3360,0,0.0,0.0,0.0
hopf,u,used_forward_calls,47.081356048583984,0,0,g0:e0,1120,0,0.0,0.0,0.0
hopf,u,used_forward_calls,47.081356048583984,0,1,g0:e1,1120,1120,0.5,1.0,5.7963056575032515e-06
hopf,u,used_forward_calls,47.081356048583984,0,2,g0:e2,1120,0,0.0,0.0,0.0
hopf,u,used_forward_calls,47.081356048583984,0,3,g0:e3,1120,1120,0.5,1.0,0.4285656315939767
hopf,u,used_forward_calls,47.081356048583984,0,4,g0:e4,1120,0,0.0,0.0,0.0
hopf,u,used_forward_calls,47.081356048583984,0,5,g0:e5,1120,0,0.0,0.0,0.0
hopf,u,used_forward_calls,49.02235412597656,0,0,g0:e0,1120,0,0.0,0.0,0.0
hopf,u,used_forward_calls,49.02235412597656,0,1,g0:e1,1120,1120,0.5,1.0,0.0007683804772215958
hopf,u,used_forward_calls,49.02235412597656,0,2,g0:e2,1120,0,0.0,0.0,0.0
hopf,u,used_forward_calls,49.02235412597656,0,3,g0:e3,1120,1120,0.5,1.0,0.4278030583102788
hopf,u,used_forward_calls,49.02235412597656,0,4,g0:e4,1120,0,0.0,0.0,0.0
hopf,u,used_forward_calls,49.02235412597656,0,5,g0:e5,1120,0,0.0,0.0,0.0
hopf,u,used_forward_calls,51.78644943237305,0,0,g0:e0,1120,0,0.0,0.0,0.0
hopf,u,used_forward_calls,51.78644943237305,0,1,g0:e1,1120,1120,0.5,1.0,5.776889944643569e-06
hopf,u,used_forward_calls,51.78644943237305,0,2,g0:e2,1120,0,0.0,0.0,0.0
hopf,u,used_forward_calls,51.78644943237305,0,3,g0:e3,1120,1120,0.5,1.0,0.4285656620615295
hopf,u,used_forward_calls,51.78644943237305,0,4,g0:e4,1120,0,0.0,0.0,0.0
hopf,u,used_forward_calls,51.78644943237305,0,5,g0:e5,1120,0,0.0,0.0,0.0
hopf,p,macro_stage1,pooled,0,0,g0:e0,840,0,0.0,0.0,0.0
hopf,p,macro_stage1,pooled,0,1,g0:e1,840,0,0.0,0.0,0.0
hopf,p,macro_stage1,pooled,0,2,g0:e2,840,840,0.5,1.0,0.36069854107641036
hopf,p,macro_stage1,pooled,0,3,g0:e3,840,0,0.0,0.0,0.0
hopf,p,macro_stage1,pooled,0,4,g0:e4,840,840,0.5,1.0,0.06787289272491588
hopf,p,macro_stage1,pooled,0,5,g0:e5,840,0,0.0,0.0,0.0
hopf,p,macro_stage1,47.081356048583984,0,0,g0:e0,280,0,0.0,0.0,0.0
hopf,p,macro_stage1,47.081356048583984,0,1,g0:e1,280,0,0.0,0.0,0.0
hopf,p,macro_stage1,47.081356048583984,0,2,g0:e2,280,280,0.5,1.0,0.42842260535274235
hopf,p,macro_stage1,47.081356048583984,0,3,g0:e3,280,0,0.0,0.0,0.0
hopf,p,macro_stage1,47.081356048583984,0,4,g0:e4,280,280,0.5,1.0,0.00014882965169817907
hopf,p,macro_stage1,47.081356048583984,0,5,g0:e5,280,0,0.0,0.0,0.0
hopf,p,macro_stage1,49.02235412597656,0,0,g0:e0,280,0,0.0,0.0,0.0
hopf,p,macro_stage1,49.02235412597656,0,1,g0:e1,280,0,0.0,0.0,0.0
hopf,p,macro_stage1,49.02235412597656,0,2,g0:e2,280,280,0.5,1.0,0.4124771969658988
hopf,p,macro_stage1,49.02235412597656,0,3,g0:e3,280,0,0.0,0.0,0.0
hopf,p,macro_stage1,49.02235412597656,0,4,g0:e4,280,280,0.5,1.0,0.01609423756266811
hopf,p,macro_stage1,49.02235412597656,0,5,g0:e5,280,0,0.0,0.0,0.0
hopf,p,macro_stage1,51.78644943237305,0,0,g0:e0,280,0,0.0,0.0,0.0
hopf,p,macro_stage1,51.78644943237305,0,1,g0:e1,280,0,0.0,0.0,0.0
hopf,p,macro_stage1,51.78644943237305,0,2,g0:e2,280,280,0.5,1.0,0.24119582091059003
hopf,p,macro_stage1,51.78644943237305,0,3,g0:e3,280,0,0.0,0.0,0.0
hopf,p,macro_stage1,51.78644943237305,0,4,g0:e4,280,280,0.5,1.0,0.18737561096038138
hopf,p,macro_stage1,51.78644943237305,0,5,g0:e5,280,0,0.0,0.0,0.0
hopf,p,used_forward_calls,pooled,0,0,g0:e0,840,0,0.0,0.0,0.0
hopf,p,used_forward_calls,pooled,0,1,g0:e1,840,0,0.0,0.0,0.0
hopf,p,used_forward_calls,pooled,0,2,g0:e2,840,840,0.5,1.0,0.36069854107641036
hopf,p,used_forward_calls,pooled,0,3,g0:e3,840,0,0.0,0.0,0.0
hopf,p,used_forward_calls,pooled,0,4,g0:e4,840,840,0.5,1.0,0.06787289272491588
hopf,p,used_forward_calls,pooled,0,5,g0:e5,840,0,0.0,0.0,0.0
hopf,p,used_forward_calls,47.081356048583984,0,0,g0:e0,280,0,0.0,0.0,0.0
hopf,p,used_forward_calls,47.081356048583984,0,1,g0:e1,280,0,0.0,0.0,0.0
hopf,p,used_forward_calls,47.081356048583984,0,2,g0:e2,280,280,0.5,1.0,0.42842260535274235
hopf,p,used_forward_calls,47.081356048583984,0,3,g0:e3,280,0,0.0,0.0,0.0
hopf,p,used_forward_calls,47.081356048583984,0,4,g0:e4,280,280,0.5,1.0,0.00014882965169817907
hopf,p,used_forward_calls,47.081356048583984,0,5,g0:e5,280,0,0.0,0.0,0.0
hopf,p,used_forward_calls,49.02235412597656,0,0,g0:e0,280,0,0.0,0.0,0.0
hopf,p,used_forward_calls,49.02235412597656,0,1,g0:e1,280,0,0.0,0.0,0.0
hopf,p,used_forward_calls,49.02235412597656,0,2,g0:e2,280,280,0.5,1.0,0.4124771969658988
hopf,p,used_forward_calls,49.02235412597656,0,3,g0:e3,280,0,0.0,0.0,0.0
hopf,p,used_forward_calls,49.02235412597656,0,4,g0:e4,280,280,0.5,1.0,0.01609423756266811
hopf,p,used_forward_calls,49.02235412597656,0,5,g0:e5,280,0,0.0,0.0,0.0
hopf,p,used_forward_calls,51.78644943237305,0,0,g0:e0,280,0,0.0,0.0,0.0
hopf,p,used_forward_calls,51.78644943237305,0,1,g0:e1,280,0,0.0,0.0,0.0
hopf,p,used_forward_calls,51.78644943237305,0,2,g0:e2,280,280,0.5,1.0,0.24119582091059003
hopf,p,used_forward_calls,51.78644943237305,0,3,g0:e3,280,0,0.0,0.0,0.0
hopf,p,used_forward_calls,51.78644943237305,0,4,g0:e4,280,280,0.5,1.0,0.18737561096038138
hopf,p,used_forward_calls,51.78644943237305,0,5,g0:e5,280,0,0.0,0.0,0.0
periodic,u,macro_stage1,pooled,0,0,g0:e0,2496,469,0.09395032051282051,0.18790064102564102,0.045416062170914255
periodic,u,macro_stage1,pooled,0,1,g0:e1,2496,40,0.008012820512820512,0.016025641025641024,0.0026647304916061843
periodic,u,macro_stage1,pooled,0,2,g0:e2,2496,136,0.027243589743589744,0.05448717948717949,0.008195559230350624
periodic,u,macro_stage1,pooled,0,3,g0:e3,2496,91,0.018229166666666668,0.036458333333333336,0.011488651665739523
periodic,u,macro_stage1,pooled,0,4,g0:e4,2496,176,0.035256410256410256,0.07051282051282051,0.011800639909686139
periodic,u,macro_stage1,pooled,0,5,g0:e5,2496,606,0.12139423076923077,0.24278846153846154,0.050757160338644795
periodic,u,macro_stage1,pooled,1,0,g1:e0,2496,454,0.09094551282051282,0.18189102564102563,0.03802885097311213
periodic,u,macro_stage1,pooled,1,1,g1:e1,2496,131,0.02624198717948718,0.05248397435897436,0.011410527341724493
periodic,u,macro_stage1,pooled,1,2,g1:e2,2496,259,0.051883012820512824,0.10376602564102565,0.018111106150079135
periodic,u,macro_stage1,pooled,1,3,g1:e3,2496,296,0.05929487179487179,0.11858974358974358,0.03055581742694649
periodic,u,macro_stage1,pooled,1,4,g1:e4,2496,99,0.019831730769230768,0.039663461538461536,0.005715848758625679
periodic,u,macro_stage1,pooled,1,5,g1:e5,2496,411,0.08233173076923077,0.16466346153846154,0.03783307099440254
periodic,u,macro_stage1,pooled,2,0,g2:e0,2496,413,0.08273237179487179,0.16546474358974358,0.030178430147747674
periodic,u,macro_stage1,pooled,2,1,g2:e1,2496,352,0.07051282051282051,0.14102564102564102,0.03391778006054945
periodic,u,macro_stage1,pooled,2,2,g2:e2,2496,170,0.034054487179487176,0.06810897435897435,0.014874268450978726
periodic,u,macro_stage1,pooled,2,3,g2:e3,2496,269,0.05388621794871795,0.1077724358974359,0.023174404480997533
periodic,u,macro_stage1,pooled,2,4,g2:e4,2496,55,0.011017628205128206,0.022035256410256412,0.00020019631390310585
periodic,u,macro_stage1,pooled,2,5,g2:e5,2496,565,0.11318108974358974,0.2263621794871795,0.054248329131438275
periodic,u,macro_stage1,70.31463623046875,0,0,g0:e0,624,358,0.28685897435897434,0.5737179487179487,0.1592309796311057
periodic,u,macro_stage1,70.31463623046875,0,1,g0:e1,624,0,0.0,0.0,0.0
periodic,u,macro_stage1,70.31463623046875,0,2,g0:e2,624,27,0.021634615384615384,0.04326923076923077,0.002703444817318366
periodic,u,macro_stage1,70.31463623046875,0,3,g0:e3,624,0,0.0,0.0,0.0
periodic,u,macro_stage1,70.31463623046875,0,4,g0:e4,624,0,0.0,0.0,0.0
periodic,u,macro_stage1,70.31463623046875,0,5,g0:e5,624,331,0.265224358974359,0.530448717948718,0.08394469932103768
periodic,u,macro_stage1,70.31463623046875,1,0,g1:e0,624,130,0.10416666666666667,0.20833333333333334,0.06203748309650482
periodic,u,macro_stage1,70.31463623046875,1,1,g1:e1,624,12,0.009615384615384616,0.019230769230769232,0.0019246704446581693
periodic,u,macro_stage1,70.31463623046875,1,2,g1:e2,624,0,0.0,0.0,0.0
periodic,u,macro_stage1,70.31463623046875,1,3,g1:e3,624,0,0.0,0.0,0.0
periodic,u,macro_stage1,70.31463623046875,1,4,g1:e4,624,0,0.0,0.0,0.0
periodic,u,macro_stage1,70.31463623046875,1,5,g1:e5,624,118,0.09455128205128205,0.1891025641025641,0.025323561852415785
periodic,u,macro_stage1,70.31463623046875,2,0,g2:e0,624,127,0.10176282051282051,0.20352564102564102,0.00930638693660932
periodic,u,macro_stage1,70.31463623046875,2,1,g2:e1,624,9,0.007211538461538462,0.014423076923076924,0.0004466146563526052
periodic,u,macro_stage1,70.31463623046875,2,2,g2:e2,624,0,0.0,0.0,0.0
periodic,u,macro_stage1,70.31463623046875,2,3,g2:e3,624,0,0.0,0.0,0.0
periodic,u,macro_stage1,70.31463623046875,2,4,g2:e4,624,0,0.0,0.0,0.0
periodic,u,macro_stage1,70.31463623046875,2,5,g2:e5,624,136,0.10897435897435898,0.21794871794871795,0.08365359314932273
periodic,u,macro_stage1,100.35224914550781,0,0,g0:e0,624,90,0.07211538461538461,0.14423076923076922,0.019433850147880804
periodic,u,macro_stage1,100.35224914550781,0,1,g0:e1,624,0,0.0,0.0,0.0
periodic,u,macro_stage1,100.35224914550781,0,2,g0:e2,624,41,0.032852564102564104,0.06570512820512821,0.019113780948548362
periodic,u,macro_stage1,100.35224914550781,0,3,g0:e3,624,0,0.0,0.0,0.0
periodic,u,macro_stage1,100.35224914550781,0,4,g0:e4,624,87,0.06971153846153846,0.13942307692307693,0.031003953954682518
periodic,u,macro_stage1,100.35224914550781,0,5,g0:e5,624,164,0.13141025641025642,0.26282051282051283,0.06162973533933743
periodic,u,macro_stage1,100.35224914550781,1,0,g1:e0,624,200,0.16025641025641027,0.32051282051282054,0.054501199011261076
periodic,u,macro_stage1,100.35224914550781,1,1,g1:e1,624,92,0.07371794871794872,0.14743589743589744,0.03220328401463727
periodic,u,macro_stage1,100.35224914550781,1,2,g1:e2,624,0,0.0,0.0,0.0
periodic,u,macro_stage1,100.35224914550781,1,3,g1:e3,624,47,0.03766025641025641,0.07532051282051282,0.007649075681677995
periodic,u,macro_stage1,100.35224914550781,1,4,g1:e4,624,0,0.0,0.0,0.0
periodic,u,macro_stage1,100.35224914550781,1,5,g1:e5,624,107,0.08573717948717949,0.17147435897435898,0.058805784106087416
periodic,u,macro_stage1,100.35224914550781,2,0,g2:e0,624,121,0.09695512820512821,0.19391025641025642,0.05517542461315409
periodic,u,macro_stage1,100.35224914550781,2,1,g2:e1,624,69,0.055288461538461536,0.11057692307692307,0.024570685787460744
periodic,u,macro_stage1,100.35224914550781,2,2,g2:e2,624,0,0.0,0.0,0.0
periodic,u,macro_stage1,100.35224914550781,2,3,g2:e3,624,20,0.016025641025641024,0.03205128205128205,0.005665174327217615
periodic,u,macro_stage1,100.35224914550781,2,4,g2:e4,624,0,0.0,0.0,0.0
periodic,u,macro_stage1,100.35224914550781,2,5,g2:e5,624,210,0.16826923076923078,0.33653846153846156,0.05881948666109775
periodic,u,macro_stage1,149.05923461914062,0,0,g0:e0,624,5,0.004006410256410256,0.008012820512820512,0.00017022276715112803
periodic,u,macro_stage1,149.05923461914062,0,1,g0:e1,624,0,0.0,0.0,0.0
periodic,u,macro_stage1,149.05923461914062,0,2,g0:e2,624,17,0.013621794871794872,0.027243589743589744,0.004463841822237158
periodic,u,macro_stage1,149.05923461914062,0,3,g0:e3,624,13,0.010416666666666666,0.020833333333333332,0.005735255455454955
periodic,u,macro_stage1,149.05923461914062,0,4,g0:e4,624,66,0.052884615384615384,0.10576923076923077,0.013339410088239955
periodic,u,macro_stage1,149.05923461914062,0,5,g0:e5,624,79,0.06330128205128205,0.1266025641025641,0.038104457494158014
periodic,u,macro_stage1,149.05923461914062,1,0,g1:e0,624,58,0.046474358974358976,0.09294871794871795,0.007653492281977565
periodic,u,macro_stage1,149.05923461914062,1,1,g1:e1,624,26,0.020833333333333332,0.041666666666666664,0.011309254245880323
periodic,u,macro_stage1,149.05923461914062,1,2,g1:e2,624,100,0.08012820512820513,0.16025641025641027,0.015363006273475595
periodic,u,macro_stage1,149.05923461914062,1,3,g1:e3,624,83,0.06650641025641026,0.1330128205128205,0.0478831025509116
periodic,u,macro_stage1,149.05923461914062,1,4,g1:e4,624,3,0.002403846153846154,0.004807692307692308,0.0005715960660615029
periodic,u,macro_stage1,149.05923461914062,1,5,g1:e5,624,70,0.05608974358974359,0.11217948717948718,0.03397779176250482
periodic,u,macro_stage1,149.05923461914062,2,0,g2:e0,624,152,0.12179487179487179,0.24358974358974358,0.05569710002806133
periodic,u,macro_stage1,149.05923461914062,2,1,g2:e1,624,168,0.1346153846153846,0.2692307692307692,0.09004448101115532
periodic,u,macro_stage1,149.05923461914062,2,2,g2:e2,624,122,0.09775641025641026,0.1955128205128205,0.04747280748322224
periodic,u,macro_stage1,149.05923461914062,2,3,g2:e3,624,164,0.13141025641025642,0.26282051282051283,0.04747027819468759
periodic,u,macro_stage1,149.05923461914062,2,4,g2:e4,624,55,0.044070512820512824,0.08814102564102565,0.0008007852556124234
periodic,u,macro_stage1,149.05923461914062,2,5,g2:e5,624,67,0.05368589743589743,0.10737179487179487,0.008514550782423705
periodic,u,macro_stage1,189.86227416992188,0,0,g0:e0,624,16,0.01282051282051282,0.02564102564102564,0.00282919613751941
periodic,u,macro_stage1,189.86227416992188,0,1,g0:e1,624,40,0.03205128205128205,0.0641025641025641,0.010658921966424737
periodic,u,macro_stage1,189.86227416992188,0,2,g0:e2,624,51,0.040865384615384616,0.08173076923076923,0.006501169333298607
periodic,u,macro_stage1,189.86227416992188,0,3,g0:e3,624,78,0.0625,0.125,0.04021935120750314
periodic,u,macro_stage1,189.86227416992188,0,4,g0:e4,624,23,0.01842948717948718,0.03685897435897436,0.002859195595822082
periodic,u,macro_stage1,189.86227416992188,0,5,g0:e5,624,32,0.02564102564102564,0.05128205128205128,0.019349749200046062
periodic,u,macro_stage1,189.86227416992188,1,0,g1:e0,624,66,0.052884615384615384,0.10576923076923077,0.027923229502705045
periodic,u,macro_stage1,189.86227416992188,1,1,g1:e1,624,1,0.0008012820512820513,0.0016025641025641025,0.00020490066172220768
periodic,u,macro_stage1,189.86227416992188,1,2,g1:e2,624,159,0.12740384615384615,0.2548076923076923,0.05708141832684095
periodic,u,macro_stage1,189.86227416992188,1,3,g1:e3,624,166,0.1330128205128205,0.266025641025641,0.06669109147519638
periodic,u,macro_stage1,189.86227416992188,1,4,g1:e4,624,96,0.07692307692307693,0.15384615384615385,0.02229179896844121
periodic,u,macro_stage1,189.86227416992188,1,5,g1:e5,624,116,0.09294871794871795,0.1858974358974359,0.03322514625660215
periodic,u,macro_stage1,189.86227416992188,2,0,g2:e0,624,13,0.010416666666666666,0.020833333333333332,0.0005348090131659634
periodic,u,macro_stage1,189.86227416992188,2,1,g2:e1,624,106,0.08493589743589744,0.16987179487179488,0.02060933878722911
periodic,u,macro_stage1,189.86227416992188,2,2,g2:e2,624,48,0.038461538461538464,0.07692307692307693,0.012024266320692662
periodic,u,macro_stage1,189.86227416992188,2,3,g2:e3,624,85,0.06810897435897435,0.1362179487179487,0.039562165402084924
periodic,u,macro_stage1,189.86227416992188,2,4,g2:e4,624,0,0.0,0.0,0.0
periodic,u,macro_stage1,189.86227416992188,2,5,g2:e5,624,152,0.12179487179487179,0.24358974358974358,0.06600568593290891
periodic,u,used_forward_calls,pooled,0,0,g0:e0,9984,2459,0.12314703525641026,0.2462940705128205,0.071981540731054
periodic,u,used_forward_calls,pooled,0,1,g0:e1,9984,52,0.0026041666666666665,0.005208333333333333,0.000687092720722714
periodic,u,used_forward_calls,pooled,0,2,g0:e2,9984,154,0.007712339743589744,0.015424679487179488,0.002159882072728345
periodic,u,used_forward_calls,pooled,0,3,g0:e3,9984,127,0.006360176282051282,0.012720352564102564,0.0037311570500978865
periodic,u,used_forward_calls,pooled,0,4,g0:e4,9984,640,0.03205128205128205,0.0641025641025641,0.008259769243592858
periodic,u,used_forward_calls,pooled,0,5,g0:e5,9984,2506,0.1255008012820513,0.2510016025641026,0.040627331706720074
periodic,u,used_forward_calls,pooled,1,0,g1:e0,9984,3288,0.16466346153846154,0.3293269230769231,0.07336627367261919
periodic,u,used_forward_calls,pooled,1,1,g1:e1,9984,267,0.01337139423076923,0.02674278846153846,0.0048170920497982595
periodic,u,used_forward_calls,pooled,1,2,g1:e2,9984,627,0.031400240384615384,0.06280048076923077,0.012709478039864618
periodic,u,used_forward_calls,pooled,1,3,g1:e3,9984,613,0.030699118589743588,0.061398237179487176,0.01233571426825783
periodic,u,used_forward_calls,pooled,1,4,g1:e4,9984,122,0.006109775641025641,0.012219551282051282,0.0017769160062576143
periodic,u,used_forward_calls,pooled,1,5,g1:e5,9984,3017,0.1510917467948718,0.3021834935897436,0.06528127267488461
periodic,u,used_forward_calls,pooled,2,0,g2:e0,9984,1765,0.08839142628205128,0.17678285256410256,0.014728292373303312
periodic,u,used_forward_calls,pooled,2,1,g2:e1,9984,795,0.03981370192307692,0.07962740384615384,0.009001870169888604
periodic,u,used_forward_calls,pooled,2,2,g2:e2,9984,205,0.010266426282051282,0.020532852564102564,0.004012414885484106
periodic,u,used_forward_calls,pooled,2,3,g2:e3,9984,584,0.029246794871794872,0.058493589743589744,0.006538092355407197
periodic,u,used_forward_calls,pooled,2,4,g2:e4,9984,55,0.0027544070512820515,0.005508814102564103,5.004907847577646e-05
periodic,u,used_forward_calls,pooled,2,5,g2:e5,9984,2692,0.13481570512820512,0.26963141025641024,0.09650719480840472
periodic,u,used_forward_calls,70.31463623046875,0,0,g0:e0,2496,1016,0.20352564102564102,0.40705128205128205,0.1251085610531915
periodic,u,used_forward_calls,70.31463623046875,0,1,g0:e1,2496,0,0.0,0.0,0.0
periodic,u,used_forward_calls,70.31463623046875,0,2,g0:e2,2496,27,0.005408653846153846,0.010817307692307692,0.0006758612043295915
periodic,u,used_forward_calls,70.31463623046875,0,3,g0:e3,2496,0,0.0,0.0,0.0
periodic,u,used_forward_calls,70.31463623046875,0,4,g0:e4,2496,0,0.0,0.0,0.0
periodic,u,used_forward_calls,70.31463623046875,0,5,g0:e5,2496,989,0.19811698717948717,0.39623397435897434,0.04866612931483616
periodic,u,used_forward_calls,70.31463623046875,1,0,g1:e0,2496,535,0.10717147435897435,0.2143429487179487,0.05639824840890912
periodic,u,used_forward_calls,70.31463623046875,1,1,g1:e1,2496,12,0.002403846153846154,0.004807692307692308,0.0004811676111645423
periodic,u,used_forward_calls,70.31463623046875,1,2,g1:e2,2496,0,0.0,0.0,0.0
periodic,u,used_forward_calls,70.31463623046875,1,3,g1:e3,2496,0,0.0,0.0,0.0
periodic,u,used_forward_calls,70.31463623046875,1,4,g1:e4,2496,0,0.0,0.0,0.0
periodic,u,used_forward_calls,70.31463623046875,1,5,g1:e5,2496,523,0.10476762820512821,0.20953525641025642,0.03498184891829554
periodic,u,used_forward_calls,70.31463623046875,2,0,g2:e0,2496,871,0.17447916666666666,0.3489583333333333,0.008571958032074433
periodic,u,used_forward_calls,70.31463623046875,2,1,g2:e1,2496,74,0.014823717948717948,0.029647435897435896,0.00021502100772079593
periodic,u,used_forward_calls,70.31463623046875,2,2,g2:e2,2496,0,0.0,0.0,0.0
periodic,u,used_forward_calls,70.31463623046875,2,3,g2:e3,2496,0,0.0,0.0,0.0
periodic,u,used_forward_calls,70.31463623046875,2,4,g2:e4,2496,0,0.0,0.0,0.0
periodic,u,used_forward_calls,70.31463623046875,2,5,g2:e5,2496,945,0.1893028846153846,0.3786057692307692,0.15347263827108037
periodic,u,used_forward_calls,100.35224914550781,0,0,g0:e0,2496,662,0.1326121794871795,0.265224358974359,0.070567711817626
periodic,u,used_forward_calls,100.35224914550781,0,1,g0:e1,2496,0,0.0,0.0,0.0
periodic,u,used_forward_calls,100.35224914550781,0,2,g0:e2,2496,41,0.008213141025641026,0.016426282051282052,0.0047784452371370904
periodic,u,used_forward_calls,100.35224914550781,0,3,g0:e3,2496,0,0.0,0.0,0.0
periodic,u,used_forward_calls,100.35224914550781,0,4,g0:e4,2496,164,0.032852564102564104,0.06570512820512821,0.011364640499381587
periodic,u,used_forward_calls,100.35224914550781,0,5,g0:e5,2496,813,0.16286057692307693,0.32572115384615385,0.057519973490017064
periodic,u,used_forward_calls,100.35224914550781,1,0,g1:e0,2496,875,0.1752804487179487,0.3505608974358974,0.08086422605638524
periodic,u,used_forward_calls,100.35224914550781,1,1,g1:e1,2496,140,0.028044871794871796,0.05608974358974359,0.009260490454602031
periodic,u,used_forward_calls,100.35224914550781,1,2,g1:e2,2496,0,0.0,0.0,0.0
periodic,u,used_forward_calls,100.35224914550781,1,3,g1:e3,2496,90,0.018028846153846152,0.036057692307692304,0.0024814796790731354
periodic,u,used_forward_calls,100.35224914550781,1,4,g1:e4,2496,0,0.0,0.0,0.0
periodic,u,used_forward_calls,100.35224914550781,1,5,g1:e5,2496,739,0.14803685897435898,0.29607371794871795,0.06570424528744741
periodic,u,used_forward_calls,100.35224914550781,2,0,g2:e0,2496,384,0.07692307692307693,0.15384615384615385,0.03197802596827014
periodic,u,used_forward_calls,100.35224914550781,2,1,g2:e1,2496,202,0.04046474358974359,0.08092948717948718,0.007470517006881075
periodic,u,used_forward_calls,100.35224914550781,2,2,g2:e2,2496,0,0.0,0.0,0.0
periodic,u,used_forward_calls,100.35224914550781,2,3,g2:e3,2496,148,0.029647435897435896,0.05929487179487179,0.0021539128975769603
periodic,u,used_forward_calls,100.35224914550781,2,4,g2:e4,2496,0,0.0,0.0,0.0
periodic,u,used_forward_calls,100.35224914550781,2,5,g2:e5,2496,734,0.14703525641025642,0.29407051282051283,0.084427765677295
periodic,u,used_forward_calls,149.05923461914062,0,0,g0:e0,2496,491,0.09835737179487179,0.19671474358974358,0.05990468033418531
periodic,u,used_forward_calls,149.05923461914062,0,1,g0:e1,2496,0,0.0,0.0,0.0
periodic,u,used_forward_calls,149.05923461914062,0,2,g0:e2,2496,17,0.003405448717948718,0.006810897435897436,0.0011159604555592896
periodic,u,used_forward_calls,149.05923461914062,0,3,g0:e3,2496,13,0.0026041666666666665,0.005208333333333333,0.0014338138638637387
periodic,u,used_forward_calls,149.05923461914062,0,4,g0:e4,2496,230,0.04607371794871795,0.0921474358974359,0.006606714971638165
periodic,u,used_forward_calls,149.05923461914062,0,5,g0:e5,2496,621,0.12439903846153846,0.24879807692307693,0.04872729328053538
periodic,u,used_forward_calls,149.05923461914062,1,0,g1:e0,2496,876,0.17548076923076922,0.35096153846153844,0.073819291035388
periodic,u,used_forward_calls,149.05923461914062,1,1,g1:e1,2496,41,0.008213141025641026,0.016426282051282052,0.004156708254669912
periodic,u,used_forward_calls,149.05923461914062,1,2,g1:e2,2496,100,0.020032051282051284,0.04006410256410257,0.0038407515683688987
periodic,u,used_forward_calls,149.05923461914062,1,3,g1:e3,2496,149,0.029847756410256412,0.059695512820512824,0.012603868615443412
periodic,u,used_forward_calls,149.05923461914062,1,4,g1:e4,2496,3,0.0006009615384615385,0.001201923076923077,0.00014289901651537573
periodic,u,used_forward_calls,149.05923461914062,1,5,g1:e5,2496,807,0.16165865384615385,0.3233173076923077,0.07507934074107116
periodic,u,used_forward_calls,149.05923461914062,2,0,g2:e0,2496,435,0.08713942307692307,0.17427884615384615,0.01742147061544622
periodic,u,used_forward_calls,149.05923461914062,2,1,g2:e1,2496,283,0.05669070512820513,0.11338141025641026,0.022724385518673583
periodic,u,used_forward_calls,149.05923461914062,2,2,g2:e2,2496,147,0.029447115384615384,0.05889423076923077,0.012223968145218141
periodic,u,used_forward_calls,149.05923461914062,2,3,g2:e3,2496,199,0.03986378205128205,0.0797275641025641,0.011970273150487069
periodic,u,used_forward_calls,149.05923461914062,2,4,g2:e4,2496,55,0.011017628205128206,0.022035256410256412,0.00020019631390310585
periodic,u,used_forward_calls,149.05923461914062,2,5,g2:e5,2496,525,0.10516826923076923,0.21033653846153846,0.07659981760494142
periodic,u,used_forward_calls,189.86227416992188,0,0,g0:e0,2496,290,0.05809294871794872,0.11618589743589744,0.0323452097192132
periodic,u,used_forward_calls,189.86227416992188,0,1,g0:e1,2496,52,0.010416666666666666,0.020833333333333332,0.002748370882890856
periodic,u,used_forward_calls,189.86227416992188,0,2,g0:e2,2496,69,0.013822115384615384,0.027644230769230768,0.0020692613938874086
periodic,u,used_forward_calls,189.86227416992188,0,3,g0:e3,2496,114,0.02283653846153846,0.04567307692307692,0.013490814336527808
periodic,u,used_forward_calls,189.86227416992188,0,4,g0:e4,2496,246,0.04927884615384615,0.0985576923076923,0.015067721503351677
periodic,u,used_forward_calls,189.86227416992188,0,5,g0:e5,2496,83,0.016626602564102564,0.03325320512820513,0.007595930741491686
periodic,u,used_forward_calls,189.86227416992188,1,0,g1:e0,2496,1002,0.20072115384615385,0.4014423076923077,0.08238332918979442
periodic,u,used_forward_calls,189.86227416992188,1,1,g1:e1,2496,74,0.014823717948717948,0.029647435897435896,0.005370001878756552
periodic,u,used_forward_calls,189.86227416992188,1,2,g1:e2,2496,527,0.10556891025641026,0.2111378205128205,0.04699716059108957
periodic,u,used_forward_calls,189.86227416992188,1,3,g1:e3,2496,374,0.07491987179487179,0.14983974358974358,0.03425750877851477
periodic,u,used_forward_calls,189.86227416992188,1,4,g1:e4,2496,119,0.023838141025641024,0.04767628205128205,0.006964765008515081
periodic,u,used_forward_calls,189.86227416992188,1,5,g1:e5,2496,948,0.18990384615384615,0.3798076923076923,0.08535965575272432
periodic,u,used_forward_calls,189.86227416992188,2,0,g2:e0,2496,75,0.015024038461538462,0.030048076923076924,0.0009417148774224562
periodic,u,used_forward_calls,189.86227416992188,2,1,g2:e1,2496,236,0.047275641025641024,0.09455128205128205,0.005597557146278958
periodic,u,used_forward_calls,189.86227416992188,2,2,g2:e2,2496,58,0.011618589743589744,0.023237179487179488,0.0038256913967182836
periodic,u,used_forward_calls,189.86227416992188,2,3,g2:e3,2496,237,0.047475961538461536,0.09495192307692307,0.012028183373564762
periodic,u,used_forward_calls,189.86227416992188,2,4,g2:e4,2496,0,0.0,0.0,0.0
periodic,u,used_forward_calls,189.86227416992188,2,5,g2:e5,2496,488,0.09775641025641026,0.1955128205128205,0.0715285576803021
periodic,p,macro_stage1,pooled,0,0,g0:e0,2496,346,0.06931089743589744,0.13862179487179488,0.026686378458413318
periodic,p,macro_stage1,pooled,0,1,g0:e1,2496,75,0.015024038461538462,0.030048076923076924,0.0029627101477951957
periodic,p,macro_stage1,pooled,0,2,g0:e2,2496,539,0.10797275641025642,0.21594551282051283,0.052906268380003244
periodic,p,macro_stage1,pooled,0,3,g0:e3,2496,544,0.10897435897435898,0.21794871794871795,0.04708788486403556
periodic,p,macro_stage1,pooled,0,4,g0:e4,2496,14,0.0028044871794871795,0.005608974358974359,0.0006795621668107999
periodic,p,macro_stage1,pooled,0,5,g0:e5,2496,0,0.0,0.0,0.0
periodic,p,macro_stage1,pooled,1,0,g1:e0,2496,233,0.04667467948717949,0.09334935897435898,0.02127546640351797
periodic,p,macro_stage1,pooled,1,1,g1:e1,2496,0,0.0,0.0,0.0
periodic,p,macro_stage1,pooled,1,2,g1:e2,2496,705,0.14122596153846154,0.2824519230769231,0.06867290356827792
periodic,p,macro_stage1,pooled,1,3,g1:e3,2496,511,0.10236378205128205,0.2047275641025641,0.034915571688683346
periodic,p,macro_stage1,pooled,1,4,g1:e4,2496,51,0.010216346153846154,0.020432692307692308,0.0015375486288506251
periodic,p,macro_stage1,pooled,1,5,g1:e5,2496,150,0.030048076923076924,0.06009615384615385,0.015253731036910979
periodic,p,macro_stage1,pooled,2,0,g2:e0,2496,899,0.18008814102564102,0.36017628205128205,0.12203279729837026
periodic,p,macro_stage1,pooled,2,1,g2:e1,2496,45,0.009014423076923076,0.018028846153846152,0.001407924408200555
periodic,p,macro_stage1,pooled,2,2,g2:e2,2496,793,0.15885416666666666,0.3177083333333333,0.027142381393600656
periodic,p,macro_stage1,pooled,2,3,g2:e3,2496,0,0.0,0.0,0.0
periodic,p,macro_stage1,pooled,2,4,g2:e4,2496,0,0.0,0.0,0.0
periodic,p,macro_stage1,pooled,2,5,g2:e5,2496,87,0.017427884615384616,0.03485576923076923,0.006010305100622086
periodic,p,macro_stage1,70.31463623046875,0,0,g0:e0,624,104,0.08333333333333333,0.16666666666666666,0.019675950803316366
periodic,p,macro_stage1,70.31463623046875,0,1,g0:e1,624,0,0.0,0.0,0.0
periodic,p,macro_stage1,70.31463623046875,0,2,g0:e2,624,353,0.2828525641025641,0.5657051282051282,0.14274912155591524
periodic,p,macro_stage1,70.31463623046875,0,3,g0:e3,624,259,0.2075320512820513,0.4150641025641026,0.08345405149978036
periodic,p,macro_stage1,70.31463623046875,0,4,g0:e4,624,0,0.0,0.0,0.0
periodic,p,macro_stage1,70.31463623046875,0,5,g0:e5,624,0,0.0,0.0,0.0
periodic,p,macro_stage1,70.31463623046875,1,0,g1:e0,624,0,0.0,0.0,0.0
periodic,p,macro_stage1,70.31463623046875,1,1,g1:e1,624,0,0.0,0.0,0.0
periodic,p,macro_stage1,70.31463623046875,1,2,g1:e2,624,130,0.10416666666666667,0.20833333333333334,0.06456253720590702
periodic,p,macro_stage1,70.31463623046875,1,3,g1:e3,624,79,0.06330128205128205,0.1266025641025641,0.018572983009597428
periodic,p,macro_stage1,70.31463623046875,1,4,g1:e4,624,51,0.040865384615384616,0.08173076923076923,0.0061501945154025005
periodic,p,macro_stage1,70.31463623046875,1,5,g1:e5,624,0,0.0,0.0,0.0
periodic,p,macro_stage1,70.31463623046875,2,0,g2:e0,624,136,0.10897435897435898,0.21794871794871795,0.07864238818486531
periodic,p,macro_stage1,70.31463623046875,2,1,g2:e1,624,0,0.0,0.0,0.0
periodic,p,macro_stage1,70.31463623046875,2,2,g2:e2,624,136,0.10897435897435898,0.21794871794871795,0.014764206185459327
periodic,p,macro_stage1,70.31463623046875,2,3,g2:e3,624,0,0.0,0.0,0.0
periodic,p,macro_stage1,70.31463623046875,2,4,g2:e4,624,0,0.0,0.0,0.0
periodic,p,macro_stage1,70.31463623046875,2,5,g2:e5,624,0,0.0,0.0,0.0
periodic,p,macro_stage1,100.35224914550781,0,0,g0:e0,624,132,0.10576923076923077,0.21153846153846154,0.03538099293692563
periodic,p,macro_stage1,100.35224914550781,0,1,g0:e1,624,0,0.0,0.0,0.0
periodic,p,macro_stage1,100.35224914550781,0,2,g0:e2,624,100,0.08012820512820513,0.16025641025641027,0.04887801008776595
periodic,p,macro_stage1,100.35224914550781,0,3,g0:e3,624,150,0.1201923076923077,0.2403846153846154,0.04692231827320006
periodic,p,macro_stage1,100.35224914550781,0,4,g0:e4,624,0,0.0,0.0,0.0
periodic,p,macro_stage1,100.35224914550781,0,5,g0:e5,624,0,0.0,0.0,0.0
periodic,p,macro_stage1,100.35224914550781,1,0,g1:e0,624,0,0.0,0.0,0.0
periodic,p,macro_stage1,100.35224914550781,1,1,g1:e1,624,0,0.0,0.0,0.0
periodic,p,macro_stage1,100.35224914550781,1,2,g1:e2,624,223,0.17868589743589744,0.3573717948717949,0.09729270133165976
periodic,p,macro_stage1,100.35224914550781,1,3,g1:e3,624,223,0.17868589743589744,0.3573717948717949,0.05586664144618389
periodic,p,macro_stage1,100.35224914550781,1,4,g1:e4,624,0,0.0,0.0,0.0
periodic,p,macro_stage1,100.35224914550781,1,5,g1:e5,624,0,0.0,0.0,0.0
periodic,p,macro_stage1,100.35224914550781,2,0,g2:e0,624,210,0.16826923076923078,0.33653846153846156,0.12468833060791859
periodic,p,macro_stage1,100.35224914550781,2,1,g2:e1,624,0,0.0,0.0,0.0
periodic,p,macro_stage1,100.35224914550781,2,2,g2:e2,624,210,0.16826923076923078,0.33653846153846156,0.019542440186994962
periodic,p,macro_stage1,100.35224914550781,2,3,g2:e3,624,0,0.0,0.0,0.0
periodic,p,macro_stage1,100.35224914550781,2,4,g2:e4,624,0,0.0,0.0,0.0
periodic,p,macro_stage1,100.35224914550781,2,5,g2:e5,624,0,0.0,0.0,0.0
periodic,p,macro_stage1,149.05923461914062,0,0,g0:e0,624,78,0.0625,0.125,0.033760480146902874
periodic,p,macro_stage1,149.05923461914062,0,1,g0:e1,624,0,0.0,0.0,0.0
periodic,p,macro_stage1,149.05923461914062,0,2,g0:e2,624,73,0.058493589743589744,0.11698717948717949,0.019316363557337377
periodic,p,macro_stage1,149.05923461914062,0,3,g0:e3,624,19,0.015224358974358974,0.030448717948717948,0.007248512749822858
periodic,p,macro_stage1,149.05923461914062,0,4,g0:e4,624,10,0.008012820512820512,0.016025641025641024,0.0014878312269082437
periodic,p,macro_stage1,149.05923461914062,0,5,g0:e5,624,0,0.0,0.0,0.0
periodic,p,macro_stage1,149.05923461914062,1,0,g1:e0,624,76,0.060897435897435896,0.12179487179487179,0.011806820668518925
periodic,p,macro_stage1,149.05923461914062,1,1,g1:e1,624,0,0.0,0.0,0.0
periodic,p,macro_stage1,149.05923461914062,1,2,g1:e2,624,163,0.13060897435897437,0.26121794871794873,0.06398757787134784
periodic,p,macro_stage1,149.05923461914062,1,3,g1:e3,624,94,0.07532051282051282,0.15064102564102563,0.039271004271144286
periodic,p,macro_stage1,149.05923461914062,1,4,g1:e4,624,0,0.0,0.0,0.0
periodic,p,macro_stage1,149.05923461914062,1,5,g1:e5,624,7,0.005608974358974359,0.011217948717948718,0.001692840304130163
periodic,p,macro_stage1,149.05923461914062,2,0,g2:e0,624,364,0.2916666666666667,0.5833333333333334,0.19205017423687074
periodic,p,macro_stage1,149.05923461914062,2,1,g2:e1,624,33,0.026442307692307692,0.052884615384615384,0.003459215229854752
periodic,p,macro_stage1,149.05923461914062,2,2,g2:e2,624,257,0.20592948717948717,0.41185897435897434,0.03346398070705338
periodic,p,macro_stage1,149.05923461914062,2,3,g2:e3,624,0,0.0,0.0,0.0
periodic,p,macro_stage1,149.05923461914062,2,4,g2:e4,624,0,0.0,0.0,0.0
periodic,p,macro_stage1,149.05923461914062,2,5,g2:e5,624,74,0.05929487179487179,0.11858974358974358,0.021026631996322136
periodic,p,macro_stage1,189.86227416992188,0,0,g0:e0,624,32,0.02564102564102564,0.05128205128205128,0.017928089946508408
periodic,p,macro_stage1,189.86227416992188,0,1,g0:e1,624,75,0.06009615384615385,0.1201923076923077,0.011850840591180783
periodic,p,macro_stage1,189.86227416992188,0,2,g0:e2,624,13,0.010416666666666666,0.020833333333333332,0.0006815783189943967
periodic,p,macro_stage1,189.86227416992188,0,3,g0:e3,624,116,0.09294871794871795,0.1858974358974359,0.05072665693333898
periodic,p,macro_stage1,189.86227416992188,0,4,g0:e4,624,4,0.003205128205128205,0.00641025641025641,0.001230417440334956
periodic,p,macro_stage1,189.86227416992188,0,5,g0:e5,624,0,0.0,0.0,0.0
periodic,p,macro_stage1,189.86227416992188,1,0,g1:e0,624,157,0.12580128205128205,0.2516025641025641,0.07329504494555295
periodic,p,macro_stage1,189.86227416992188,1,1,g1:e1,624,0,0.0,0.0,0.0
periodic,p,macro_stage1,189.86227416992188,1,2,g1:e2,624,189,0.15144230769230768,0.30288461538461536,0.04884879786419706
periodic,p,macro_stage1,189.86227416992188,1,3,g1:e3,624,115,0.0921474358974359,0.1842948717948718,0.025951658027807776
periodic,p,macro_stage1,189.86227416992188,1,4,g1:e4,624,0,0.0,0.0,0.0
periodic,p,macro_stage1,189.86227416992188,1,5,g1:e5,624,143,0.11458333333333333,0.22916666666666666,0.05932208384351375
periodic,p,macro_stage1,189.86227416992188,2,0,g2:e0,624,189,0.15144230769230768,0.30288461538461536,0.09275029616382642
periodic,p,macro_stage1,189.86227416992188,2,1,g2:e1,624,12,0.009615384615384616,0.019230769230769232,0.0021724824029474687
periodic,p,macro_stage1,189.86227416992188,2,2,g2:e2,624,190,0.15224358974358973,0.30448717948717946,0.04079889849489495
periodic,p,macro_stage1,189.86227416992188,2,3,g2:e3,624,0,0.0,0.0,0.0
periodic,p,macro_stage1,189.86227416992188,2,4,g2:e4,624,0,0.0,0.0,0.0
periodic,p,macro_stage1,189.86227416992188,2,5,g2:e5,624,13,0.010416666666666666,0.020833333333333332,0.003014588406166205
periodic,p,used_forward_calls,pooled,0,0,g0:e0,2496,346,0.06931089743589744,0.13862179487179488,0.026686378458413318
periodic,p,used_forward_calls,pooled,0,1,g0:e1,2496,75,0.015024038461538462,0.030048076923076924,0.0029627101477951957
periodic,p,used_forward_calls,pooled,0,2,g0:e2,2496,539,0.10797275641025642,0.21594551282051283,0.052906268380003244
periodic,p,used_forward_calls,pooled,0,3,g0:e3,2496,544,0.10897435897435898,0.21794871794871795,0.04708788486403556
periodic,p,used_forward_calls,pooled,0,4,g0:e4,2496,14,0.0028044871794871795,0.005608974358974359,0.0006795621668107999
periodic,p,used_forward_calls,pooled,0,5,g0:e5,2496,0,0.0,0.0,0.0
periodic,p,used_forward_calls,pooled,1,0,g1:e0,2496,233,0.04667467948717949,0.09334935897435898,0.02127546640351797
periodic,p,used_forward_calls,pooled,1,1,g1:e1,2496,0,0.0,0.0,0.0
periodic,p,used_forward_calls,pooled,1,2,g1:e2,2496,705,0.14122596153846154,0.2824519230769231,0.06867290356827792
periodic,p,used_forward_calls,pooled,1,3,g1:e3,2496,511,0.10236378205128205,0.2047275641025641,0.034915571688683346
periodic,p,used_forward_calls,pooled,1,4,g1:e4,2496,51,0.010216346153846154,0.020432692307692308,0.0015375486288506251
periodic,p,used_forward_calls,pooled,1,5,g1:e5,2496,150,0.030048076923076924,0.06009615384615385,0.015253731036910979
periodic,p,used_forward_calls,pooled,2,0,g2:e0,2496,899,0.18008814102564102,0.36017628205128205,0.12203279729837026
periodic,p,used_forward_calls,pooled,2,1,g2:e1,2496,45,0.009014423076923076,0.018028846153846152,0.001407924408200555
periodic,p,used_forward_calls,pooled,2,2,g2:e2,2496,793,0.15885416666666666,0.3177083333333333,0.027142381393600656
periodic,p,used_forward_calls,pooled,2,3,g2:e3,2496,0,0.0,0.0,0.0
periodic,p,used_forward_calls,pooled,2,4,g2:e4,2496,0,0.0,0.0,0.0
periodic,p,used_forward_calls,pooled,2,5,g2:e5,2496,87,0.017427884615384616,0.03485576923076923,0.006010305100622086
periodic,p,used_forward_calls,70.31463623046875,0,0,g0:e0,624,104,0.08333333333333333,0.16666666666666666,0.019675950803316366
periodic,p,used_forward_calls,70.31463623046875,0,1,g0:e1,624,0,0.0,0.0,0.0
periodic,p,used_forward_calls,70.31463623046875,0,2,g0:e2,624,353,0.2828525641025641,0.5657051282051282,0.14274912155591524
periodic,p,used_forward_calls,70.31463623046875,0,3,g0:e3,624,259,0.2075320512820513,0.4150641025641026,0.08345405149978036
periodic,p,used_forward_calls,70.31463623046875,0,4,g0:e4,624,0,0.0,0.0,0.0
periodic,p,used_forward_calls,70.31463623046875,0,5,g0:e5,624,0,0.0,0.0,0.0
periodic,p,used_forward_calls,70.31463623046875,1,0,g1:e0,624,0,0.0,0.0,0.0
periodic,p,used_forward_calls,70.31463623046875,1,1,g1:e1,624,0,0.0,0.0,0.0
periodic,p,used_forward_calls,70.31463623046875,1,2,g1:e2,624,130,0.10416666666666667,0.20833333333333334,0.06456253720590702
periodic,p,used_forward_calls,70.31463623046875,1,3,g1:e3,624,79,0.06330128205128205,0.1266025641025641,0.018572983009597428
periodic,p,used_forward_calls,70.31463623046875,1,4,g1:e4,624,51,0.040865384615384616,0.08173076923076923,0.0061501945154025005
periodic,p,used_forward_calls,70.31463623046875,1,5,g1:e5,624,0,0.0,0.0,0.0
periodic,p,used_forward_calls,70.31463623046875,2,0,g2:e0,624,136,0.10897435897435898,0.21794871794871795,0.07864238818486531
periodic,p,used_forward_calls,70.31463623046875,2,1,g2:e1,624,0,0.0,0.0,0.0
periodic,p,used_forward_calls,70.31463623046875,2,2,g2:e2,624,136,0.10897435897435898,0.21794871794871795,0.014764206185459327
periodic,p,used_forward_calls,70.31463623046875,2,3,g2:e3,624,0,0.0,0.0,0.0
periodic,p,used_forward_calls,70.31463623046875,2,4,g2:e4,624,0,0.0,0.0,0.0
periodic,p,used_forward_calls,70.31463623046875,2,5,g2:e5,624,0,0.0,0.0,0.0
periodic,p,used_forward_calls,100.35224914550781,0,0,g0:e0,624,132,0.10576923076923077,0.21153846153846154,0.03538099293692563
periodic,p,used_forward_calls,100.35224914550781,0,1,g0:e1,624,0,0.0,0.0,0.0
periodic,p,used_forward_calls,100.35224914550781,0,2,g0:e2,624,100,0.08012820512820513,0.16025641025641027,0.04887801008776595
periodic,p,used_forward_calls,100.35224914550781,0,3,g0:e3,624,150,0.1201923076923077,0.2403846153846154,0.04692231827320006
periodic,p,used_forward_calls,100.35224914550781,0,4,g0:e4,624,0,0.0,0.0,0.0
periodic,p,used_forward_calls,100.35224914550781,0,5,g0:e5,624,0,0.0,0.0,0.0
periodic,p,used_forward_calls,100.35224914550781,1,0,g1:e0,624,0,0.0,0.0,0.0
periodic,p,used_forward_calls,100.35224914550781,1,1,g1:e1,624,0,0.0,0.0,0.0
periodic,p,used_forward_calls,100.35224914550781,1,2,g1:e2,624,223,0.17868589743589744,0.3573717948717949,0.09729270133165976
periodic,p,used_forward_calls,100.35224914550781,1,3,g1:e3,624,223,0.17868589743589744,0.3573717948717949,0.05586664144618389
periodic,p,used_forward_calls,100.35224914550781,1,4,g1:e4,624,0,0.0,0.0,0.0
periodic,p,used_forward_calls,100.35224914550781,1,5,g1:e5,624,0,0.0,0.0,0.0
periodic,p,used_forward_calls,100.35224914550781,2,0,g2:e0,624,210,0.16826923076923078,0.33653846153846156,0.12468833060791859
periodic,p,used_forward_calls,100.35224914550781,2,1,g2:e1,624,0,0.0,0.0,0.0
periodic,p,used_forward_calls,100.35224914550781,2,2,g2:e2,624,210,0.16826923076923078,0.33653846153846156,0.019542440186994962
periodic,p,used_forward_calls,100.35224914550781,2,3,g2:e3,624,0,0.0,0.0,0.0
periodic,p,used_forward_calls,100.35224914550781,2,4,g2:e4,624,0,0.0,0.0,0.0
periodic,p,used_forward_calls,100.35224914550781,2,5,g2:e5,624,0,0.0,0.0,0.0
periodic,p,used_forward_calls,149.05923461914062,0,0,g0:e0,624,78,0.0625,0.125,0.033760480146902874
periodic,p,used_forward_calls,149.05923461914062,0,1,g0:e1,624,0,0.0,0.0,0.0
periodic,p,used_forward_calls,149.05923461914062,0,2,g0:e2,624,73,0.058493589743589744,0.11698717948717949,0.019316363557337377
periodic,p,used_forward_calls,149.05923461914062,0,3,g0:e3,624,19,0.015224358974358974,0.030448717948717948,0.007248512749822858
periodic,p,used_forward_calls,149.05923461914062,0,4,g0:e4,624,10,0.008012820512820512,0.016025641025641024,0.0014878312269082437
periodic,p,used_forward_calls,149.05923461914062,0,5,g0:e5,624,0,0.0,0.0,0.0
periodic,p,used_forward_calls,149.05923461914062,1,0,g1:e0,624,76,0.060897435897435896,0.12179487179487179,0.011806820668518925
periodic,p,used_forward_calls,149.05923461914062,1,1,g1:e1,624,0,0.0,0.0,0.0
periodic,p,used_forward_calls,149.05923461914062,1,2,g1:e2,624,163,0.13060897435897437,0.26121794871794873,0.06398757787134784
periodic,p,used_forward_calls,149.05923461914062,1,3,g1:e3,624,94,0.07532051282051282,0.15064102564102563,0.039271004271144286
periodic,p,used_forward_calls,149.05923461914062,1,4,g1:e4,624,0,0.0,0.0,0.0
periodic,p,used_forward_calls,149.05923461914062,1,5,g1:e5,624,7,0.005608974358974359,0.011217948717948718,0.001692840304130163
periodic,p,used_forward_calls,149.05923461914062,2,0,g2:e0,624,364,0.2916666666666667,0.5833333333333334,0.19205017423687074
periodic,p,used_forward_calls,149.05923461914062,2,1,g2:e1,624,33,0.026442307692307692,0.052884615384615384,0.003459215229854752
periodic,p,used_forward_calls,149.05923461914062,2,2,g2:e2,624,257,0.20592948717948717,0.41185897435897434,0.03346398070705338
periodic,p,used_forward_calls,149.05923461914062,2,3,g2:e3,624,0,0.0,0.0,0.0
periodic,p,used_forward_calls,149.05923461914062,2,4,g2:e4,624,0,0.0,0.0,0.0
periodic,p,used_forward_calls,149.05923461914062,2,5,g2:e5,624,74,0.05929487179487179,0.11858974358974358,0.021026631996322136
periodic,p,used_forward_calls,189.86227416992188,0,0,g0:e0,624,32,0.02564102564102564,0.05128205128205128,0.017928089946508408
periodic,p,used_forward_calls,189.86227416992188,0,1,g0:e1,624,75,0.06009615384615385,0.1201923076923077,0.011850840591180783
periodic,p,used_forward_calls,189.86227416992188,0,2,g0:e2,624,13,0.010416666666666666,0.020833333333333332,0.0006815783189943967
periodic,p,used_forward_calls,189.86227416992188,0,3,g0:e3,624,116,0.09294871794871795,0.1858974358974359,0.05072665693333898
periodic,p,used_forward_calls,189.86227416992188,0,4,g0:e4,624,4,0.003205128205128205,0.00641025641025641,0.001230417440334956
periodic,p,used_forward_calls,189.86227416992188,0,5,g0:e5,624,0,0.0,0.0,0.0
periodic,p,used_forward_calls,189.86227416992188,1,0,g1:e0,624,157,0.12580128205128205,0.2516025641025641,0.07329504494555295
periodic,p,used_forward_calls,189.86227416992188,1,1,g1:e1,624,0,0.0,0.0,0.0
periodic,p,used_forward_calls,189.86227416992188,1,2,g1:e2,624,189,0.15144230769230768,0.30288461538461536,0.04884879786419706
periodic,p,used_forward_calls,189.86227416992188,1,3,g1:e3,624,115,0.0921474358974359,0.1842948717948718,0.025951658027807776
periodic,p,used_forward_calls,189.86227416992188,1,4,g1:e4,624,0,0.0,0.0,0.0
periodic,p,used_forward_calls,189.86227416992188,1,5,g1:e5,624,143,0.11458333333333333,0.22916666666666666,0.05932208384351375
periodic,p,used_forward_calls,189.86227416992188,2,0,g2:e0,624,189,0.15144230769230768,0.30288461538461536,0.09275029616382642
periodic,p,used_forward_calls,189.86227416992188,2,1,g2:e1,624,12,0.009615384615384616,0.019230769230769232,0.0021724824029474687
periodic,p,used_forward_calls,189.86227416992188,2,2,g2:e2,624,190,0.15224358974358973,0.30448717948717946,0.04079889849489495
periodic,p,used_forward_calls,189.86227416992188,2,3,g2:e3,624,0,0.0,0.0,0.0
periodic,p,used_forward_calls,189.86227416992188,2,4,g2:e4,624,0,0.0,0.0,0.0
periodic,p,used_forward_calls,189.86227416992188,2,5,g2:e5,624,13,0.010416666666666666,0.020833333333333332,0.003014588406166205
