chart,channel,population,Re,group_id,expert_id_1,expert_id_2,count,fraction
steady,u,macro_stage1,pooled,1,3,4,458,0.34077380952380953
steady,u,macro_stage1,pooled,1,1,4,199,0.1480654761904762
steady,u,macro_stage1,pooled,0,1,3,155,0.11532738095238096
steady,u,macro_stage1,pooled,0,1,5,73,0.05431547619047619
steady,u,macro_stage1,pooled,1,2,4,64,0.047619047619047616
steady,u,macro_stage1,pooled,1,0,1,62,0.046130952380952384
steady,u,macro_stage1,pooled,2,1,4,53,0.03943452380952381
steady,u,macro_stage1,pooled,0,3,5,39,0.029017857142857144
steady,u,macro_stage1,pooled,1,4,5,30,0.022321428571428572
steady,u,macro_stage1,pooled,1,0,4,24,0.017857142857142856
steady,u,macro_stage1,pooled,2,1,3,23,0.01711309523809524
steady,u,macro_stage1,pooled,1,0,5,21,0.015625
steady,u,macro_stage1,pooled,0,3,4,19,0.014136904761904762
steady,u,macro_stage1,pooled,1,2,5,16,0.011904761904761904
steady,u,macro_stage1,pooled,0,1,4,14,0.010416666666666666
steady,u,macro_stage1,pooled,2,0,5,12,0.008928571428571428
steady,u,macro_stage1,pooled,1,3,5,11,0.00818452380952381
steady,u,macro_stage1,pooled,1,1,2,10,0.00744047619047619
steady,u,macro_stage1,pooled,1,1,3,8,0.005952380952380952
steady,u,macro_stage1,pooled,1,0,2,8,0.005952380952380952
steady,u,macro_stage1,pooled,2,0,1,6,0.004464285714285714
steady,u,macro_stage1,pooled,2,0,3,6,0.004464285714285714
steady,u,macro_stage1,pooled,1,2,3,6,0.004464285714285714
steady,u,macro_stage1,pooled,2,0,4,5,0.003720238095238095
steady,u,macro_stage1,pooled,2,3,5,4,0.002976190476190476
steady,u,macro_stage1,pooled,0,4,5,3,0.002232142857142857
steady,u,macro_stage1,pooled,1,0,3,3,0.002232142857142857
steady,u,macro_stage1,pooled,2,4,5,3,0.002232142857142857
steady,u,macro_stage1,pooled,2,1,5,3,0.002232142857142857
steady,u,macro_stage1,pooled,2,1,2,2,0.001488095238095238
steady,u,macro_stage1,pooled,0,0,1,2,0.001488095238095238
steady,u,macro_stage1,pooled,0,1,2,1,0.000744047619047619
steady,u,macro_stage1,pooled,2,2,5,1,0.000744047619047619
steady,u,macro_stage1,24.630435943603516,1,1,4,76,0.2261904761904762
steady,u,macro_stage1,24.630435943603516,0,1,3,70,0.20833333333333334
steady,u,macro_stage1,24.630435943603516,1,0,1,42,0.125
steady,u,macro_stage1,24.630435943603516,0,1,5,41,0.12202380952380952
steady,u,macro_stage1,24.630435943603516,2,1,4,23,0.06845238095238096
steady,u,macro_stage1,24.630435943603516,2,1,3,16,0.047619047619047616
steady,u,macro_stage1,24.630435943603516,1,0,5,12,0.03571428571428571
steady,u,macro_stage1,24.630435943603516,0,3,4,9,0.026785714285714284
steady,u,macro_stage1,24.630435943603516,1,3,4,9,0.026785714285714284
steady,u,macro_stage1,24.630435943603516,1,0,4,6,0.017857142857142856
steady,u,macro_stage1,24.630435943603516,0,1,4,6,0.017857142857142856
steady,u,macro_stage1,24.630435943603516,1,1,3,6,0.017857142857142856
steady,u,macro_stage1,24.630435943603516,2,0,3,5,0.01488095238095238
steady,u,macro_stage1,24.630435943603516,0,3,5,5,0.01488095238095238
steady,u,macro_stage1,24.630435943603516,0,4,5,3,0.008928571428571428
steady,u,macro_stage1,24.630435943603516,2,0,1,3,0.008928571428571428
steady,u,macro_stage1,24.630435943603516,2,0,5,2,0.005952380952380952
steady,u,macro_stage1,24.630435943603516,1,1,2,2,0.005952380952380952
steady,u,macro_stage1,32.74006652832031,0,1,3,82,0.24404761904761904
steady,u,macro_stage1,32.74006652832031,1,1,4,80,0.23809523809523808
steady,u,macro_stage1,32.74006652832031,0,3,5,33,0.09821428571428571
steady,u,macro_stage1,32.74006652832031,0,1,5,31,0.09226190476190477
steady,u,macro_stage1,32.74006652832031,2,1,4,24,0.07142857142857142
steady,u,macro_stage1,32.74006652832031,1,0,1,20,0.05952380952380952
steady,u,macro_stage1,32.74006652832031,0,3,4,10,0.02976190476190476
steady,u,macro_stage1,32.74006652832031,1,3,4,10,0.02976190476190476
steady,u,macro_stage1,32.74006652832031,2,0,5,8,0.023809523809523808
steady,u,macro_stage1,32.74006652832031,0,1,4,6,0.017857142857142856
steady,u,macro_stage1,32.74006652832031,1,0,4,6,0.017857142857142856
steady,u,macro_stage1,32.74006652832031,2,1,3,4,0.011904761904761904
steady,u,macro_stage1,32.74006652832031,1,0,5,4,0.011904761904761904
steady,u,macro_stage1,32.74006652832031,2,0,4,3,0.008928571428571428
steady,u,macro_stage1,32.74006652832031,2,0,1,3,0.008928571428571428
steady,u,macro_stage1,32.74006652832031,1,0,2,3,0.008928571428571428
steady,u,macro_stage1,32.74006652832031,1,0,3,2,0.005952380952380952
steady,u,macro_stage1,32.74006652832031,1,1,3,2,0.005952380952380952
steady,u,macro_stage1,32.74006652832031,2,1,2,1,0.002976190476190476
steady,u,macro_stage1,32.74006652832031,2,0,3,1,0.002976190476190476
steady,u,macro_stage1,32.74006652832031,1,2,4,1,0.002976190476190476
steady,u,macro_stage1,32.74006652832031,1,2,3,1,0.002976190476190476
steady,u,macro_stage1,32.74006652832031,1,1,2,1,0.002976190476190476
steady,u,macro_stage1,39.68547821044922,1,3,4,241,0.7172619047619048
steady,u,macro_stage1,39.68547821044922,1,2,4,24,0.07142857142857142
steady,u,macro_stage1,39.68547821044922,1,4,5,13,0.03869047619047619
steady,u,macro_stage1,39.68547821044922,1,1,4,11,0.03273809523809524
steady,u,macro_stage1,39.68547821044922,2,1,4,6,0.017857142857142856
steady,u,macro_stage1,39.68547821044922,1,0,4,5,0.01488095238095238
steady,u,macro_stage1,39.68547821044922,1,3,5,5,0.01488095238095238
steady,u,macro_stage1,39.68547821044922,1,0,5,4,0.011904761904761904
steady,u,macro_stage1,39.68547821044922,1,2,5,4,0.011904761904761904
steady,u,macro_stage1,39.68547821044922,1,1,2,4,0.011904761904761904
steady,u,macro_stage1,39.68547821044922,2,4,5,3,0.008928571428571428
steady,u,macro_stage1,39.68547821044922,2,1,5,3,0.008928571428571428
steady,u,macro_stage1,39.68547821044922,0,0,1,2,0.005952380952380952
steady,u,macro_stage1,39.68547821044922,2,0,4,2,0.005952380952380952
steady,u,macro_stage1,39.68547821044922,2,1,3,2,0.005952380952380952
steady,u,macro_stage1,39.68547821044922,2,0,5,2,0.005952380952380952
steady,u,macro_stage1,39.68547821044922,1,2,3,2,0.005952380952380952
steady,u,macro_stage1,39.68547821044922,2,1,2,1,0.002976190476190476
steady,u,macro_stage1,39.68547821044922,1,0,3,1,0.002976190476190476
steady,u,macro_stage1,39.68547821044922,1,0,2,1,0.002976190476190476
steady,u,macro_stage1,45.142704010009766,1,3,4,198,0.5892857142857143
steady,u,macro_stage1,45.142704010009766,1,2,4,39,0.11607142857142858
steady,u,macro_stage1,45.142704010009766,1,1,4,32,0.09523809523809523
steady,u,macro_stage1,45.142704010009766,1,4,5,17,0.050595238095238096
steady,u,macro_stage1,45.142704010009766,1,2,5,12,0.03571428571428571
steady,u,macro_stage1,45.142704010009766,1,0,4,7,0.020833333333333332
steady,u,macro_stage1,45.142704010009766,1,3,5,6,0.017857142857142856
steady,u,macro_stage1,45.142704010009766,2,3,5,4,0.011904761904761904
steady,u,macro_stage1,45.142704010009766,1,0,2,4,0.011904761904761904
steady,u,macro_stage1,45.142704010009766,0,1,3,3,0.008928571428571428
steady,u,macro_stage1,45.142704010009766,1,2,3,3,0.008928571428571428
steady,u,macro_stage1,45.142704010009766,1,1,2,3,0.008928571428571428
steady,u,macro_stage1,45.142704010009766,0,1,4,2,0.005952380952380952
steady,u,macro_stage1,45.142704010009766,0,1,2,1,0.002976190476190476
steady,u,macro_stage1,45.142704010009766,2,2,5,1,0.002976190476190476
steady,u,macro_stage1,45.142704010009766,0,3,5,1,0.002976190476190476
steady,u,macro_stage1,45.142704010009766,2,1,3,1,0.002976190476190476
steady,u,macro_stage1,45.142704010009766,1,0,5,1,0.002976190476190476
steady,u,macro_stage1,45.142704010009766,0,1,5,1,0.002976190476190476
steady,u,used_forward_calls,pooled,1,3,4,458,0.34077380952380953
steady,u,used_forward_calls,pooled,1,1,4,199,0.1480654761904762
steady,u,used_forward_calls,pooled,0,1,3,155,0.11532738095238096
steady,u,used_forward_calls,pooled,0,1,5,73,0.05431547619047619
steady,u,used_forward_calls,pooled,1,2,4,64,0.047619047619047616
steady,u,used_forward_calls,pooled,1,0,1,62,0.046130952380952384
steady,u,used_forward_calls,pooled,2,1,4,53,0.03943452380952381
steady,u,used_forward_calls,pooled,0,3,5,39,0.029017857142857144
steady,u,used_forward_calls,pooled,1,4,5,30,0.022321428571428572
steady,u,used_forward_calls,pooled,1,0,4,24,0.017857142857142856
steady,u,used_forward_calls,pooled,2,1,3,23,0.01711309523809524
steady,u,used_forward_calls,pooled,1,0,5,21,0.015625
steady,u,used_forward_calls,pooled,0,3,4,19,0.014136904761904762
steady,u,used_forward_calls,pooled,1,2,5,16,0.011904761904761904
steady,u,used_forward_calls,pooled,0,1,4,14,0.010416666666666666
steady,u,used_forward_calls,pooled,2,0,5,12,0.008928571428571428
steady,u,used_forward_calls,pooled,1,3,5,11,0.00818452380952381
steady,u,used_forward_calls,pooled,1,1,2,10,0.00744047619047619
steady,u,used_forward_calls,pooled,1,1,3,8,0.005952380952380952
steady,u,used_forward_calls,pooled,1,0,2,8,0.005952380952380952
steady,u,used_forward_calls,pooled,2,0,1,6,0.004464285714285714
steady,u,used_forward_calls,pooled,2,0,3,6,0.004464285714285714
steady,u,used_forward_calls,pooled,1,2,3,6,0.004464285714285714
steady,u,used_forward_calls,pooled,2,0,4,5,0.003720238095238095
steady,u,used_forward_calls,pooled,2,3,5,4,0.002976190476190476
steady,u,used_forward_calls,pooled,0,4,5,3,0.002232142857142857
steady,u,used_forward_calls,pooled,1,0,3,3,0.002232142857142857
steady,u,used_forward_calls,pooled,2,4,5,3,0.002232142857142857
steady,u,used_forward_calls,pooled,2,1,5,3,0.002232142857142857
steady,u,used_forward_calls,pooled,2,1,2,2,0.001488095238095238
steady,u,used_forward_calls,pooled,0,0,1,2,0.001488095238095238
steady,u,used_forward_calls,pooled,0,1,2,1,0.000744047619047619
steady,u,used_forward_calls,pooled,2,2,5,1,0.000744047619047619
steady,u,used_forward_calls,24.630435943603516,1,1,4,76,0.2261904761904762
steady,u,used_forward_calls,24.630435943603516,0,1,3,70,0.20833333333333334
steady,u,used_forward_calls,24.630435943603516,1,0,1,42,0.125
steady,u,used_forward_calls,24.630435943603516,0,1,5,41,0.12202380952380952
steady,u,used_forward_calls,24.630435943603516,2,1,4,23,0.06845238095238096
steady,u,used_forward_calls,24.630435943603516,2,1,3,16,0.047619047619047616
steady,u,used_forward_calls,24.630435943603516,1,0,5,12,0.03571428571428571
steady,u,used_forward_calls,24.630435943603516,0,3,4,9,0.026785714285714284
steady,u,used_forward_calls,24.630435943603516,1,3,4,9,0.026785714285714284
steady,u,used_forward_calls,24.630435943603516,1,0,4,6,0.017857142857142856
steady,u,used_forward_calls,24.630435943603516,0,1,4,6,0.017857142857142856
steady,u,used_forward_calls,24.630435943603516,1,1,3,6,0.017857142857142856
steady,u,used_forward_calls,24.630435943603516,2,0,3,5,0.01488095238095238
steady,u,used_forward_calls,24.630435943603516,0,3,5,5,0.01488095238095238
steady,u,used_forward_calls,24.630435943603516,0,4,5,3,0.008928571428571428
steady,u,used_forward_calls,24.630435943603516,2,0,1,3,0.008928571428571428
steady,u,used_forward_calls,24.630435943603516,2,0,5,2,0.005952380952380952
steady,u,used_forward_calls,24.630435943603516,1,1,2,2,0.005952380952380952
steady,u,used_forward_calls,32.74006652832031,0,1,3,82,0.24404761904761904
steady,u,used_forward_calls,32.74006652832031,1,1,4,80,0.23809523809523808
steady,u,used_forward_calls,32.74006652832031,0,3,5,33,0.09821428571428571
steady,u,used_forward_calls,32.74006652832031,0,1,5,31,0.09226190476190477
steady,u,used_forward_calls,32.74006652832031,2,1,4,24,0.07142857142857142
steady,u,used_forward_calls,32.74006652832031,1,0,1,20,0.05952380952380952
steady,u,used_forward_calls,32.74006652832031,0,3,4,10,0.02976190476190476
steady,u,used_forward_calls,32.74006652832031,1,3,4,10,0.02976190476190476
steady,u,used_forward_calls,32.74006652832031,2,0,5,8,0.023809523809523808
steady,u,used_forward_calls,32.74006652832031,0,1,4,6,0.017857142857142856
steady,u,used_forward_calls,32.74006652832031,1,0,4,6,0.017857142857142856
steady,u,used_forward_calls,32.74006652832031,2,1,3,4,0.011904761904761904
steady,u,used_forward_calls,32.74006652832031,1,0,5,4,0.011904761904761904
steady,u,used_forward_calls,32.74006652832031,2,0,4,3,0.008928571428571428
steady,u,used_forward_calls,32.74006652832031,2,0,1,3,0.008928571428571428
steady,u,used_forward_calls,32.74006652832031,1,0,2,3,0.008928571428571428
steady,u,used_forward_calls,32.74006652832031,1,0,3,2,0.005952380952380952
steady,u,used_forward_calls,32.74006652832031,1,1,3,2,0.005952380952380952
steady,u,used_forward_calls,32.74006652832031,2,1,2,1,0.002976190476190476
steady,u,used_forward_calls,32.74006652832031,2,0,3,1,0.002976190476190476
steady,u,used_forward_calls,32.74006652832031,1,2,4,1,0.002976190476190476
steady,u,used_forward_calls,32.74006652832031,1,2,3,1,0.002976190476190476
steady,u,used_forward_calls,32.74006652832031,1,1,2,1,0.002976190476190476
steady,u,used_forward_calls,39.68547821044922,1,3,4,241,0.7172619047619048
steady,u,used_forward_calls,39.68547821044922,1,2,4,24,0.07142857142857142
steady,u,used_forward_calls,39.68547821044922,1,4,5,13,0.03869047619047619
steady,u,used_forward_calls,39.68547821044922,1,1,4,11,0.03273809523809524
steady,u,used_forward_calls,39.68547821044922,2,1,4,6,0.017857142857142856
steady,u,used_forward_calls,39.68547821044922,1,0,4,5,0.01488095238095238
steady,u,used_forward_calls,39.68547821044922,1,3,5,5,0.01488095238095238
steady,u,used_forward_calls,39.68547821044922,1,0,5,4,0.011904761904761904
steady,u,used_forward_calls,39.68547821044922,1,2,5,4,0.011904761904761904
steady,u,used_forward_calls,39.68547821044922,1,1,2,4,0.011904761904761904
steady,u,used_forward_calls,39.68547821044922,2,4,5,3,0.008928571428571428
steady,u,used_forward_calls,39.68547821044922,2,1,5,3,0.008928571428571428
steady,u,used_forward_calls,39.68547821044922,0,0,1,2,0.005952380952380952
steady,u,used_forward_calls,39.68547821044922,2,0,4,2,0.005952380952380952
steady,u,used_forward_calls,39.68547821044922,2,1,3,2,0.005952380952380952
steady,u,used_forward_calls,39.68547821044922,2,0,5,2,0.005952380952380952
steady,u,used_forward_calls,39.68547821044922,1,2,3,2,0.005952380952380952
steady,u,used_forward_calls,39.68547821044922,2,1,2,1,0.002976190476190476
steady,u,used_forward_calls,39.68547821044922,1,0,3,1,0.002976190476190476
steady,u,used_forward_calls,39.68547821044922,1,0,2,1,0.002976190476190476
steady,u,used_forward_calls,45.142704010009766,1,3,4,198,0.5892857142857143
steady,u,used_forward_calls,45.142704010009766,1,2,4,39,0.11607142857142858
steady,u,used_forward_calls,45.142704010009766,1,1,4,32,0.09523809523809523
steady,u,used_forward_calls,45.142704010009766,1,4,5,17,0.050595238095238096
steady,u,used_forward_calls,45.142704010009766,1,2,5,12,0.03571428571428571
steady,u,used_forward_calls,45.142704010009766,1,0,4,7,0.020833333333333332
steady,u,used_forward_calls,45.142704010009766,1,3,5,6,0.017857142857142856
steady,u,used_forward_calls,45.142704010009766,2,3,5,4,0.011904761904761904
steady,u,used_forward_calls,45.142704010009766,1,0,2,4,0.011904761904761904
steady,u,used_forward_calls,45.142704010009766,0,1,3,3,0.008928571428571428
steady,u,used_forward_calls,45.142704010009766,1,2,3,3,0.008928571428571428
steady,u,used_forward_calls,45.142704010009766,1,1,2,3,0.008928571428571428
steady,u,used_forward_calls,45.142704010009766,0,1,4,2,0.005952380952380952
steady,u,used_forward_calls,45.142704010009766,0,1,2,1,0.002976190476190476
steady,u,used_forward_calls,45.142704010009766,2,2,5,1,0.002976190476190476
steady,u,used_forward_calls,45.142704010009766,0,3,5,1,0.002976190476190476
steady,u,used_forward_calls,45.142704010009766,2,1,3,1,0.002976190476190476
steady,u,used_forward_calls,45.142704010009766,1,0,5,1,0.002976190476190476
steady,u,used_forward_calls,45.142704010009766,0,1,5,1,0.002976190476190476
steady,p,macro_stage1,pooled,1,2,5,265,0.19717261904761904
steady,p,macro_stage1,pooled,1,0,2,205,0.15252976190476192
steady,p,macro_stage1,pooled,0,0,2,164,0.12202380952380952
steady,p,macro_stage1,pooled,1,0,1,134,0.09970238095238096
steady,p,macro_stage1,pooled,1,1,5,125,0.09300595238095238
steady,p,macro_stage1,pooled,2,0,2,82,0.06101190476190476
steady,p,macro_stage1,pooled,0,1,2,60,0.044642857142857144
steady,p,macro_stage1,pooled,1,1,2,55,0.04092261904761905
steady,p,macro_stage1,pooled,1,0,5,50,0.03720238095238095
steady,p,macro_stage1,pooled,1,2,3,45,0.033482142857142856
steady,p,macro_stage1,pooled,0,2,4,43,0.031994047619047616
steady,p,macro_stage1,pooled,0,4,5,19,0.014136904761904762
steady,p,macro_stage1,pooled,1,4,5,16,0.011904761904761904
steady,p,macro_stage1,pooled,2,2,4,15,0.011160714285714286
steady,p,macro_stage1,pooled,0,0,4,10,0.00744047619047619
steady,p,macro_stage1,pooled,1,1,4,9,0.006696428571428571
steady,p,macro_stage1,pooled,2,0,5,6,0.004464285714285714
steady,p,macro_stage1,pooled,2,3,4,6,0.004464285714285714
steady,p,macro_stage1,pooled,1,0,3,6,0.004464285714285714
steady,p,macro_stage1,pooled,1,2,4,6,0.004464285714285714
steady,p,macro_stage1,pooled,2,2,3,5,0.003720238095238095
steady,p,macro_stage1,pooled,0,1,4,5,0.003720238095238095
steady,p,macro_stage1,pooled,1,3,5,4,0.002976190476190476
steady,p,macro_stage1,pooled,2,0,4,2,0.001488095238095238
steady,p,macro_stage1,pooled,0,2,5,2,0.001488095238095238
steady,p,macro_stage1,pooled,2,4,5,2,0.001488095238095238
steady,p,macro_stage1,pooled,0,0,1,2,0.001488095238095238
steady,p,macro_stage1,pooled,0,0,5,1,0.000744047619047619
steady,p,macro_stage1,24.630435943603516,0,0,2,75,0.22321428571428573
steady,p,macro_stage1,24.630435943603516,1,1,5,61,0.18154761904761904
steady,p,macro_stage1,24.630435943603516,1,0,1,60,0.17857142857142858
steady,p,macro_stage1,24.630435943603516,2,0,2,43,0.12797619047619047
steady,p,macro_stage1,24.630435943603516,0,1,2,29,0.08630952380952381
steady,p,macro_stage1,24.630435943603516,0,2,4,20,0.05952380952380952
steady,p,macro_stage1,24.630435943603516,1,0,5,14,0.041666666666666664
steady,p,macro_stage1,24.630435943603516,1,4,5,12,0.03571428571428571
steady,p,macro_stage1,24.630435943603516,0,4,5,6,0.017857142857142856
steady,p,macro_stage1,24.630435943603516,2,0,5,6,0.017857142857142856
steady,p,macro_stage1,24.630435943603516,1,1,2,4,0.011904761904761904
steady,p,macro_stage1,24.630435943603516,0,0,4,4,0.011904761904761904
steady,p,macro_stage1,24.630435943603516,1,2,5,2,0.005952380952380952
steady,p,macro_stage1,32.74006652832031,0,0,2,89,0.2648809523809524
steady,p,macro_stage1,32.74006652832031,1,1,5,48,0.14285714285714285
steady,p,macro_stage1,32.74006652832031,1,0,1,42,0.125
steady,p,macro_stage1,32.74006652832031,2,0,2,39,0.11607142857142858
steady,p,macro_stage1,32.74006652832031,0,1,2,31,0.09226190476190477
steady,p,macro_stage1,32.74006652832031,1,0,5,26,0.07738095238095238
steady,p,macro_stage1,32.74006652832031,0,2,4,23,0.06845238095238096
steady,p,macro_stage1,32.74006652832031,0,4,5,11,0.03273809523809524
steady,p,macro_stage1,32.74006652832031,1,1,4,9,0.026785714285714284
steady,p,macro_stage1,32.74006652832031,0,0,4,6,0.017857142857142856
steady,p,macro_stage1,32.74006652832031,1,4,5,4,0.011904761904761904
steady,p,macro_stage1,32.74006652832031,2,0,4,2,0.005952380952380952
steady,p,macro_stage1,32.74006652832031,0,2,5,2,0.005952380952380952
steady,p,macro_stage1,32.74006652832031,2,4,5,2,0.005952380952380952
steady,p,macro_stage1,32.74006652832031,2,3,4,1,0.002976190476190476
steady,p,macro_stage1,32.74006652832031,1,2,5,1,0.002976190476190476
steady,p,macro_stage1,39.68547821044922,1,0,2,131,0.3898809523809524
steady,p,macro_stage1,39.68547821044922,1,2,5,126,0.375
steady,p,macro_stage1,39.68547821044922,1,0,1,13,0.03869047619047619
steady,p,macro_stage1,39.68547821044922,2,2,4,12,0.03571428571428571
steady,p,macro_stage1,39.68547821044922,1,2,3,12,0.03571428571428571
steady,p,macro_stage1,39.68547821044922,1,0,5,9,0.026785714285714284
steady,p,macro_stage1,39.68547821044922,1,1,2,9,0.026785714285714284
steady,p,macro_stage1,39.68547821044922,1,0,3,6,0.017857142857142856
steady,p,macro_stage1,39.68547821044922,2,3,4,5,0.01488095238095238
steady,p,macro_stage1,39.68547821044922,1,1,5,5,0.01488095238095238
steady,p,macro_stage1,39.68547821044922,0,4,5,2,0.005952380952380952
steady,p,macro_stage1,39.68547821044922,2,2,3,2,0.005952380952380952
steady,p,macro_stage1,39.68547821044922,1,3,5,2,0.005952380952380952
steady,p,macro_stage1,39.68547821044922,1,2,4,2,0.005952380952380952
steady,p,macro_stage1,45.142704010009766,1,2,5,136,0.40476190476190477
steady,p,macro_stage1,45.142704010009766,1,0,2,74,0.22023809523809523
steady,p,macro_stage1,45.142704010009766,1,1,2,42,0.125
steady,p,macro_stage1,45.142704010009766,1,2,3,33,0.09821428571428571
steady,p,macro_stage1,45.142704010009766,1,0,1,19,0.05654761904761905
steady,p,macro_stage1,45.142704010009766,1,1,5,11,0.03273809523809524
steady,p,macro_stage1,45.142704010009766,0,1,4,5,0.01488095238095238
steady,p,macro_stage1,45.142704010009766,1,2,4,4,0.011904761904761904
steady,p,macro_stage1,45.142704010009766,2,2,4,3,0.008928571428571428
steady,p,macro_stage1,45.142704010009766,2,2,3,3,0.008928571428571428
steady,p,macro_stage1,45.142704010009766,1,3,5,2,0.005952380952380952
steady,p,macro_stage1,45.142704010009766,0,0,1,2,0.005952380952380952
steady,p,macro_stage1,45.142704010009766,0,0,5,1,0.002976190476190476
steady,p,macro_stage1,45.142704010009766,1,0,5,1,0.002976190476190476
steady,p,used_forward_calls,pooled,1,2,5,265,0.19717261904761904
steady,p,used_forward_calls,pooled,1,0,2,205,0.15252976190476192
steady,p,used_forward_calls,pooled,0,0,2,164,0.12202380952380952
steady,p,used_forward_calls,pooled,1,0,1,134,0.09970238095238096
steady,p,used_forward_calls,pooled,1,1,5,125,0.09300595238095238
steady,p,used_forward_calls,pooled,2,0,2,82,0.06101190476190476
steady,p,used_forward_calls,pooled,0,1,2,60,0.044642857142857144
steady,p,used_forward_calls,pooled,1,1,2,55,0.04092261904761905
steady,p,used_forward_calls,pooled,1,0,5,50,0.03720238095238095
steady,p,used_forward_calls,pooled,1,2,3,45,0.033482142857142856
steady,p,used_forward_calls,pooled,0,2,4,43,0.031994047619047616
steady,p,used_forward_calls,pooled,0,4,5,19,0.014136904761904762
steady,p,used_forward_calls,pooled,1,4,5,16,0.011904761904761904
steady,p,used_forward_calls,pooled,2,2,4,15,0.011160714285714286
steady,p,used_forward_calls,pooled,0,0,4,10,0.00744047619047619
steady,p,used_forward_calls,pooled,1,1,4,9,0.006696428571428571
steady,p,used_forward_calls,pooled,2,0,5,6,0.004464285714285714
steady,p,used_forward_calls,pooled,2,3,4,6,0.004464285714285714
steady,p,used_forward_calls,pooled,1,0,3,6,0.004464285714285714
steady,p,used_forward_calls,pooled,1,2,4,6,0.004464285714285714
steady,p,used_forward_calls,pooled,2,2,3,5,0.003720238095238095
steady,p,used_forward_calls,pooled,0,1,4,5,0.003720238095238095
steady,p,used_forward_calls,pooled,1,3,5,4,0.002976190476190476
steady,p,used_forward_calls,pooled,2,0,4,2,0.001488095238095238
steady,p,used_forward_calls,pooled,0,2,5,2,0.001488095238095238
steady,p,used_forward_calls,pooled,2,4,5,2,0.001488095238095238
steady,p,used_forward_calls,pooled,0,0,1,2,0.001488095238095238
steady,p,used_forward_calls,pooled,0,0,5,1,0.000744047619047619
steady,p,used_forward_calls,24.630435943603516,0,0,2,75,0.22321428571428573
steady,p,used_forward_calls,24.630435943603516,1,1,5,61,0.18154761904761904
steady,p,used_forward_calls,24.630435943603516,1,0,1,60,0.17857142857142858
steady,p,used_forward_calls,24.630435943603516,2,0,2,43,0.12797619047619047
steady,p,used_forward_calls,24.630435943603516,0,1,2,29,0.08630952380952381
steady,p,used_forward_calls,24.630435943603516,0,2,4,20,0.05952380952380952
steady,p,used_forward_calls,24.630435943603516,1,0,5,14,0.041666666666666664
steady,p,used_forward_calls,24.630435943603516,1,4,5,12,0.03571428571428571
steady,p,used_forward_calls,24.630435943603516,0,4,5,6,0.017857142857142856
steady,p,used_forward_calls,24.630435943603516,2,0,5,6,0.017857142857142856
steady,p,used_forward_calls,24.630435943603516,1,1,2,4,0.011904761904761904
steady,p,used_forward_calls,24.630435943603516,0,0,4,4,0.011904761904761904
steady,p,used_forward_calls,24.630435943603516,1,2,5,2,0.005952380952380952
steady,p,used_forward_calls,32.74006652832031,0,0,2,89,0.2648809523809524
steady,p,used_forward_calls,32.74006652832031,1,1,5,48,0.14285714285714285
steady,p,used_forward_calls,32.74006652832031,1,0,1,42,0.125
steady,p,used_forward_calls,32.74006652832031,2,0,2,39,0.11607142857142858
steady,p,used_forward_calls,32.74006652832031,0,1,2,31,0.09226190476190477
steady,p,used_forward_calls,32.74006652832031,1,0,5,26,0.07738095238095238
steady,p,used_forward_calls,32.74006652832031,0,2,4,23,0.06845238095238096
steady,p,used_forward_calls,32.74006652832031,0,4,5,11,0.03273809523809524
steady,p,used_forward_calls,32.74006652832031,1,1,4,9,0.026785714285714284
steady,p,used_forward_calls,32.74006652832031,0,0,4,6,0.017857142857142856
steady,p,used_forward_calls,32.74006652832031,1,4,5,4,0.011904761904761904
steady,p,used_forward_calls,32.74006652832031,2,0,4,2,0.005952380952380952
steady,p,used_forward_calls,32.74006652832031,0,2,5,2,0.005952380952380952
steady,p,used_forward_calls,32.74006652832031,2,4,5,2,0.005952380952380952
steady,p,used_forward_calls,32.74006652832031,2,3,4,1,0.002976190476190476
steady,p,used_forward_calls,32.74006652832031,1,2,5,1,0.002976190476190476
steady,p,used_forward_calls,39.68547821044922,1,0,2,131,0.3898809523809524
steady,p,used_forward_calls,39.68547821044922,1,2,5,126,0.375
steady,p,used_forward_calls,39.68547821044922,1,0,1,13,0.03869047619047619
steady,p,used_forward_calls,39.68547821044922,2,2,4,12,0.03571428571428571
steady,p,used_forward_calls,39.68547821044922,1,2,3,12,0.03571428571428571
steady,p,used_forward_calls,39.68547821044922,1,0,5,9,0.026785714285714284
steady,p,used_forward_calls,39.68547821044922,1,1,2,9,0.026785714285714284
steady,p,used_forward_calls,39.68547821044922,1,0,3,6,0.017857142857142856
steady,p,used_forward_calls,39.68547821044922,2,3,4,5,0.01488095238095238
steady,p,used_forward_calls,39.68547821044922,1,1,5,5,0.01488095238095238
steady,p,used_forward_calls,39.68547821044922,0,4,5,2,0.005952380952380952
steady,p,used_forward_calls,39.68547821044922,2,2,3,2,0.005952380952380952
steady,p,used_forward_calls,39.68547821044922,1,3,5,2,0.005952380952380952
steady,p,used_forward_calls,39.68547821044922,1,2,4,2,0.005952380952380952
steady,p,used_forward_calls,45.142704010009766,1,2,5,136,0.40476190476190477
steady,p,used_forward_calls,45.142704010009766,1,0,2,74,0.22023809523809523
steady,p,used_forward_calls,45.142704010009766,1,1,2,42,0.125
steady,p,used_forward_calls,45.142704010009766,1,2,3,33,0.09821428571428571
steady,p,used_forward_calls,45.142704010009766,1,0,1,19,0.05654761904761905
steady,p,used_forward_calls,45.142704010009766,1,1,5,11,0.03273809523809524
steady,p,used_forward_calls,45.142704010009766,0,1,4,5,0.01488095238095238
steady,p,used_forward_calls,45.142704010009766,1,2,4,4,0.011904761904761904
steady,p,used_forward_calls,45.142704010009766,2,2,4,3,0.008928571428571428
steady,p,used_forward_calls,45.142704010009766,2,2,3,3,0.008928571428571428
steady,p,used_forward_calls,45.142704010009766,1,3,5,2,0.005952380952380952
steady,p,used_forward_calls,45.142704010009766,0,0,1,2,0.005952380952380952
steady,p,used_forward_calls,45.142704010009766,0,0,5,1,0.002976190476190476
steady,p,used_forward_calls,45.142704010009766,1,0,5,1,0.002976190476190476
hopf,u,macro_stage1,pooled,0,1,3,840,1.0
hopf,u,macro_stage1,47.081356048583984,0,1,3,280,1.0
hopf,u,macro_stage1,49.02235412597656,0,1,3,280,1.0
hopf,u,macro_stage1,51.78644943237305,0,1,3,280,1.0
hopf,u,used_forward_calls,pooled,0,1,3,3360,1.0
hopf,u,used_forward_calls,47.081356048583984,0,1,3,1120,1.0
hopf,u,used_forward_calls,49.02235412597656,0,1,3,1120,1.0
hopf,u,used_forward_calls,51.78644943237305,0,1,3,1120,1.0
hopf,p,macro_stage1,pooled,0,2,4,840,1.0
hopf,p,macro_stage1,47.081356048583984,0,2,4,280,1.0
hopf,p,macro_stage1,49.02235412597656,0,2,4,280,1.0
hopf,p,macro_stage1,51.78644943237305,0,2,4,280,1.0
hopf,p,used_forward_calls,pooled,0,2,4,840,1.0
hopf,p,used_forward_calls,47.081356048583984,0,2,4,280,1.0
hopf,p,used_forward_calls,49.02235412597656,0,2,4,280,1.0
hopf,p,used_forward_calls,51.78644943237305,0,2,4,280,1.0
periodic,u,macro_stage1,pooled,0,0,5,406,0.16266025641025642
periodic,u,macro_stage1,pooled,2,0,5,262,0.10496794871794872
periodic,u,macro_stage1,pooled,1,0,5,248,0.09935897435897435
periodic,u,macro_stage1,pooled,2,1,5,228,0.09134615384615384
periodic,u,macro_stage1,pooled,0,4,5,168,0.0673076923076923
periodic,u,macro_stage1,pooled,1,2,3,126,0.05048076923076923
periodic,u,macro_stage1,pooled,1,2,5,114,0.04567307692307692
periodic,u,macro_stage1,pooled,1,0,1,101,0.04046474358974359
periodic,u,macro_stage1,pooled,2,2,3,90,0.036057692307692304
periodic,u,macro_stage1,pooled,1,0,3,87,0.03485576923076923
periodic,u,macro_stage1,pooled,1,3,4,76,0.030448717948717948
periodic,u,macro_stage1,pooled,2,0,2,71,0.02844551282051282
periodic,u,macro_stage1,pooled,2,3,5,66,0.026442307692307692
periodic,u,macro_stage1,pooled,2,0,3,62,0.024839743589743588
periodic,u,macro_stage1,pooled,0,0,2,59,0.023637820512820512
periodic,u,macro_stage1,pooled,2,1,4,55,0.022035256410256412
periodic,u,macro_stage1,pooled,2,1,3,51,0.020432692307692308
periodic,u,macro_stage1,pooled,0,2,3,46,0.01842948717948718
periodic,u,macro_stage1,pooled,0,1,3,29,0.011618589743589744
periodic,u,macro_stage1,pooled,1,1,5,25,0.010016025641025642
periodic,u,macro_stage1,pooled,0,2,5,20,0.008012820512820512
periodic,u,macro_stage1,pooled,2,0,1,18,0.007211538461538462
periodic,u,macro_stage1,pooled,1,0,2,18,0.007211538461538462
periodic,u,macro_stage1,pooled,1,4,5,18,0.007211538461538462
periodic,u,macro_stage1,pooled,0,3,5,12,0.004807692307692308
periodic,u,macro_stage1,pooled,0,1,2,11,0.004407051282051282
periodic,u,macro_stage1,pooled,2,2,5,9,0.003605769230769231
periodic,u,macro_stage1,pooled,1,3,5,6,0.002403846153846154
periodic,u,macro_stage1,pooled,1,1,4,4,0.0016025641025641025
periodic,u,macro_stage1,pooled,0,0,4,4,0.0016025641025641025
periodic,u,macro_stage1,pooled,0,3,4,4,0.0016025641025641025
periodic,u,macro_stage1,pooled,1,1,3,1,0.00040064102564102563
periodic,u,macro_stage1,pooled,1,2,4,1,0.00040064102564102563
periodic,u,macro_stage1,70.31463623046875,0,0,5,331,0.530448717948718
periodic,u,macro_stage1,70.31463623046875,2,0,5,127,0.20352564102564102
periodic,u,macro_stage1,70.31463623046875,1,0,5,118,0.1891025641025641
periodic,u,macro_stage1,70.31463623046875,0,0,2,27,0.04326923076923077
periodic,u,macro_stage1,70.31463623046875,1,0,1,12,0.019230769230769232
periodic,u,macro_stage1,70.31463623046875,2,1,5,9,0.014423076923076924
periodic,u,macro_stage1,100.35224914550781,2,0,5,121,0.19391025641025642
periodic,u,macro_stage1,100.35224914550781,0,4,5,87,0.13942307692307693
periodic,u,macro_stage1,100.35224914550781,1,0,5,84,0.1346153846153846
periodic,u,macro_stage1,100.35224914550781,1,0,1,75,0.1201923076923077
periodic,u,macro_stage1,100.35224914550781,2,1,5,69,0.11057692307692307
periodic,u,macro_stage1,100.35224914550781,0,0,5,63,0.10096153846153846
periodic,u,macro_stage1,100.35224914550781,1,0,3,41,0.06570512820512821
periodic,u,macro_stage1,100.35224914550781,0,0,2,27,0.04326923076923077
periodic,u,macro_stage1,100.35224914550781,2,3,5,20,0.03205128205128205
periodic,u,macro_stage1,100.35224914550781,1,1,5,17,0.027243589743589744
periodic,u,macro_stage1,100.35224914550781,0,2,5,14,0.022435897435897436
periodic,u,macro_stage1,100.35224914550781,1,3,5,6,0.009615384615384616
periodic,u,macro_stage1,149.05923461914062,0,4,5,66,0.10576923076923077
periodic,u,macro_stage1,149.05923461914062,2,0,3,62,0.09935897435897435
periodic,u,macro_stage1,149.05923461914062,2,0,2,60,0.09615384615384616
periodic,u,macro_stage1,149.05923461914062,1,2,5,59,0.09455128205128205
periodic,u,macro_stage1,149.05923461914062,2,1,4,55,0.08814102564102565
periodic,u,macro_stage1,149.05923461914062,2,2,3,53,0.08493589743589744
periodic,u,macro_stage1,149.05923461914062,2,1,3,49,0.07852564102564102
periodic,u,macro_stage1,149.05923461914062,2,1,5,46,0.07371794871794872
periodic,u,macro_stage1,149.05923461914062,1,0,3,41,0.06570512820512821
periodic,u,macro_stage1,149.05923461914062,1,2,3,41,0.06570512820512821
periodic,u,macro_stage1,149.05923461914062,2,0,1,18,0.028846153846153848
periodic,u,macro_stage1,149.05923461914062,1,0,1,14,0.022435897435897436
periodic,u,macro_stage1,149.05923461914062,2,0,5,12,0.019230769230769232
periodic,u,macro_stage1,149.05923461914062,0,2,3,10,0.016025641025641024
periodic,u,macro_stage1,149.05923461914062,2,2,5,9,0.014423076923076924
periodic,u,macro_stage1,149.05923461914062,1,1,5,8,0.01282051282051282
periodic,u,macro_stage1,149.05923461914062,0,2,5,6,0.009615384615384616
periodic,u,macro_stage1,149.05923461914062,0,0,5,4,0.00641025641025641
periodic,u,macro_stage1,149.05923461914062,1,1,4,3,0.004807692307692308
periodic,u,macro_stage1,149.05923461914062,0,3,5,3,0.004807692307692308
periodic,u,macro_stage1,149.05923461914062,1,0,5,3,0.004807692307692308
periodic,u,macro_stage1,149.05923461914062,1,1,3,1,0.0016025641025641025
periodic,u,macro_stage1,149.05923461914062,0,0,2,1,0.0016025641025641025
periodic,u,macro_stage1,189.86227416992188,2,1,5,104,0.16666666666666666
periodic,u,macro_stage1,189.86227416992188,1,2,3,85,0.1362179487179487
periodic,u,macro_stage1,189.86227416992188,1,3,4,76,0.12179487179487179
periodic,u,macro_stage1,189.86227416992188,1,2,5,55,0.08814102564102565
periodic,u,macro_stage1,189.86227416992188,2,3,5,46,0.07371794871794872
periodic,u,macro_stage1,189.86227416992188,1,0,5,43,0.06891025641025642
periodic,u,macro_stage1,189.86227416992188,2,2,3,37,0.05929487179487179
periodic,u,macro_stage1,189.86227416992188,0,2,3,36,0.057692307692307696
periodic,u,macro_stage1,189.86227416992188,0,1,3,29,0.046474358974358976
periodic,u,macro_stage1,189.86227416992188,1,0,2,18,0.028846153846153848
periodic,u,macro_stage1,189.86227416992188,1,4,5,18,0.028846153846153848
periodic,u,macro_stage1,189.86227416992188,0,4,5,15,0.02403846153846154
periodic,u,macro_stage1,189.86227416992188,0,1,2,11,0.017628205128205128
periodic,u,macro_stage1,189.86227416992188,2,0,2,11,0.017628205128205128
periodic,u,macro_stage1,189.86227416992188,0,3,5,9,0.014423076923076924
periodic,u,macro_stage1,189.86227416992188,0,0,5,8,0.01282051282051282
periodic,u,macro_stage1,189.86227416992188,1,0,3,5,0.008012820512820512
periodic,u,macro_stage1,189.86227416992188,0,0,2,4,0.00641025641025641
periodic,u,macro_stage1,189.86227416992188,0,0,4,4,0.00641025641025641
periodic,u,macro_stage1,189.86227416992188,0,3,4,4,0.00641025641025641
periodic,u,macro_stage1,189.86227416992188,2,0,5,2,0.003205128205128205
periodic,u,macro_stage1,189.86227416992188,2,1,3,2,0.003205128205128205
periodic,u,macro_stage1,189.86227416992188,1,2,4,1,0.0016025641025641025
periodic,u,macro_stage1,189.86227416992188,1,1,4,1,0.0016025641025641025
periodic,u,used_forward_calls,pooled,1,0,5,2607,0.26111778846153844
periodic,u,used_forward_calls,pooled,0,0,5,2114,0.21173878205128205
periodic,u,used_forward_calls,pooled,2,0,5,1605,0.16075721153846154
periodic,u,used_forward_calls,pooled,2,1,5,671,0.06720753205128205
periodic,u,used_forward_calls,pooled,2,3,5,381,0.038161057692307696
periodic,u,used_forward_calls,pooled,0,4,5,360,0.036057692307692304
periodic,u,used_forward_calls,pooled,1,0,3,318,0.031850961538461536
periodic,u,used_forward_calls,pooled,1,2,5,311,0.031149839743589744
periodic,u,used_forward_calls,pooled,0,0,4,248,0.024839743589743588
periodic,u,used_forward_calls,pooled,1,0,2,181,0.018129006410256412
periodic,u,used_forward_calls,pooled,1,0,1,179,0.017928685897435896
periodic,u,used_forward_calls,pooled,1,2,3,134,0.013421474358974358
periodic,u,used_forward_calls,pooled,1,3,4,95,0.009515224358974358
periodic,u,used_forward_calls,pooled,2,2,3,90,0.009014423076923076
periodic,u,used_forward_calls,pooled,2,0,2,80,0.008012820512820512
periodic,u,used_forward_calls,pooled,0,0,2,77,0.007712339743589744
periodic,u,used_forward_calls,pooled,2,0,3,62,0.006209935897435897
periodic,u,used_forward_calls,pooled,2,1,4,55,0.005508814102564103
periodic,u,used_forward_calls,pooled,2,1,3,51,0.005108173076923077
periodic,u,used_forward_calls,pooled,1,1,5,49,0.004907852564102564
periodic,u,used_forward_calls,pooled,0,2,3,46,0.004607371794871795
periodic,u,used_forward_calls,pooled,2,2,5,35,0.0035056089743589745
periodic,u,used_forward_calls,pooled,1,1,3,34,0.003405448717948718
periodic,u,used_forward_calls,pooled,1,3,5,32,0.003205128205128205
periodic,u,used_forward_calls,pooled,0,3,4,32,0.003205128205128205
periodic,u,used_forward_calls,pooled,0,1,3,29,0.002904647435897436
periodic,u,used_forward_calls,pooled,0,2,5,20,0.002003205128205128
periodic,u,used_forward_calls,pooled,2,0,1,18,0.0018028846153846155
periodic,u,used_forward_calls,pooled,1,4,5,18,0.0018028846153846155
periodic,u,used_forward_calls,pooled,0,3,5,12,0.001201923076923077
periodic,u,used_forward_calls,pooled,0,0,1,12,0.001201923076923077
periodic,u,used_forward_calls,pooled,0,1,2,11,0.0011017628205128205
periodic,u,used_forward_calls,pooled,0,0,3,8,0.0008012820512820513
periodic,u,used_forward_calls,pooled,1,1,4,5,0.000500801282051282
periodic,u,used_forward_calls,pooled,1,0,4,3,0.00030048076923076925
periodic,u,used_forward_calls,pooled,1,2,4,1,0.00010016025641025641
periodic,u,used_forward_calls,70.31463623046875,0,0,5,989,0.39623397435897434
periodic,u,used_forward_calls,70.31463623046875,2,0,5,871,0.3489583333333333
periodic,u,used_forward_calls,70.31463623046875,1,0,5,523,0.20953525641025642
periodic,u,used_forward_calls,70.31463623046875,2,1,5,74,0.029647435897435896
periodic,u,used_forward_calls,70.31463623046875,0,0,2,27,0.010817307692307692
periodic,u,used_forward_calls,70.31463623046875,1,0,1,12,0.004807692307692308
periodic,u,used_forward_calls,100.35224914550781,1,0,5,692,0.27724358974358976
periodic,u,used_forward_calls,100.35224914550781,0,0,5,635,0.25440705128205127
periodic,u,used_forward_calls,100.35224914550781,2,0,5,384,0.15384615384615385
periodic,u,used_forward_calls,100.35224914550781,2,1,5,202,0.08092948717948718
periodic,u,used_forward_calls,100.35224914550781,0,4,5,164,0.06570512820512821
periodic,u,used_forward_calls,100.35224914550781,2,3,5,148,0.05929487179487179
periodic,u,used_forward_calls,100.35224914550781,1,0,1,102,0.040865384615384616
periodic,u,used_forward_calls,100.35224914550781,1,0,3,81,0.03245192307692308
periodic,u,used_forward_calls,100.35224914550781,1,1,5,38,0.015224358974358974
periodic,u,used_forward_calls,100.35224914550781,0,0,2,27,0.010817307692307692
periodic,u,used_forward_calls,100.35224914550781,0,2,5,14,0.005608974358974359
periodic,u,used_forward_calls,100.35224914550781,1,3,5,9,0.003605769230769231
periodic,u,used_forward_calls,149.05923461914062,1,0,5,740,0.296474358974359
periodic,u,used_forward_calls,149.05923461914062,0,0,5,436,0.17467948717948717
periodic,u,used_forward_calls,149.05923461914062,2,0,5,295,0.11818910256410256
periodic,u,used_forward_calls,149.05923461914062,0,4,5,176,0.07051282051282051
periodic,u,used_forward_calls,149.05923461914062,2,1,5,161,0.06450320512820513
periodic,u,used_forward_calls,149.05923461914062,1,0,3,107,0.042868589743589744
periodic,u,used_forward_calls,149.05923461914062,2,0,3,62,0.024839743589743588
periodic,u,used_forward_calls,149.05923461914062,2,0,2,60,0.02403846153846154
periodic,u,used_forward_calls,149.05923461914062,1,2,5,59,0.023637820512820512
periodic,u,used_forward_calls,149.05923461914062,2,1,4,55,0.022035256410256412
periodic,u,used_forward_calls,149.05923461914062,0,0,4,54,0.021634615384615384
periodic,u,used_forward_calls,149.05923461914062,2,2,3,53,0.02123397435897436
periodic,u,used_forward_calls,149.05923461914062,2,1,3,49,0.019631410256410256
periodic,u,used_forward_calls,149.05923461914062,1,2,3,41,0.016426282051282052
periodic,u,used_forward_calls,149.05923461914062,2,3,5,35,0.014022435897435898
periodic,u,used_forward_calls,149.05923461914062,2,2,5,34,0.013621794871794872
periodic,u,used_forward_calls,149.05923461914062,1,0,1,29,0.011618589743589744
periodic,u,used_forward_calls,149.05923461914062,2,0,1,18,0.007211538461538462
periodic,u,used_forward_calls,149.05923461914062,0,2,3,10,0.004006410256410256
periodic,u,used_forward_calls,149.05923461914062,1,1,5,8,0.003205128205128205
periodic,u,used_forward_calls,149.05923461914062,0,2,5,6,0.002403846153846154
periodic,u,used_forward_calls,149.05923461914062,1,1,4,3,0.001201923076923077
periodic,u,used_forward_calls,149.05923461914062,0,3,5,3,0.001201923076923077
periodic,u,used_forward_calls,149.05923461914062,1,1,3,1,0.00040064102564102563
periodic,u,used_forward_calls,149.05923461914062,0,0,2,1,0.00040064102564102563
periodic,u,used_forward_calls,189.86227416992188,1,0,5,652,0.26121794871794873
periodic,u,used_forward_calls,189.86227416992188,1,2,5,252,0.10096153846153846
periodic,u,used_forward_calls,189.86227416992188,2,1,5,234,0.09375
periodic,u,used_forward_calls,189.86227416992188,2,3,5,198,0.07932692307692307
periodic,u,used_forward_calls,189.86227416992188,0,0,4,194,0.07772435897435898
periodic,u,used_forward_calls,189.86227416992188,1,0,2,181,0.07251602564102565
periodic,u,used_forward_calls,189.86227416992188,1,0,3,130,0.052083333333333336
periodic,u,used_forward_calls,189.86227416992188,1,3,4,95,0.03806089743589743
periodic,u,used_forward_calls,189.86227416992188,1,2,3,93,0.037259615384615384
periodic,u,used_forward_calls,189.86227416992188,2,0,5,55,0.022035256410256412
periodic,u,used_forward_calls,189.86227416992188,0,0,5,54,0.021634615384615384
periodic,u,used_forward_calls,189.86227416992188,2,2,3,37,0.014823717948717948
periodic,u,used_forward_calls,189.86227416992188,1,0,1,36,0.014423076923076924
periodic,u,used_forward_calls,189.86227416992188,0,2,3,36,0.014423076923076924
periodic,u,used_forward_calls,189.86227416992188,1,1,3,33,0.013221153846153846
periodic,u,used_forward_calls,189.86227416992188,0,3,4,32,0.01282051282051282
periodic,u,used_forward_calls,189.86227416992188,0,1,3,29,0.011618589743589744
periodic,u,used_forward_calls,189.86227416992188,1,3,5,23,0.00921474358974359
periodic,u,used_forward_calls,189.86227416992188,0,0,2,22,0.008814102564102564
periodic,u,used_forward_calls,189.86227416992188,2,0,2,20,0.008012820512820512
periodic,u,used_forward_calls,189.86227416992188,0,4,5,20,0.008012820512820512
periodic,u,used_forward_calls,189.86227416992188,1,4,5,18,0.007211538461538462
periodic,u,used_forward_calls,189.86227416992188,0,0,1,12,0.004807692307692308
periodic,u,used_forward_calls,189.86227416992188,0,1,2,11,0.004407051282051282
periodic,u,used_forward_calls,189.86227416992188,0,3,5,9,0.003605769230769231
periodic,u,used_forward_calls,189.86227416992188,0,0,3,8,0.003205128205128205
periodic,u,used_forward_calls,189.86227416992188,1,0,4,3,0.001201923076923077
periodic,u,used_forward_calls,189.86227416992188,1,1,5,3,0.001201923076923077
periodic,u,used_forward_calls,189.86227416992188,1,1,4,2,0.0008012820512820513
periodic,u,used_forward_calls,189.86227416992188,2,1,3,2,0.0008012820512820513
periodic,u,used_forward_calls,189.86227416992188,2,2,5,1,0.00040064102564102563
periodic,u,used_forward_calls,189.86227416992188,1,2,4,1,0.00040064102564102563
periodic,p,macro_stage1,pooled,2,0,2,780,0.3125
periodic,p,macro_stage1,pooled,1,2,3,391,0.15665064102564102
periodic,p,macro_stage1,pooled,0,2,3,328,0.13141025641025642
periodic,p,macro_stage1,pooled,0,0,2,201,0.08052884615384616
periodic,p,macro_stage1,pooled,1,0,2,200,0.08012820512820513
periodic,p,macro_stage1,pooled,0,0,3,145,0.05809294871794872
periodic,p,macro_stage1,pooled,1,3,5,87,0.03485576923076923
periodic,p,macro_stage1,pooled,2,0,5,74,0.029647435897435896
periodic,p,macro_stage1,pooled,0,1,3,71,0.02844551282051282
periodic,p,macro_stage1,pooled,1,2,5,63,0.025240384615384616
periodic,p,macro_stage1,pooled,1,2,4,51,0.020432692307692308
periodic,p,macro_stage1,pooled,2,0,1,45,0.018028846153846152
periodic,p,macro_stage1,pooled,1,0,3,33,0.013221153846153846
periodic,p,macro_stage1,pooled,2,2,5,13,0.005208333333333333
periodic,p,macro_stage1,pooled,0,2,4,10,0.004006410256410256
periodic,p,macro_stage1,pooled,0,1,4,4,0.0016025641025641025
periodic,p,macro_stage1,70.31463623046875,0,2,3,254,0.40705128205128205
periodic,p,macro_stage1,70.31463623046875,2,0,2,136,0.21794871794871795
periodic,p,macro_stage1,70.31463623046875,0,0,2,99,0.15865384615384615
periodic,p,macro_stage1,70.31463623046875,1,2,3,79,0.1266025641025641
periodic,p,macro_stage1,70.31463623046875,1,2,4,51,0.08173076923076923
periodic,p,macro_stage1,70.31463623046875,0,0,3,5,0.008012820512820512
periodic,p,macro_stage1,100.35224914550781,1,2,3,223,0.3573717948717949
periodic,p,macro_stage1,100.35224914550781,2,0,2,210,0.33653846153846156
periodic,p,macro_stage1,100.35224914550781,0,0,3,91,0.14583333333333334
periodic,p,macro_stage1,100.35224914550781,0,2,3,59,0.09455128205128205
periodic,p,macro_stage1,100.35224914550781,0,0,2,41,0.06570512820512821
periodic,p,macro_stage1,149.05923461914062,2,0,2,257,0.41185897435897434
periodic,p,macro_stage1,149.05923461914062,1,2,3,87,0.13942307692307693
periodic,p,macro_stage1,149.05923461914062,1,0,2,76,0.12179487179487179
periodic,p,macro_stage1,149.05923461914062,2,0,5,74,0.11858974358974358
periodic,p,macro_stage1,149.05923461914062,0,0,2,61,0.09775641025641026
periodic,p,macro_stage1,149.05923461914062,2,0,1,33,0.052884615384615384
periodic,p,macro_stage1,149.05923461914062,0,0,3,17,0.027243589743589744
periodic,p,macro_stage1,149.05923461914062,0,2,4,10,0.016025641025641024
periodic,p,macro_stage1,149.05923461914062,1,3,5,7,0.011217948717948718
periodic,p,macro_stage1,149.05923461914062,0,2,3,2,0.003205128205128205
periodic,p,macro_stage1,189.86227416992188,2,0,2,177,0.28365384615384615
periodic,p,macro_stage1,189.86227416992188,1,0,2,124,0.1987179487179487
periodic,p,macro_stage1,189.86227416992188,1,3,5,80,0.1282051282051282
periodic,p,macro_stage1,189.86227416992188,0,1,3,71,0.11378205128205128
periodic,p,macro_stage1,189.86227416992188,1,2,5,63,0.10096153846153846
periodic,p,macro_stage1,189.86227416992188,1,0,3,33,0.052884615384615384
periodic,p,macro_stage1,189.86227416992188,0,0,3,32,0.05128205128205128
periodic,p,macro_stage1,189.86227416992188,0,2,3,13,0.020833333333333332
periodic,p,macro_stage1,189.86227416992188,2,2,5,13,0.020833333333333332
periodic,p,macro_stage1,189.86227416992188,2,0,1,12,0.019230769230769232
periodic,p,macro_stage1,189.86227416992188,0,1,4,4,0.00641025641025641
periodic,p,macro_stage1,189.86227416992188,1,2,3,2,0.003205128205128205
periodic,p,used_forward_calls,pooled,2,0,2,780,0.3125
periodic,p,used_forward_calls,pooled,1,2,3,391,0.15665064102564102
periodic,p,used_forward_calls,pooled,0,2,3,328,0.13141025641025642
periodic,p,used_forward_calls,pooled,0,0,2,201,0.08052884615384616
periodic,p,used_forward_calls,pooled,1,0,2,200,0.08012820512820513
periodic,p,used_forward_calls,pooled,0,0,3,145,0.05809294871794872
periodic,p,used_forward_calls,pooled,1,3,5,87,0.03485576923076923
periodic,p,used_forward_calls,pooled,2,0,5,74,0.029647435897435896
periodic,p,used_forward_calls,pooled,0,1,3,71,0.02844551282051282
periodic,p,used_forward_calls,pooled,1,2,5,63,0.025240384615384616
periodic,p,used_forward_calls,pooled,1,2,4,51,0.020432692307692308
periodic,p,used_forward_calls,pooled,2,0,1,45,0.018028846153846152
periodic,p,used_forward_calls,pooled,1,0,3,33,0.013221153846153846
periodic,p,used_forward_calls,pooled,2,2,5,13,0.005208333333333333
periodic,p,used_forward_calls,pooled,0,2,4,10,0.004006410256410256
periodic,p,used_forward_calls,pooled,0,1,4,4,0.0016025641025641025
periodic,p,used_forward_calls,70.31463623046875,0,2,3,254,0.40705128205128205
periodic,p,used_forward_calls,70.31463623046875,2,0,2,136,0.21794871794871795
periodic,p,used_forward_calls,70.31463623046875,0,0,2,99,0.15865384615384615
periodic,p,used_forward_calls,70.31463623046875,1,2,3,79,0.1266025641025641
periodic,p,used_forward_calls,70.31463623046875,1,2,4,51,0.08173076923076923
periodic,p,used_forward_calls,70.31463623046875,0,0,3,5,0.008012820512820512
periodic,p,used_forward_calls,100.35224914550781,1,2,3,223,0.3573717948717949
periodic,p,used_forward_calls,100.35224914550781,2,0,2,210,0.33653846153846156
periodic,p,used_forward_calls,100.35224914550781,0,0,3,91,0.14583333333333334
periodic,p,used_forward_calls,100.35224914550781,0,2,3,59,0.09455128205128205
periodic,p,used_forward_calls,100.35224914550781,0,0,2,41,0.06570512820512821
periodic,p,used_forward_calls,149.05923461914062,2,0,2,257,0.41185897435897434
periodic,p,used_forward_calls,149.05923461914062,1,2,3,87,0.13942307692307693
periodic,p,used_forward_calls,149.05923461914062,1,0,2,76,0.12179487179487179
periodic,p,used_forward_calls,149.05923461914062,2,0,5,74,0.11858974358974358
periodic,p,used_forward_calls,149.05923461914062,0,0,2,61,0.09775641025641026
periodic,p,used_forward_calls,149.05923461914062,2,0,1,33,0.052884615384615384
periodic,p,used_forward_calls,149.05923461914062,0,0,3,17,0.027243589743589744
periodic,p,used_forward_calls,149.05923461914062,0,2,4,10,0.016025641025641024
periodic,p,used_forward_calls,149.05923461914062,1,3,5,7,0.011217948717948718
periodic,p,used_forward_calls,149.05923461914062,0,2,3,2,0.003205128205128205
periodic,p,used_forward_calls,189.86227416992188,2,0,2,177,0.28365384615384615
periodic,p,used_forward_calls,189.86227416992188,1,0,2,124,0.1987179487179487
periodic,p,used_forward_calls,189.86227416992188,1,3,5,80,0.1282051282051282
periodic,p,used_forward_calls,189.86227416992188,0,1,3,71,0.11378205128205128
periodic,p,used_forward_calls,189.86227416992188,1,2,5,63,0.10096153846153846
periodic,p,used_forward_calls,189.86227416992188,1,0,3,33,0.052884615384615384
periodic,p,used_forward_calls,189.86227416992188,0,0,3,32,0.05128205128205128
periodic,p,used_forward_calls,189.86227416992188,0,2,3,13,0.020833333333333332
periodic,p,used_forward_calls,189.86227416992188,2,2,5,13,0.020833333333333332
periodic,p,used_forward_calls,189.86227416992188,2,0,1,12,0.019230769230769232
periodic,p,used_forward_calls,189.86227416992188,0,1,4,4,0.00641025641025641
periodic,p,used_forward_calls,189.86227416992188,1,2,3,2,0.003205128205128205
