method,seed,Re,start,horizon,complete,failure,failed_step,last_finite_time,source
proposed,1248,70.3146353337,976,24,True,,,1683.846435546875,baseline_completion.csv
proposed,1248,70.3146353337,976,48,True,,,1983.1968994140625,baseline_completion.csv
proposed,1248,70.3146353337,984,24,True,,,1783.6298828125,baseline_completion.csv
proposed,1248,70.3146353337,984,48,True,,,2082.98046875,baseline_completion.csv
proposed,1248,70.3146353337,1000,24,True,,,1983.1968994140625,baseline_completion.csv
proposed,1248,70.3146353337,1000,48,True,,,2282.54736328125,baseline_completion.csv
proposed,1248,70.3146353337,1016,24,True,,,2182.763916015625,baseline_completion.csv
proposed,1248,70.3146353337,1016,48,True,,,2482.1142578125,baseline_completion.csv
proposed,1248,70.3146353337,1024,24,True,,,2282.54736328125,baseline_completion.csv
proposed,1248,70.3146353337,1024,48,True,,,2581.89794921875,baseline_completion.csv
proposed,1248,70.3146353337,1040,24,True,,,2482.1142578125,baseline_completion.csv
proposed,1248,70.3146353337,1040,48,True,,,2781.46484375,baseline_completion.csv
proposed,1248,70.3146353337,1056,24,True,,,2681.681396484375,baseline_completion.csv
proposed,1248,70.3146353337,1056,48,True,,,2981.03173828125,baseline_completion.csv
proposed,1248,70.3146353337,1072,24,True,,,2881.248291015625,baseline_completion.csv
proposed,1248,70.3146353337,1072,48,True,,,3180.598876953125,baseline_completion.csv
proposed,1248,100.352251335,3874,24,True,,,1056.7252197265625,baseline_completion.csv
proposed,1248,100.352251335,3874,48,True,,,1244.5875244140625,baseline_completion.csv
proposed,1248,100.352251335,3882,24,True,,,1119.3460693359375,baseline_completion.csv
proposed,1248,100.352251335,3882,48,True,,,1307.208251953125,baseline_completion.csv
proposed,1248,100.352251335,3898,24,True,,,1244.5875244140625,baseline_completion.csv
proposed,1248,100.352251335,3898,48,True,,,1432.4498291015625,baseline_completion.csv
proposed,1248,100.352251335,3914,24,True,,,1369.8291015625,baseline_completion.csv
proposed,1248,100.352251335,3914,48,True,,,1557.6912841796875,baseline_completion.csv
proposed,1248,100.352251335,3922,24,True,,,1432.4498291015625,baseline_completion.csv
proposed,1248,100.352251335,3922,48,True,,,1620.3121337890625,baseline_completion.csv
proposed,1248,100.352251335,3938,24,True,,,1557.6912841796875,baseline_completion.csv
proposed,1248,100.352251335,3938,48,True,,,1745.5535888671875,baseline_completion.csv
proposed,1248,100.352251335,3954,24,True,,,1682.932861328125,baseline_completion.csv
proposed,1248,100.352251335,3954,48,True,,,1870.795166015625,baseline_completion.csv
proposed,1248,100.352251335,3970,24,True,,,1808.17431640625,baseline_completion.csv
proposed,1248,100.352251335,3970,48,True,,,1996.03662109375,baseline_completion.csv
proposed,1248,149.059229449,7258,24,True,,,639.3206176757812,baseline_completion.csv
proposed,1248,149.059229449,7258,48,True,,,756.4480590820312,baseline_completion.csv
proposed,1248,149.059229449,7266,24,True,,,678.3630981445312,baseline_completion.csv
proposed,1248,149.059229449,7266,48,True,,,795.4905395507812,baseline_completion.csv
proposed,1248,149.059229449,7282,24,True,,,756.4480590820312,baseline_completion.csv
proposed,1248,149.059229449,7282,48,True,,,873.5755004882812,baseline_completion.csv
proposed,1248,149.059229449,7298,24,True,,,834.5330200195312,baseline_completion.csv
proposed,1248,149.059229449,7298,48,True,,,951.6604614257812,baseline_completion.csv
proposed,1248,149.059229449,7306,24,True,,,873.5755004882812,baseline_completion.csv
proposed,1248,149.059229449,7306,48,True,,,990.7029418945312,baseline_completion.csv
proposed,1248,149.059229449,7322,24,True,,,951.6604614257812,baseline_completion.csv
proposed,1248,149.059229449,7322,48,True,,,1068.787841796875,baseline_completion.csv
proposed,1248,149.059229449,7338,24,True,,,1029.745361328125,baseline_completion.csv
proposed,1248,149.059229449,7338,48,True,,,1146.872802734375,baseline_completion.csv
proposed,1248,149.059229449,7354,24,True,,,1107.830322265625,baseline_completion.csv
proposed,1248,149.059229449,7354,48,True,,,1224.957763671875,baseline_completion.csv
proposed,1248,189.86227838,9513,24,True,,,482.3084716796875,baseline_completion.csv
proposed,1248,189.86227838,9513,48,True,,,571.3500366210938,baseline_completion.csv
proposed,1248,189.86227838,9521,24,True,,,511.9889831542969,baseline_completion.csv
proposed,1248,189.86227838,9521,48,True,,,601.030517578125,baseline_completion.csv
proposed,1248,189.86227838,9537,24,True,,,571.3500366210938,baseline_completion.csv
proposed,1248,189.86227838,9537,48,True,,,660.3916015625,baseline_completion.csv
proposed,1248,189.86227838,9553,24,True,,,630.7110595703125,baseline_completion.csv
proposed,1248,189.86227838,9553,48,True,,,719.7526245117188,baseline_completion.csv
proposed,1248,189.86227838,9561,24,True,,,660.3916015625,baseline_completion.csv
proposed,1248,189.86227838,9561,48,True,,,749.4331665039062,baseline_completion.csv
proposed,1248,189.86227838,9577,24,True,,,719.7526245117188,baseline_completion.csv
proposed,1248,189.86227838,9577,48,True,,,808.794189453125,baseline_completion.csv
proposed,1248,189.86227838,9593,24,True,,,779.1136474609375,baseline_completion.csv
proposed,1248,189.86227838,9593,48,True,,,868.1552124023438,baseline_completion.csv
proposed,1248,189.86227838,9609,24,True,,,838.4747314453125,baseline_completion.csv
proposed,1248,189.86227838,9609,48,True,,,927.5162963867188,baseline_completion.csv
proposed,1600,70.3146353337,976,24,True,,,1683.846435546875,baseline_completion.csv
proposed,1600,70.3146353337,976,48,True,,,1983.1968994140625,baseline_completion.csv
proposed,1600,70.3146353337,984,24,True,,,1783.6298828125,baseline_completion.csv
proposed,1600,70.3146353337,984,48,True,,,2082.98046875,baseline_completion.csv
proposed,1600,70.3146353337,1000,24,True,,,1983.1968994140625,baseline_completion.csv
proposed,1600,70.3146353337,1000,48,True,,,2282.54736328125,baseline_completion.csv
proposed,1600,70.3146353337,1016,24,True,,,2182.763916015625,baseline_completion.csv
proposed,1600,70.3146353337,1016,48,True,,,2482.1142578125,baseline_completion.csv
proposed,1600,70.3146353337,1024,24,True,,,2282.54736328125,baseline_completion.csv
proposed,1600,70.3146353337,1024,48,True,,,2581.89794921875,baseline_completion.csv
proposed,1600,70.3146353337,1040,24,True,,,2482.1142578125,baseline_completion.csv
proposed,1600,70.3146353337,1040,48,True,,,2781.46484375,baseline_completion.csv
proposed,1600,70.3146353337,1056,24,True,,,2681.681396484375,baseline_completion.csv
proposed,1600,70.3146353337,1056,48,True,,,2981.03173828125,baseline_completion.csv
proposed,1600,70.3146353337,1072,24,True,,,2881.248291015625,baseline_completion.csv
proposed,1600,70.3146353337,1072,48,True,,,3180.598876953125,baseline_completion.csv
proposed,1600,100.352251335,3874,24,True,,,1056.7252197265625,baseline_completion.csv
proposed,1600,100.352251335,3874,48,True,,,1244.5875244140625,baseline_completion.csv
proposed,1600,100.352251335,3882,24,True,,,1119.3460693359375,baseline_completion.csv
proposed,1600,100.352251335,3882,48,True,,,1307.208251953125,baseline_completion.csv
proposed,1600,100.352251335,3898,24,True,,,1244.5875244140625,baseline_completion.csv
proposed,1600,100.352251335,3898,48,True,,,1432.4498291015625,baseline_completion.csv
proposed,1600,100.352251335,3914,24,True,,,1369.8291015625,baseline_completion.csv
proposed,1600,100.352251335,3914,48,True,,,1557.6912841796875,baseline_completion.csv
proposed,1600,100.352251335,3922,24,True,,,1432.4498291015625,baseline_completion.csv
proposed,1600,100.352251335,3922,48,True,,,1620.3121337890625,baseline_completion.csv
proposed,1600,100.352251335,3938,24,True,,,1557.6912841796875,baseline_completion.csv
proposed,1600,100.352251335,3938,48,True,,,1745.5535888671875,baseline_completion.csv
proposed,1600,100.352251335,3954,24,True,,,1682.932861328125,baseline_completion.csv
proposed,1600,100.352251335,3954,48,True,,,1870.795166015625,baseline_completion.csv
proposed,1600,100.352251335,3970,24,True,,,1808.17431640625,baseline_completion.csv
proposed,1600,100.352251335,3970,48,True,,,1996.03662109375,baseline_completion.csv
proposed,1600,149.059229449,7258,24,True,,,639.3206176757812,baseline_completion.csv
proposed,1600,149.059229449,7258,48,True,,,756.4480590820312,baseline_completion.csv
proposed,1600,149.059229449,7266,24,True,,,678.3630981445312,baseline_completion.csv
proposed,1600,149.059229449,7266,48,True,,,795.4905395507812,baseline_completion.csv
proposed,1600,149.059229449,7282,24,True,,,756.4480590820312,baseline_completion.csv
proposed,1600,149.059229449,7282,48,True,,,873.5755004882812,baseline_completion.csv
proposed,1600,149.059229449,7298,24,True,,,834.5330200195312,baseline_completion.csv
proposed,1600,149.059229449,7298,48,True,,,951.6604614257812,baseline_completion.csv
proposed,1600,149.059229449,7306,24,True,,,873.5755004882812,baseline_completion.csv
proposed,1600,149.059229449,7306,48,True,,,990.7029418945312,baseline_completion.csv
proposed,1600,149.059229449,7322,24,True,,,951.6604614257812,baseline_completion.csv
proposed,1600,149.059229449,7322,48,True,,,1068.787841796875,baseline_completion.csv
proposed,1600,149.059229449,7338,24,True,,,1029.745361328125,baseline_completion.csv
proposed,1600,149.059229449,7338,48,True,,,1146.872802734375,baseline_completion.csv
proposed,1600,149.059229449,7354,24,True,,,1107.830322265625,baseline_completion.csv
proposed,1600,149.059229449,7354,48,True,,,1224.957763671875,baseline_completion.csv
proposed,1600,189.86227838,9513,24,True,,,482.3084716796875,baseline_completion.csv
proposed,1600,189.86227838,9513,48,True,,,571.3500366210938,baseline_completion.csv
proposed,1600,189.86227838,9521,24,True,,,511.9889831542969,baseline_completion.csv
proposed,1600,189.86227838,9521,48,True,,,601.030517578125,baseline_completion.csv
proposed,1600,189.86227838,9537,24,True,,,571.3500366210938,baseline_completion.csv
proposed,1600,189.86227838,9537,48,True,,,660.3916015625,baseline_completion.csv
proposed,1600,189.86227838,9553,24,True,,,630.7110595703125,baseline_completion.csv
proposed,1600,189.86227838,9553,48,True,,,719.7526245117188,baseline_completion.csv
proposed,1600,189.86227838,9561,24,True,,,660.3916015625,baseline_completion.csv
proposed,1600,189.86227838,9561,48,True,,,749.4331665039062,baseline_completion.csv
proposed,1600,189.86227838,9577,24,True,,,719.7526245117188,baseline_completion.csv
proposed,1600,189.86227838,9577,48,True,,,808.794189453125,baseline_completion.csv
proposed,1600,189.86227838,9593,24,True,,,779.1136474609375,baseline_completion.csv
proposed,1600,189.86227838,9593,48,True,,,868.1552124023438,baseline_completion.csv
proposed,1600,189.86227838,9609,24,True,,,838.4747314453125,baseline_completion.csv
proposed,1600,189.86227838,9609,48,True,,,927.5162963867188,baseline_completion.csv
proposed,2026,70.3146353337,976,24,True,,,1683.846435546875,baseline_completion.csv
proposed,2026,70.3146353337,976,48,True,,,1983.1968994140625,baseline_completion.csv
proposed,2026,70.3146353337,984,24,True,,,1783.6298828125,baseline_completion.csv
proposed,2026,70.3146353337,984,48,True,,,2082.98046875,baseline_completion.csv
proposed,2026,70.3146353337,1000,24,True,,,1983.1968994140625,baseline_completion.csv
proposed,2026,70.3146353337,1000,48,True,,,2282.54736328125,baseline_completion.csv
proposed,2026,70.3146353337,1016,24,True,,,2182.763916015625,baseline_completion.csv
proposed,2026,70.3146353337,1016,48,True,,,2482.1142578125,baseline_completion.csv
proposed,2026,70.3146353337,1024,24,True,,,2282.54736328125,baseline_completion.csv
proposed,2026,70.3146353337,1024,48,True,,,2581.89794921875,baseline_completion.csv
proposed,2026,70.3146353337,1040,24,True,,,2482.1142578125,baseline_completion.csv
proposed,2026,70.3146353337,1040,48,True,,,2781.46484375,baseline_completion.csv
proposed,2026,70.3146353337,1056,24,True,,,2681.681396484375,baseline_completion.csv
proposed,2026,70.3146353337,1056,48,True,,,2981.03173828125,baseline_completion.csv
proposed,2026,70.3146353337,1072,24,True,,,2881.248291015625,baseline_completion.csv
proposed,2026,70.3146353337,1072,48,True,,,3180.598876953125,baseline_completion.csv
proposed,2026,100.352251335,3874,24,True,,,1056.7252197265625,baseline_completion.csv
proposed,2026,100.352251335,3874,48,True,,,1244.5875244140625,baseline_completion.csv
proposed,2026,100.352251335,3882,24,True,,,1119.3460693359375,baseline_completion.csv
proposed,2026,100.352251335,3882,48,True,,,1307.208251953125,baseline_completion.csv
proposed,2026,100.352251335,3898,24,True,,,1244.5875244140625,baseline_completion.csv
proposed,2026,100.352251335,3898,48,True,,,1432.4498291015625,baseline_completion.csv
proposed,2026,100.352251335,3914,24,True,,,1369.8291015625,baseline_completion.csv
proposed,2026,100.352251335,3914,48,True,,,1557.6912841796875,baseline_completion.csv
proposed,2026,100.352251335,3922,24,True,,,1432.4498291015625,baseline_completion.csv
proposed,2026,100.352251335,3922,48,True,,,1620.3121337890625,baseline_completion.csv
proposed,2026,100.352251335,3938,24,True,,,1557.6912841796875,baseline_completion.csv
proposed,2026,100.352251335,3938,48,True,,,1745.5535888671875,baseline_completion.csv
proposed,2026,100.352251335,3954,24,True,,,1682.932861328125,baseline_completion.csv
proposed,2026,100.352251335,3954,48,True,,,1870.795166015625,baseline_completion.csv
proposed,2026,100.352251335,3970,24,True,,,1808.17431640625,baseline_completion.csv
proposed,2026,100.352251335,3970,48,True,,,1996.03662109375,baseline_completion.csv
proposed,2026,149.059229449,7258,24,True,,,639.3206176757812,baseline_completion.csv
proposed,2026,149.059229449,7258,48,True,,,756.4480590820312,baseline_completion.csv
proposed,2026,149.059229449,7266,24,True,,,678.3630981445312,baseline_completion.csv
proposed,2026,149.059229449,7266,48,True,,,795.4905395507812,baseline_completion.csv
proposed,2026,149.059229449,7282,24,True,,,756.4480590820312,baseline_completion.csv
proposed,2026,149.059229449,7282,48,True,,,873.5755004882812,baseline_completion.csv
proposed,2026,149.059229449,7298,24,True,,,834.5330200195312,baseline_completion.csv
proposed,2026,149.059229449,7298,48,True,,,951.6604614257812,baseline_completion.csv
proposed,2026,149.059229449,7306,24,True,,,873.5755004882812,baseline_completion.csv
proposed,2026,149.059229449,7306,48,True,,,990.7029418945312,baseline_completion.csv
proposed,2026,149.059229449,7322,24,True,,,951.6604614257812,baseline_completion.csv
proposed,2026,149.059229449,7322,48,True,,,1068.787841796875,baseline_completion.csv
proposed,2026,149.059229449,7338,24,True,,,1029.745361328125,baseline_completion.csv
proposed,2026,149.059229449,7338,48,True,,,1146.872802734375,baseline_completion.csv
proposed,2026,149.059229449,7354,24,True,,,1107.830322265625,baseline_completion.csv
proposed,2026,149.059229449,7354,48,True,,,1224.957763671875,baseline_completion.csv
proposed,2026,189.86227838,9513,24,True,,,482.3084716796875,baseline_completion.csv
proposed,2026,189.86227838,9513,48,True,,,571.3500366210938,baseline_completion.csv
proposed,2026,189.86227838,9521,24,True,,,511.9889831542969,baseline_completion.csv
proposed,2026,189.86227838,9521,48,True,,,601.030517578125,baseline_completion.csv
proposed,2026,189.86227838,9537,24,True,,,571.3500366210938,baseline_completion.csv
proposed,2026,189.86227838,9537,48,True,,,660.3916015625,baseline_completion.csv
proposed,2026,189.86227838,9553,24,True,,,630.7110595703125,baseline_completion.csv
proposed,2026,189.86227838,9553,48,True,,,719.7526245117188,baseline_completion.csv
proposed,2026,189.86227838,9561,24,True,,,660.3916015625,baseline_completion.csv
proposed,2026,189.86227838,9561,48,True,,,749.4331665039062,baseline_completion.csv
proposed,2026,189.86227838,9577,24,True,,,719.7526245117188,baseline_completion.csv
proposed,2026,189.86227838,9577,48,True,,,808.794189453125,baseline_completion.csv
proposed,2026,189.86227838,9593,24,True,,,779.1136474609375,baseline_completion.csv
proposed,2026,189.86227838,9593,48,True,,,868.1552124023438,baseline_completion.csv
proposed,2026,189.86227838,9609,24,True,,,838.4747314453125,baseline_completion.csv
proposed,2026,189.86227838,9609,48,True,,,927.5162963867188,baseline_completion.csv
dense,1248,70.3146353337,976,24,True,,,1683.846435546875,baseline_completion.csv
dense,1248,70.3146353337,976,48,True,,,1983.1968994140625,baseline_completion.csv
dense,1248,70.3146353337,984,24,True,,,1783.6298828125,baseline_completion.csv
dense,1248,70.3146353337,984,48,True,,,2082.98046875,baseline_completion.csv
dense,1248,70.3146353337,1000,24,True,,,1983.1968994140625,baseline_completion.csv
dense,1248,70.3146353337,1000,48,True,,,2282.54736328125,baseline_completion.csv
dense,1248,70.3146353337,1016,24,True,,,2182.763916015625,baseline_completion.csv
dense,1248,70.3146353337,1016,48,True,,,2482.1142578125,baseline_completion.csv
dense,1248,70.3146353337,1024,24,True,,,2282.54736328125,baseline_completion.csv
dense,1248,70.3146353337,1024,48,True,,,2581.89794921875,baseline_completion.csv
dense,1248,70.3146353337,1040,24,True,,,2482.1142578125,baseline_completion.csv
dense,1248,70.3146353337,1040,48,True,,,2781.46484375,baseline_completion.csv
dense,1248,70.3146353337,1056,24,True,,,2681.681396484375,baseline_completion.csv
dense,1248,70.3146353337,1056,48,True,,,2981.03173828125,baseline_completion.csv
dense,1248,70.3146353337,1072,24,True,,,2881.248291015625,baseline_completion.csv
dense,1248,70.3146353337,1072,48,True,,,3180.598876953125,baseline_completion.csv
dense,1248,100.352251335,3874,24,True,,,1056.7252197265625,baseline_completion.csv
dense,1248,100.352251335,3874,48,True,,,1244.5875244140625,baseline_completion.csv
dense,1248,100.352251335,3882,24,True,,,1119.3460693359375,baseline_completion.csv
dense,1248,100.352251335,3882,48,True,,,1307.208251953125,baseline_completion.csv
dense,1248,100.352251335,3898,24,True,,,1244.5875244140625,baseline_completion.csv
dense,1248,100.352251335,3898,48,True,,,1432.4498291015625,baseline_completion.csv
dense,1248,100.352251335,3914,24,True,,,1369.8291015625,baseline_completion.csv
dense,1248,100.352251335,3914,48,True,,,1557.6912841796875,baseline_completion.csv
dense,1248,100.352251335,3922,24,True,,,1432.4498291015625,baseline_completion.csv
dense,1248,100.352251335,3922,48,True,,,1620.3121337890625,baseline_completion.csv
dense,1248,100.352251335,3938,24,True,,,1557.6912841796875,baseline_completion.csv
dense,1248,100.352251335,3938,48,True,,,1745.5535888671875,baseline_completion.csv
dense,1248,100.352251335,3954,24,True,,,1682.932861328125,baseline_completion.csv
dense,1248,100.352251335,3954,48,True,,,1870.795166015625,baseline_completion.csv
dense,1248,100.352251335,3970,24,True,,,1808.17431640625,baseline_completion.csv
dense,1248,100.352251335,3970,48,True,,,1996.03662109375,baseline_completion.csv
dense,1248,149.059229449,7258,24,True,,,639.3206176757812,baseline_completion.csv
dense,1248,149.059229449,7258,48,True,,,756.4480590820312,baseline_completion.csv
dense,1248,149.059229449,7266,24,True,,,678.3630981445312,baseline_completion.csv
dense,1248,149.059229449,7266,48,True,,,795.4905395507812,baseline_completion.csv
dense,1248,149.059229449,7282,24,True,,,756.4480590820312,baseline_completion.csv
dense,1248,149.059229449,7282,48,True,,,873.5755004882812,baseline_completion.csv
dense,1248,149.059229449,7298,24,True,,,834.5330200195312,baseline_completion.csv
dense,1248,149.059229449,7298,48,True,,,951.6604614257812,baseline_completion.csv
dense,1248,149.059229449,7306,24,True,,,873.5755004882812,baseline_completion.csv
dense,1248,149.059229449,7306,48,True,,,990.7029418945312,baseline_completion.csv
dense,1248,149.059229449,7322,24,True,,,951.6604614257812,baseline_completion.csv
dense,1248,149.059229449,7322,48,True,,,1068.787841796875,baseline_completion.csv
dense,1248,149.059229449,7338,24,True,,,1029.745361328125,baseline_completion.csv
dense,1248,149.059229449,7338,48,True,,,1146.872802734375,baseline_completion.csv
dense,1248,149.059229449,7354,24,True,,,1107.830322265625,baseline_completion.csv
dense,1248,149.059229449,7354,48,True,,,1224.957763671875,baseline_completion.csv
dense,1248,189.86227838,9513,24,True,,,482.3084716796875,baseline_completion.csv
dense,1248,189.86227838,9513,48,True,,,571.3500366210938,baseline_completion.csv
dense,1248,189.86227838,9521,24,True,,,511.9889831542969,baseline_completion.csv
dense,1248,189.86227838,9521,48,True,,,601.030517578125,baseline_completion.csv
dense,1248,189.86227838,9537,24,True,,,571.3500366210938,baseline_completion.csv
dense,1248,189.86227838,9537,48,True,,,660.3916015625,baseline_completion.csv
dense,1248,189.86227838,9553,24,True,,,630.7110595703125,baseline_completion.csv
dense,1248,189.86227838,9553,48,True,,,719.7526245117188,baseline_completion.csv
dense,1248,189.86227838,9561,24,True,,,660.3916015625,baseline_completion.csv
dense,1248,189.86227838,9561,48,True,,,749.4331665039062,baseline_completion.csv
dense,1248,189.86227838,9577,24,True,,,719.7526245117188,baseline_completion.csv
dense,1248,189.86227838,9577,48,True,,,808.794189453125,baseline_completion.csv
dense,1248,189.86227838,9593,24,True,,,779.1136474609375,baseline_completion.csv
dense,1248,189.86227838,9593,48,True,,,868.1552124023438,baseline_completion.csv
dense,1248,189.86227838,9609,24,True,,,838.4747314453125,baseline_completion.csv
dense,1248,189.86227838,9609,48,True,,,927.5162963867188,baseline_completion.csv
dense,1600,70.3146353337,976,24,True,,,1683.846435546875,baseline_completion.csv
dense,1600,70.3146353337,976,48,True,,,1983.1968994140625,baseline_completion.csv
dense,1600,70.3146353337,984,24,True,,,1783.6298828125,baseline_completion.csv
dense,1600,70.3146353337,984,48,True,,,2082.98046875,baseline_completion.csv
dense,1600,70.3146353337,1000,24,True,,,1983.1968994140625,baseline_completion.csv
dense,1600,70.3146353337,1000,48,True,,,2282.54736328125,baseline_completion.csv
dense,1600,70.3146353337,1016,24,True,,,2182.763916015625,baseline_completion.csv
dense,1600,70.3146353337,1016,48,True,,,2482.1142578125,baseline_completion.csv
dense,1600,70.3146353337,1024,24,True,,,2282.54736328125,baseline_completion.csv
dense,1600,70.3146353337,1024,48,True,,,2581.89794921875,baseline_completion.csv
dense,1600,70.3146353337,1040,24,True,,,2482.1142578125,baseline_completion.csv
dense,1600,70.3146353337,1040,48,True,,,2781.46484375,baseline_completion.csv
dense,1600,70.3146353337,1056,24,True,,,2681.681396484375,baseline_completion.csv
dense,1600,70.3146353337,1056,48,True,,,2981.03173828125,baseline_completion.csv
dense,1600,70.3146353337,1072,24,True,,,2881.248291015625,baseline_completion.csv
dense,1600,70.3146353337,1072,48,True,,,3180.598876953125,baseline_completion.csv
dense,1600,100.352251335,3874,24,True,,,1056.7252197265625,baseline_completion.csv
dense,1600,100.352251335,3874,48,True,,,1244.5875244140625,baseline_completion.csv
dense,1600,100.352251335,3882,24,True,,,1119.3460693359375,baseline_completion.csv
dense,1600,100.352251335,3882,48,True,,,1307.208251953125,baseline_completion.csv
dense,1600,100.352251335,3898,24,True,,,1244.5875244140625,baseline_completion.csv
dense,1600,100.352251335,3898,48,True,,,1432.4498291015625,baseline_completion.csv
dense,1600,100.352251335,3914,24,True,,,1369.8291015625,baseline_completion.csv
dense,1600,100.352251335,3914,48,True,,,1557.6912841796875,baseline_completion.csv
dense,1600,100.352251335,3922,24,True,,,1432.4498291015625,baseline_completion.csv
dense,1600,100.352251335,3922,48,True,,,1620.3121337890625,baseline_completion.csv
dense,1600,100.352251335,3938,24,True,,,1557.6912841796875,baseline_completion.csv
dense,1600,100.352251335,3938,48,True,,,1745.5535888671875,baseline_completion.csv
dense,1600,100.352251335,3954,24,True,,,1682.932861328125,baseline_completion.csv
dense,1600,100.352251335,3954,48,True,,,1870.795166015625,baseline_completion.csv
dense,1600,100.352251335,3970,24,True,,,1808.17431640625,baseline_completion.csv
dense,1600,100.352251335,3970,48,True,,,1996.03662109375,baseline_completion.csv
dense,1600,149.059229449,7258,24,True,,,639.3206176757812,baseline_completion.csv
dense,1600,149.059229449,7258,48,True,,,756.4480590820312,baseline_completion.csv
dense,1600,149.059229449,7266,24,True,,,678.3630981445312,baseline_completion.csv
dense,1600,149.059229449,7266,48,True,,,795.4905395507812,baseline_completion.csv
dense,1600,149.059229449,7282,24,True,,,756.4480590820312,baseline_completion.csv
dense,1600,149.059229449,7282,48,True,,,873.5755004882812,baseline_completion.csv
dense,1600,149.059229449,7298,24,True,,,834.5330200195312,baseline_completion.csv
dense,1600,149.059229449,7298,48,True,,,951.6604614257812,baseline_completion.csv
dense,1600,149.059229449,7306,24,True,,,873.5755004882812,baseline_completion.csv
dense,1600,149.059229449,7306,48,True,,,990.7029418945312,baseline_completion.csv
dense,1600,149.059229449,7322,24,True,,,951.6604614257812,baseline_completion.csv
dense,1600,149.059229449,7322,48,True,,,1068.787841796875,baseline_completion.csv
dense,1600,149.059229449,7338,24,True,,,1029.745361328125,baseline_completion.csv
dense,1600,149.059229449,7338,48,True,,,1146.872802734375,baseline_completion.csv
dense,1600,149.059229449,7354,24,True,,,1107.830322265625,baseline_completion.csv
dense,1600,149.059229449,7354,48,True,,,1224.957763671875,baseline_completion.csv
dense,1600,189.86227838,9513,24,True,,,482.3084716796875,baseline_completion.csv
dense,1600,189.86227838,9513,48,True,,,571.3500366210938,baseline_completion.csv
dense,1600,189.86227838,9521,24,True,,,511.9889831542969,baseline_completion.csv
dense,1600,189.86227838,9521,48,True,,,601.030517578125,baseline_completion.csv
dense,1600,189.86227838,9537,24,True,,,571.3500366210938,baseline_completion.csv
dense,1600,189.86227838,9537,48,True,,,660.3916015625,baseline_completion.csv
dense,1600,189.86227838,9553,24,True,,,630.7110595703125,baseline_completion.csv
dense,1600,189.86227838,9553,48,True,,,719.7526245117188,baseline_completion.csv
dense,1600,189.86227838,9561,24,True,,,660.3916015625,baseline_completion.csv
dense,1600,189.86227838,9561,48,True,,,749.4331665039062,baseline_completion.csv
dense,1600,189.86227838,9577,24,True,,,719.7526245117188,baseline_completion.csv
dense,1600,189.86227838,9577,48,True,,,808.794189453125,baseline_completion.csv
dense,1600,189.86227838,9593,24,True,,,779.1136474609375,baseline_completion.csv
dense,1600,189.86227838,9593,48,True,,,868.1552124023438,baseline_completion.csv
dense,1600,189.86227838,9609,24,True,,,838.4747314453125,baseline_completion.csv
dense,1600,189.86227838,9609,48,True,,,927.5162963867188,baseline_completion.csv
dense,2026,70.3146353337,976,24,True,,,1683.846435546875,baseline_completion.csv
dense,2026,70.3146353337,976,48,True,,,1983.1968994140625,baseline_completion.csv
dense,2026,70.3146353337,984,24,True,,,1783.6298828125,baseline_completion.csv
dense,2026,70.3146353337,984,48,True,,,2082.98046875,baseline_completion.csv
dense,2026,70.3146353337,1000,24,True,,,1983.1968994140625,baseline_completion.csv
dense,2026,70.3146353337,1000,48,True,,,2282.54736328125,baseline_completion.csv
dense,2026,70.3146353337,1016,24,True,,,2182.763916015625,baseline_completion.csv
dense,2026,70.3146353337,1016,48,True,,,2482.1142578125,baseline_completion.csv
dense,2026,70.3146353337,1024,24,True,,,2282.54736328125,baseline_completion.csv
dense,2026,70.3146353337,1024,48,True,,,2581.89794921875,baseline_completion.csv
dense,2026,70.3146353337,1040,24,True,,,2482.1142578125,baseline_completion.csv
dense,2026,70.3146353337,1040,48,True,,,2781.46484375,baseline_completion.csv
dense,2026,70.3146353337,1056,24,True,,,2681.681396484375,baseline_completion.csv
dense,2026,70.3146353337,1056,48,True,,,2981.03173828125,baseline_completion.csv
dense,2026,70.3146353337,1072,24,True,,,2881.248291015625,baseline_completion.csv
dense,2026,70.3146353337,1072,48,True,,,3180.598876953125,baseline_completion.csv
dense,2026,100.352251335,3874,24,True,,,1056.7252197265625,baseline_completion.csv
dense,2026,100.352251335,3874,48,True,,,1244.5875244140625,baseline_completion.csv
dense,2026,100.352251335,3882,24,True,,,1119.3460693359375,baseline_completion.csv
dense,2026,100.352251335,3882,48,True,,,1307.208251953125,baseline_completion.csv
dense,2026,100.352251335,3898,24,True,,,1244.5875244140625,baseline_completion.csv
dense,2026,100.352251335,3898,48,True,,,1432.4498291015625,baseline_completion.csv
dense,2026,100.352251335,3914,24,True,,,1369.8291015625,baseline_completion.csv
dense,2026,100.352251335,3914,48,True,,,1557.6912841796875,baseline_completion.csv
dense,2026,100.352251335,3922,24,True,,,1432.4498291015625,baseline_completion.csv
dense,2026,100.352251335,3922,48,True,,,1620.3121337890625,baseline_completion.csv
dense,2026,100.352251335,3938,24,True,,,1557.6912841796875,baseline_completion.csv
dense,2026,100.352251335,3938,48,True,,,1745.5535888671875,baseline_completion.csv
dense,2026,100.352251335,3954,24,True,,,1682.932861328125,baseline_completion.csv
dense,2026,100.352251335,3954,48,True,,,1870.795166015625,baseline_completion.csv
dense,2026,100.352251335,3970,24,True,,,1808.17431640625,baseline_completion.csv
dense,2026,100.352251335,3970,48,True,,,1996.03662109375,baseline_completion.csv
dense,2026,149.059229449,7258,24,True,,,639.3206176757812,baseline_completion.csv
dense,2026,149.059229449,7258,48,True,,,756.4480590820312,baseline_completion.csv
dense,2026,149.059229449,7266,24,True,,,678.3630981445312,baseline_completion.csv
dense,2026,149.059229449,7266,48,True,,,795.4905395507812,baseline_completion.csv
dense,2026,149.059229449,7282,24,True,,,756.4480590820312,baseline_completion.csv
dense,2026,149.059229449,7282,48,True,,,873.5755004882812,baseline_completion.csv
dense,2026,149.059229449,7298,24,True,,,834.5330200195312,baseline_completion.csv
dense,2026,149.059229449,7298,48,True,,,951.6604614257812,baseline_completion.csv
dense,2026,149.059229449,7306,24,True,,,873.5755004882812,baseline_completion.csv
dense,2026,149.059229449,7306,48,True,,,990.7029418945312,baseline_completion.csv
dense,2026,149.059229449,7322,24,True,,,951.6604614257812,baseline_completion.csv
dense,2026,149.059229449,7322,48,True,,,1068.787841796875,baseline_completion.csv
dense,2026,149.059229449,7338,24,True,,,1029.745361328125,baseline_completion.csv
dense,2026,149.059229449,7338,48,True,,,1146.872802734375,baseline_completion.csv
dense,2026,149.059229449,7354,24,True,,,1107.830322265625,baseline_completion.csv
dense,2026,149.059229449,7354,48,True,,,1224.957763671875,baseline_completion.csv
dense,2026,189.86227838,9513,24,True,,,482.3084716796875,baseline_completion.csv
dense,2026,189.86227838,9513,48,True,,,571.3500366210938,baseline_completion.csv
dense,2026,189.86227838,9521,24,True,,,511.9889831542969,baseline_completion.csv
dense,2026,189.86227838,9521,48,True,,,601.030517578125,baseline_completion.csv
dense,2026,189.86227838,9537,24,True,,,571.3500366210938,baseline_completion.csv
dense,2026,189.86227838,9537,48,True,,,660.3916015625,baseline_completion.csv
dense,2026,189.86227838,9553,24,True,,,630.7110595703125,baseline_completion.csv
dense,2026,189.86227838,9553,48,True,,,719.7526245117188,baseline_completion.csv
dense,2026,189.86227838,9561,24,True,,,660.3916015625,baseline_completion.csv
dense,2026,189.86227838,9561,48,True,,,749.4331665039062,baseline_completion.csv
dense,2026,189.86227838,9577,24,True,,,719.7526245117188,baseline_completion.csv
dense,2026,189.86227838,9577,48,True,,,808.794189453125,baseline_completion.csv
dense,2026,189.86227838,9593,24,True,,,779.1136474609375,baseline_completion.csv
dense,2026,189.86227838,9593,48,True,,,868.1552124023438,baseline_completion.csv
dense,2026,189.86227838,9609,24,True,,,838.4747314453125,baseline_completion.csv
dense,2026,189.86227838,9609,48,True,,,927.5162963867188,baseline_completion.csv
structured,1248,70.3146353337,976,24,True,,,1683.846435546875,baseline_completion.csv
structured,1248,70.3146353337,976,48,True,,,1983.1968994140625,baseline_completion.csv
structured,1248,70.3146353337,984,24,True,,,1783.6298828125,baseline_completion.csv
structured,1248,70.3146353337,984,48,True,,,2082.98046875,baseline_completion.csv
structured,1248,70.3146353337,1000,24,True,,,1983.1968994140625,baseline_completion.csv
structured,1248,70.3146353337,1000,48,True,,,2282.54736328125,baseline_completion.csv
structured,1248,70.3146353337,1016,24,True,,,2182.763916015625,baseline_completion.csv
structured,1248,70.3146353337,1016,48,True,,,2482.1142578125,baseline_completion.csv
structured,1248,70.3146353337,1024,24,True,,,2282.54736328125,baseline_completion.csv
structured,1248,70.3146353337,1024,48,True,,,2581.89794921875,baseline_completion.csv
structured,1248,70.3146353337,1040,24,True,,,2482.1142578125,baseline_completion.csv
structured,1248,70.3146353337,1040,48,True,,,2781.46484375,baseline_completion.csv
structured,1248,70.3146353337,1056,24,True,,,2681.681396484375,baseline_completion.csv
structured,1248,70.3146353337,1056,48,True,,,2981.03173828125,baseline_completion.csv
structured,1248,70.3146353337,1072,24,True,,,2881.248291015625,baseline_completion.csv
structured,1248,70.3146353337,1072,48,True,,,3180.598876953125,baseline_completion.csv
structured,1248,100.352251335,3874,24,True,,,1056.7252197265625,baseline_completion.csv
structured,1248,100.352251335,3874,48,True,,,1244.5875244140625,baseline_completion.csv
structured,1248,100.352251335,3882,24,True,,,1119.3460693359375,baseline_completion.csv
structured,1248,100.352251335,3882,48,True,,,1307.208251953125,baseline_completion.csv
structured,1248,100.352251335,3898,24,True,,,1244.5875244140625,baseline_completion.csv
structured,1248,100.352251335,3898,48,True,,,1432.4498291015625,baseline_completion.csv
structured,1248,100.352251335,3914,24,True,,,1369.8291015625,baseline_completion.csv
structured,1248,100.352251335,3914,48,True,,,1557.6912841796875,baseline_completion.csv
structured,1248,100.352251335,3922,24,True,,,1432.4498291015625,baseline_completion.csv
structured,1248,100.352251335,3922,48,True,,,1620.3121337890625,baseline_completion.csv
structured,1248,100.352251335,3938,24,True,,,1557.6912841796875,baseline_completion.csv
structured,1248,100.352251335,3938,48,True,,,1745.5535888671875,baseline_completion.csv
structured,1248,100.352251335,3954,24,True,,,1682.932861328125,baseline_completion.csv
structured,1248,100.352251335,3954,48,True,,,1870.795166015625,baseline_completion.csv
structured,1248,100.352251335,3970,24,True,,,1808.17431640625,baseline_completion.csv
structured,1248,100.352251335,3970,48,True,,,1996.03662109375,baseline_completion.csv
structured,1248,149.059229449,7258,24,True,,,639.3206176757812,baseline_completion.csv
structured,1248,149.059229449,7258,48,True,,,756.4480590820312,baseline_completion.csv
structured,1248,149.059229449,7266,24,True,,,678.3630981445312,baseline_completion.csv
structured,1248,149.059229449,7266,48,True,,,795.4905395507812,baseline_completion.csv
structured,1248,149.059229449,7282,24,True,,,756.4480590820312,baseline_completion.csv
structured,1248,149.059229449,7282,48,True,,,873.5755004882812,baseline_completion.csv
structured,1248,149.059229449,7298,24,True,,,834.5330200195312,baseline_completion.csv
structured,1248,149.059229449,7298,48,True,,,951.6604614257812,baseline_completion.csv
structured,1248,149.059229449,7306,24,True,,,873.5755004882812,baseline_completion.csv
structured,1248,149.059229449,7306,48,True,,,990.7029418945312,baseline_completion.csv
structured,1248,149.059229449,7322,24,True,,,951.6604614257812,baseline_completion.csv
structured,1248,149.059229449,7322,48,True,,,1068.787841796875,baseline_completion.csv
structured,1248,149.059229449,7338,24,True,,,1029.745361328125,baseline_completion.csv
structured,1248,149.059229449,7338,48,True,,,1146.872802734375,baseline_completion.csv
structured,1248,149.059229449,7354,24,True,,,1107.830322265625,baseline_completion.csv
structured,1248,149.059229449,7354,48,True,,,1224.957763671875,baseline_completion.csv
structured,1248,189.86227838,9513,24,True,,,482.3084716796875,baseline_completion.csv
structured,1248,189.86227838,9513,48,True,,,571.3500366210938,baseline_completion.csv
structured,1248,189.86227838,9521,24,True,,,511.9889831542969,baseline_completion.csv
structured,1248,189.86227838,9521,48,True,,,601.030517578125,baseline_completion.csv
structured,1248,189.86227838,9537,24,True,,,571.3500366210938,baseline_completion.csv
structured,1248,189.86227838,9537,48,True,,,660.3916015625,baseline_completion.csv
structured,1248,189.86227838,9553,24,True,,,630.7110595703125,baseline_completion.csv
structured,1248,189.86227838,9553,48,True,,,719.7526245117188,baseline_completion.csv
structured,1248,189.86227838,9561,24,True,,,660.3916015625,baseline_completion.csv
structured,1248,189.86227838,9561,48,True,,,749.4331665039062,baseline_completion.csv
structured,1248,189.86227838,9577,24,True,,,719.7526245117188,baseline_completion.csv
structured,1248,189.86227838,9577,48,True,,,808.794189453125,baseline_completion.csv
structured,1248,189.86227838,9593,24,True,,,779.1136474609375,baseline_completion.csv
structured,1248,189.86227838,9593,48,True,,,868.1552124023438,baseline_completion.csv
structured,1248,189.86227838,9609,24,True,,,838.4747314453125,baseline_completion.csv
structured,1248,189.86227838,9609,48,True,,,927.5162963867188,baseline_completion.csv
structured,1600,70.3146353337,976,24,True,,,1683.846435546875,baseline_completion.csv
structured,1600,70.3146353337,976,48,True,,,1983.1968994140625,baseline_completion.csv
structured,1600,70.3146353337,984,24,True,,,1783.6298828125,baseline_completion.csv
structured,1600,70.3146353337,984,48,True,,,2082.98046875,baseline_completion.csv
structured,1600,70.3146353337,1000,24,True,,,1983.1968994140625,baseline_completion.csv
structured,1600,70.3146353337,1000,48,True,,,2282.54736328125,baseline_completion.csv
structured,1600,70.3146353337,1016,24,True,,,2182.763916015625,baseline_completion.csv
structured,1600,70.3146353337,1016,48,True,,,2482.1142578125,baseline_completion.csv
structured,1600,70.3146353337,1024,24,True,,,2282.54736328125,baseline_completion.csv
structured,1600,70.3146353337,1024,48,True,,,2581.89794921875,baseline_completion.csv
structured,1600,70.3146353337,1040,24,True,,,2482.1142578125,baseline_completion.csv
structured,1600,70.3146353337,1040,48,True,,,2781.46484375,baseline_completion.csv
structured,1600,70.3146353337,1056,24,True,,,2681.681396484375,baseline_completion.csv
structured,1600,70.3146353337,1056,48,True,,,2981.03173828125,baseline_completion.csv
structured,1600,70.3146353337,1072,24,True,,,2881.248291015625,baseline_completion.csv
structured,1600,70.3146353337,1072,48,True,,,3180.598876953125,baseline_completion.csv
structured,1600,100.352251335,3874,24,True,,,1056.7252197265625,baseline_completion.csv
structured,1600,100.352251335,3874,48,True,,,1244.5875244140625,baseline_completion.csv
structured,1600,100.352251335,3882,24,True,,,1119.3460693359375,baseline_completion.csv
structured,1600,100.352251335,3882,48,True,,,1307.208251953125,baseline_completion.csv
structured,1600,100.352251335,3898,24,True,,,1244.5875244140625,baseline_completion.csv
structured,1600,100.352251335,3898,48,True,,,1432.4498291015625,baseline_completion.csv
structured,1600,100.352251335,3914,24,True,,,1369.8291015625,baseline_completion.csv
structured,1600,100.352251335,3914,48,True,,,1557.6912841796875,baseline_completion.csv
structured,1600,100.352251335,3922,24,True,,,1432.4498291015625,baseline_completion.csv
structured,1600,100.352251335,3922,48,True,,,1620.3121337890625,baseline_completion.csv
structured,1600,100.352251335,3938,24,True,,,1557.6912841796875,baseline_completion.csv
structured,1600,100.352251335,3938,48,True,,,1745.5535888671875,baseline_completion.csv
structured,1600,100.352251335,3954,24,True,,,1682.932861328125,baseline_completion.csv
structured,1600,100.352251335,3954,48,True,,,1870.795166015625,baseline_completion.csv
structured,1600,100.352251335,3970,24,True,,,1808.17431640625,baseline_completion.csv
structured,1600,100.352251335,3970,48,True,,,1996.03662109375,baseline_completion.csv
structured,1600,149.059229449,7258,24,True,,,639.3206176757812,baseline_completion.csv
structured,1600,149.059229449,7258,48,True,,,756.4480590820312,baseline_completion.csv
structured,1600,149.059229449,7266,24,True,,,678.3630981445312,baseline_completion.csv
structured,1600,149.059229449,7266,48,True,,,795.4905395507812,baseline_completion.csv
structured,1600,149.059229449,7282,24,True,,,756.4480590820312,baseline_completion.csv
structured,1600,149.059229449,7282,48,True,,,873.5755004882812,baseline_completion.csv
structured,1600,149.059229449,7298,24,True,,,834.5330200195312,baseline_completion.csv
structured,1600,149.059229449,7298,48,True,,,951.6604614257812,baseline_completion.csv
structured,1600,149.059229449,7306,24,True,,,873.5755004882812,baseline_completion.csv
structured,1600,149.059229449,7306,48,True,,,990.7029418945312,baseline_completion.csv
structured,1600,149.059229449,7322,24,True,,,951.6604614257812,baseline_completion.csv
structured,1600,149.059229449,7322,48,True,,,1068.787841796875,baseline_completion.csv
structured,1600,149.059229449,7338,24,True,,,1029.745361328125,baseline_completion.csv
structured,1600,149.059229449,7338,48,True,,,1146.872802734375,baseline_completion.csv
structured,1600,149.059229449,7354,24,True,,,1107.830322265625,baseline_completion.csv
structured,1600,149.059229449,7354,48,True,,,1224.957763671875,baseline_completion.csv
structured,1600,189.86227838,9513,24,True,,,482.3084716796875,baseline_completion.csv
structured,1600,189.86227838,9513,48,True,,,571.3500366210938,baseline_completion.csv
structured,1600,189.86227838,9521,24,True,,,511.9889831542969,baseline_completion.csv
structured,1600,189.86227838,9521,48,True,,,601.030517578125,baseline_completion.csv
structured,1600,189.86227838,9537,24,True,,,571.3500366210938,baseline_completion.csv
structured,1600,189.86227838,9537,48,True,,,660.3916015625,baseline_completion.csv
structured,1600,189.86227838,9553,24,True,,,630.7110595703125,baseline_completion.csv
structured,1600,189.86227838,9553,48,True,,,719.7526245117188,baseline_completion.csv
structured,1600,189.86227838,9561,24,True,,,660.3916015625,baseline_completion.csv
structured,1600,189.86227838,9561,48,True,,,749.4331665039062,baseline_completion.csv
structured,1600,189.86227838,9577,24,True,,,719.7526245117188,baseline_completion.csv
structured,1600,189.86227838,9577,48,True,,,808.794189453125,baseline_completion.csv
structured,1600,189.86227838,9593,24,True,,,779.1136474609375,baseline_completion.csv
structured,1600,189.86227838,9593,48,True,,,868.1552124023438,baseline_completion.csv
structured,1600,189.86227838,9609,24,True,,,838.4747314453125,baseline_completion.csv
structured,1600,189.86227838,9609,48,True,,,927.5162963867188,baseline_completion.csv
structured,2026,70.3146353337,976,24,True,,,1683.846435546875,baseline_completion.csv
structured,2026,70.3146353337,976,48,True,,,1983.1968994140625,baseline_completion.csv
structured,2026,70.3146353337,984,24,True,,,1783.6298828125,baseline_completion.csv
structured,2026,70.3146353337,984,48,True,,,2082.98046875,baseline_completion.csv
structured,2026,70.3146353337,1000,24,True,,,1983.1968994140625,baseline_completion.csv
structured,2026,70.3146353337,1000,48,True,,,2282.54736328125,baseline_completion.csv
structured,2026,70.3146353337,1016,24,True,,,2182.763916015625,baseline_completion.csv
structured,2026,70.3146353337,1016,48,True,,,2482.1142578125,baseline_completion.csv
structured,2026,70.3146353337,1024,24,True,,,2282.54736328125,baseline_completion.csv
structured,2026,70.3146353337,1024,48,True,,,2581.89794921875,baseline_completion.csv
structured,2026,70.3146353337,1040,24,True,,,2482.1142578125,baseline_completion.csv
structured,2026,70.3146353337,1040,48,True,,,2781.46484375,baseline_completion.csv
structured,2026,70.3146353337,1056,24,True,,,2681.681396484375,baseline_completion.csv
structured,2026,70.3146353337,1056,48,True,,,2981.03173828125,baseline_completion.csv
structured,2026,70.3146353337,1072,24,True,,,2881.248291015625,baseline_completion.csv
structured,2026,70.3146353337,1072,48,True,,,3180.598876953125,baseline_completion.csv
structured,2026,100.352251335,3874,24,True,,,1056.7252197265625,baseline_completion.csv
structured,2026,100.352251335,3874,48,True,,,1244.5875244140625,baseline_completion.csv
structured,2026,100.352251335,3882,24,True,,,1119.3460693359375,baseline_completion.csv
structured,2026,100.352251335,3882,48,True,,,1307.208251953125,baseline_completion.csv
structured,2026,100.352251335,3898,24,True,,,1244.5875244140625,baseline_completion.csv
structured,2026,100.352251335,3898,48,True,,,1432.4498291015625,baseline_completion.csv
structured,2026,100.352251335,3914,24,True,,,1369.8291015625,baseline_completion.csv
structured,2026,100.352251335,3914,48,True,,,1557.6912841796875,baseline_completion.csv
structured,2026,100.352251335,3922,24,True,,,1432.4498291015625,baseline_completion.csv
structured,2026,100.352251335,3922,48,True,,,1620.3121337890625,baseline_completion.csv
structured,2026,100.352251335,3938,24,True,,,1557.6912841796875,baseline_completion.csv
structured,2026,100.352251335,3938,48,True,,,1745.5535888671875,baseline_completion.csv
structured,2026,100.352251335,3954,24,True,,,1682.932861328125,baseline_completion.csv
structured,2026,100.352251335,3954,48,True,,,1870.795166015625,baseline_completion.csv
structured,2026,100.352251335,3970,24,True,,,1808.17431640625,baseline_completion.csv
structured,2026,100.352251335,3970,48,True,,,1996.03662109375,baseline_completion.csv
structured,2026,149.059229449,7258,24,True,,,639.3206176757812,baseline_completion.csv
structured,2026,149.059229449,7258,48,True,,,756.4480590820312,baseline_completion.csv
structured,2026,149.059229449,7266,24,True,,,678.3630981445312,baseline_completion.csv
structured,2026,149.059229449,7266,48,True,,,795.4905395507812,baseline_completion.csv
structured,2026,149.059229449,7282,24,True,,,756.4480590820312,baseline_completion.csv
structured,2026,149.059229449,7282,48,True,,,873.5755004882812,baseline_completion.csv
structured,2026,149.059229449,7298,24,True,,,834.5330200195312,baseline_completion.csv
structured,2026,149.059229449,7298,48,True,,,951.6604614257812,baseline_completion.csv
structured,2026,149.059229449,7306,24,True,,,873.5755004882812,baseline_completion.csv
structured,2026,149.059229449,7306,48,True,,,990.7029418945312,baseline_completion.csv
structured,2026,149.059229449,7322,24,True,,,951.6604614257812,baseline_completion.csv
structured,2026,149.059229449,7322,48,True,,,1068.787841796875,baseline_completion.csv
structured,2026,149.059229449,7338,24,True,,,1029.745361328125,baseline_completion.csv
structured,2026,149.059229449,7338,48,True,,,1146.872802734375,baseline_completion.csv
structured,2026,149.059229449,7354,24,True,,,1107.830322265625,baseline_completion.csv
structured,2026,149.059229449,7354,48,True,,,1224.957763671875,baseline_completion.csv
structured,2026,189.86227838,9513,24,True,,,482.3084716796875,baseline_completion.csv
structured,2026,189.86227838,9513,48,True,,,571.3500366210938,baseline_completion.csv
structured,2026,189.86227838,9521,24,True,,,511.9889831542969,baseline_completion.csv
structured,2026,189.86227838,9521,48,True,,,601.030517578125,baseline_completion.csv
structured,2026,189.86227838,9537,24,True,,,571.3500366210938,baseline_completion.csv
structured,2026,189.86227838,9537,48,True,,,660.3916015625,baseline_completion.csv
structured,2026,189.86227838,9553,24,True,,,630.7110595703125,baseline_completion.csv
structured,2026,189.86227838,9553,48,True,,,719.7526245117188,baseline_completion.csv
structured,2026,189.86227838,9561,24,True,,,660.3916015625,baseline_completion.csv
structured,2026,189.86227838,9561,48,True,,,749.4331665039062,baseline_completion.csv
structured,2026,189.86227838,9577,24,True,,,719.7526245117188,baseline_completion.csv
structured,2026,189.86227838,9577,48,True,,,808.794189453125,baseline_completion.csv
structured,2026,189.86227838,9593,24,True,,,779.1136474609375,baseline_completion.csv
structured,2026,189.86227838,9593,48,True,,,868.1552124023438,baseline_completion.csv
structured,2026,189.86227838,9609,24,True,,,838.4747314453125,baseline_completion.csv
structured,2026,189.86227838,9609,48,True,,,927.5162963867188,baseline_completion.csv
OpInf,deterministic,70.3146353337,976,24,True,,,1683.846435546875,baseline_completion.csv
OpInf,deterministic,70.3146353337,976,48,True,,,1983.1968994140625,baseline_completion.csv
OpInf,deterministic,70.3146353337,984,24,True,,,1783.6298828125,baseline_completion.csv
OpInf,deterministic,70.3146353337,984,48,True,,,2082.98046875,baseline_completion.csv
OpInf,deterministic,70.3146353337,1000,24,True,,,1983.1968994140625,baseline_completion.csv
OpInf,deterministic,70.3146353337,1000,48,True,,,2282.54736328125,baseline_completion.csv
OpInf,deterministic,70.3146353337,1016,24,True,,,2182.763916015625,baseline_completion.csv
OpInf,deterministic,70.3146353337,1016,48,True,,,2482.1142578125,baseline_completion.csv
OpInf,deterministic,70.3146353337,1024,24,True,,,2282.54736328125,baseline_completion.csv
OpInf,deterministic,70.3146353337,1024,48,True,,,2581.89794921875,baseline_completion.csv
OpInf,deterministic,70.3146353337,1040,24,True,,,2482.1142578125,baseline_completion.csv
OpInf,deterministic,70.3146353337,1040,48,True,,,2781.46484375,baseline_completion.csv
OpInf,deterministic,70.3146353337,1056,24,True,,,2681.681396484375,baseline_completion.csv
OpInf,deterministic,70.3146353337,1056,48,True,,,2981.03173828125,baseline_completion.csv
OpInf,deterministic,70.3146353337,1072,24,True,,,2881.248291015625,baseline_completion.csv
OpInf,deterministic,70.3146353337,1072,48,True,,,3180.598876953125,baseline_completion.csv
OpInf,deterministic,100.352251335,3874,24,True,,,1056.7252197265625,baseline_completion.csv
OpInf,deterministic,100.352251335,3874,48,True,,,1244.5875244140625,baseline_completion.csv
OpInf,deterministic,100.352251335,3882,24,True,,,1119.3460693359375,baseline_completion.csv
OpInf,deterministic,100.352251335,3882,48,True,,,1307.208251953125,baseline_completion.csv
OpInf,deterministic,100.352251335,3898,24,True,,,1244.5875244140625,baseline_completion.csv
OpInf,deterministic,100.352251335,3898,48,True,,,1432.4498291015625,baseline_completion.csv
OpInf,deterministic,100.352251335,3914,24,True,,,1369.8291015625,baseline_completion.csv
OpInf,deterministic,100.352251335,3914,48,True,,,1557.6912841796875,baseline_completion.csv
OpInf,deterministic,100.352251335,3922,24,True,,,1432.4498291015625,baseline_completion.csv
OpInf,deterministic,100.352251335,3922,48,True,,,1620.3121337890625,baseline_completion.csv
OpInf,deterministic,100.352251335,3938,24,True,,,1557.6912841796875,baseline_completion.csv
OpInf,deterministic,100.352251335,3938,48,True,,,1745.5535888671875,baseline_completion.csv
OpInf,deterministic,100.352251335,3954,24,True,,,1682.932861328125,baseline_completion.csv
OpInf,deterministic,100.352251335,3954,48,True,,,1870.795166015625,baseline_completion.csv
OpInf,deterministic,100.352251335,3970,24,True,,,1808.17431640625,baseline_completion.csv
OpInf,deterministic,100.352251335,3970,48,True,,,1996.03662109375,baseline_completion.csv
OpInf,deterministic,149.059229449,7258,24,True,,,639.3206176757812,baseline_completion.csv
OpInf,deterministic,149.059229449,7258,48,True,,,756.4480590820312,baseline_completion.csv
OpInf,deterministic,149.059229449,7266,24,True,,,678.3630981445312,baseline_completion.csv
OpInf,deterministic,149.059229449,7266,48,True,,,795.4905395507812,baseline_completion.csv
OpInf,deterministic,149.059229449,7282,24,True,,,756.4480590820312,baseline_completion.csv
OpInf,deterministic,149.059229449,7282,48,True,,,873.5755004882812,baseline_completion.csv
OpInf,deterministic,149.059229449,7298,24,True,,,834.5330200195312,baseline_completion.csv
OpInf,deterministic,149.059229449,7298,48,True,,,951.6604614257812,baseline_completion.csv
OpInf,deterministic,149.059229449,7306,24,True,,,873.5755004882812,baseline_completion.csv
OpInf,deterministic,149.059229449,7306,48,True,,,990.7029418945312,baseline_completion.csv
OpInf,deterministic,149.059229449,7322,24,True,,,951.6604614257812,baseline_completion.csv
OpInf,deterministic,149.059229449,7322,48,True,,,1068.787841796875,baseline_completion.csv
OpInf,deterministic,149.059229449,7338,24,True,,,1029.745361328125,baseline_completion.csv
OpInf,deterministic,149.059229449,7338,48,True,,,1146.872802734375,baseline_completion.csv
OpInf,deterministic,149.059229449,7354,24,True,,,1107.830322265625,baseline_completion.csv
OpInf,deterministic,149.059229449,7354,48,True,,,1224.957763671875,baseline_completion.csv
OpInf,deterministic,189.86227838,9513,24,True,,,482.3084716796875,baseline_completion.csv
OpInf,deterministic,189.86227838,9513,48,True,,,571.3500366210938,baseline_completion.csv
OpInf,deterministic,189.86227838,9521,24,True,,,511.9889831542969,baseline_completion.csv
OpInf,deterministic,189.86227838,9521,48,True,,,601.030517578125,baseline_completion.csv
OpInf,deterministic,189.86227838,9537,24,True,,,571.3500366210938,baseline_completion.csv
OpInf,deterministic,189.86227838,9537,48,True,,,660.3916015625,baseline_completion.csv
OpInf,deterministic,189.86227838,9553,24,True,,,630.7110595703125,baseline_completion.csv
OpInf,deterministic,189.86227838,9553,48,True,,,719.7526245117188,baseline_completion.csv
OpInf,deterministic,189.86227838,9561,24,True,,,660.3916015625,baseline_completion.csv
OpInf,deterministic,189.86227838,9561,48,True,,,749.4331665039062,baseline_completion.csv
OpInf,deterministic,189.86227838,9577,24,True,,,719.7526245117188,baseline_completion.csv
OpInf,deterministic,189.86227838,9577,48,True,,,808.794189453125,baseline_completion.csv
OpInf,deterministic,189.86227838,9593,24,True,,,779.1136474609375,baseline_completion.csv
OpInf,deterministic,189.86227838,9593,48,True,,,868.1552124023438,baseline_completion.csv
OpInf,deterministic,189.86227838,9609,24,True,,,838.4747314453125,baseline_completion.csv
OpInf,deterministic,189.86227838,9609,48,True,,,927.5162963867188,baseline_completion.csv
ql-ROM-style within a fixed POD space,1248,100.352251335,3874,24,True,,-1,1056.7252197265625,completion.csv
ql-ROM-style within a fixed POD space,1248,100.352251335,3874,48,True,,-1,1244.5875244140625,completion.csv
ql-ROM-style within a fixed POD space,1248,100.352251335,3882,24,True,,-1,1119.3460693359375,completion.csv
ql-ROM-style within a fixed POD space,1248,100.352251335,3882,48,True,,-1,1307.208251953125,completion.csv
ql-ROM-style within a fixed POD space,1248,100.352251335,3898,24,True,,-1,1244.5875244140625,completion.csv
ql-ROM-style within a fixed POD space,1248,100.352251335,3898,48,True,,-1,1432.4498291015625,completion.csv
ql-ROM-style within a fixed POD space,1248,100.352251335,3914,24,True,,-1,1369.8291015625,completion.csv
ql-ROM-style within a fixed POD space,1248,100.352251335,3914,48,True,,-1,1557.6912841796875,completion.csv
ql-ROM-style within a fixed POD space,1248,100.352251335,3922,24,True,,-1,1432.4498291015625,completion.csv
ql-ROM-style within a fixed POD space,1248,100.352251335,3922,48,True,,-1,1620.3121337890625,completion.csv
ql-ROM-style within a fixed POD space,1248,100.352251335,3938,24,True,,-1,1557.6912841796875,completion.csv
ql-ROM-style within a fixed POD space,1248,100.352251335,3938,48,True,,-1,1745.5535888671875,completion.csv
ql-ROM-style within a fixed POD space,1248,100.352251335,3954,24,True,,-1,1682.932861328125,completion.csv
ql-ROM-style within a fixed POD space,1248,100.352251335,3954,48,True,,-1,1870.795166015625,completion.csv
ql-ROM-style within a fixed POD space,1248,100.352251335,3970,24,True,,-1,1808.17431640625,completion.csv
ql-ROM-style within a fixed POD space,1248,100.352251335,3970,48,True,,-1,1996.03662109375,completion.csv
ql-ROM-style within a fixed POD space,1248,149.059229449,7258,24,True,,-1,639.3206176757812,completion.csv
ql-ROM-style within a fixed POD space,1248,149.059229449,7258,48,True,,-1,756.4480590820312,completion.csv
ql-ROM-style within a fixed POD space,1248,149.059229449,7266,24,True,,-1,678.3630981445312,completion.csv
ql-ROM-style within a fixed POD space,1248,149.059229449,7266,48,True,,-1,795.4905395507812,completion.csv
ql-ROM-style within a fixed POD space,1248,149.059229449,7282,24,True,,-1,756.4480590820312,completion.csv
ql-ROM-style within a fixed POD space,1248,149.059229449,7282,48,True,,-1,873.5755004882812,completion.csv
ql-ROM-style within a fixed POD space,1248,149.059229449,7298,24,True,,-1,834.5330200195312,completion.csv
ql-ROM-style within a fixed POD space,1248,149.059229449,7298,48,True,,-1,951.6604614257812,completion.csv
ql-ROM-style within a fixed POD space,1248,149.059229449,7306,24,True,,-1,873.5755004882812,completion.csv
ql-ROM-style within a fixed POD space,1248,149.059229449,7306,48,True,,-1,990.7029418945312,completion.csv
ql-ROM-style within a fixed POD space,1248,149.059229449,7322,24,True,,-1,951.6604614257812,completion.csv
ql-ROM-style within a fixed POD space,1248,149.059229449,7322,48,True,,-1,1068.787841796875,completion.csv
ql-ROM-style within a fixed POD space,1248,149.059229449,7338,24,True,,-1,1029.745361328125,completion.csv
ql-ROM-style within a fixed POD space,1248,149.059229449,7338,48,True,,-1,1146.872802734375,completion.csv
ql-ROM-style within a fixed POD space,1248,149.059229449,7354,24,True,,-1,1107.830322265625,completion.csv
ql-ROM-style within a fixed POD space,1248,149.059229449,7354,48,True,,-1,1224.957763671875,completion.csv
ql-ROM-style within a fixed POD space,1248,189.86227838,9513,24,True,,-1,482.3084716796875,completion.csv
ql-ROM-style within a fixed POD space,1248,189.86227838,9513,48,True,,-1,571.3500366210938,completion.csv
ql-ROM-style within a fixed POD space,1248,189.86227838,9521,24,True,,-1,511.9889831542969,completion.csv
ql-ROM-style within a fixed POD space,1248,189.86227838,9521,48,True,,-1,601.030517578125,completion.csv
ql-ROM-style within a fixed POD space,1248,189.86227838,9537,24,True,,-1,571.3500366210938,completion.csv
ql-ROM-style within a fixed POD space,1248,189.86227838,9537,48,True,,-1,660.3916015625,completion.csv
ql-ROM-style within a fixed POD space,1248,189.86227838,9553,24,True,,-1,630.7110595703125,completion.csv
ql-ROM-style within a fixed POD space,1248,189.86227838,9553,48,True,,-1,719.7526245117188,completion.csv
ql-ROM-style within a fixed POD space,1248,189.86227838,9561,24,True,,-1,660.3916015625,completion.csv
ql-ROM-style within a fixed POD space,1248,189.86227838,9561,48,True,,-1,749.4331665039062,completion.csv
ql-ROM-style within a fixed POD space,1248,189.86227838,9577,24,True,,-1,719.7526245117188,completion.csv
ql-ROM-style within a fixed POD space,1248,189.86227838,9577,48,True,,-1,808.794189453125,completion.csv
ql-ROM-style within a fixed POD space,1248,189.86227838,9593,24,True,,-1,779.1136474609375,completion.csv
ql-ROM-style within a fixed POD space,1248,189.86227838,9593,48,True,,-1,868.1552124023438,completion.csv
ql-ROM-style within a fixed POD space,1248,189.86227838,9609,24,True,,-1,838.4747314453125,completion.csv
ql-ROM-style within a fixed POD space,1248,189.86227838,9609,48,True,,-1,927.5162963867188,completion.csv
ql-ROM-style within a fixed POD space,1248,70.3146353337,976,24,True,,-1,1683.846435546875,completion.csv
ql-ROM-style within a fixed POD space,1248,70.3146353337,976,48,True,,-1,1983.1968994140625,completion.csv
ql-ROM-style within a fixed POD space,1248,70.3146353337,984,24,True,,-1,1783.6298828125,completion.csv
ql-ROM-style within a fixed POD space,1248,70.3146353337,984,48,True,,-1,2082.98046875,completion.csv
ql-ROM-style within a fixed POD space,1248,70.3146353337,1000,24,True,,-1,1983.1968994140625,completion.csv
ql-ROM-style within a fixed POD space,1248,70.3146353337,1000,48,True,,-1,2282.54736328125,completion.csv
ql-ROM-style within a fixed POD space,1248,70.3146353337,1016,24,True,,-1,2182.763916015625,completion.csv
ql-ROM-style within a fixed POD space,1248,70.3146353337,1016,48,True,,-1,2482.1142578125,completion.csv
ql-ROM-style within a fixed POD space,1248,70.3146353337,1024,24,True,,-1,2282.54736328125,completion.csv
ql-ROM-style within a fixed POD space,1248,70.3146353337,1024,48,True,,-1,2581.89794921875,completion.csv
ql-ROM-style within a fixed POD space,1248,70.3146353337,1040,24,True,,-1,2482.1142578125,completion.csv
ql-ROM-style within a fixed POD space,1248,70.3146353337,1040,48,True,,-1,2781.46484375,completion.csv
ql-ROM-style within a fixed POD space,1248,70.3146353337,1056,24,True,,-1,2681.681396484375,completion.csv
ql-ROM-style within a fixed POD space,1248,70.3146353337,1056,48,True,,-1,2981.03173828125,completion.csv
ql-ROM-style within a fixed POD space,1248,70.3146353337,1072,24,True,,-1,2881.248291015625,completion.csv
ql-ROM-style within a fixed POD space,1248,70.3146353337,1072,48,True,,-1,3180.598876953125,completion.csv
ql-ROM-style within a fixed POD space,1600,100.352251335,3874,24,True,,-1,1056.7252197265625,completion.csv
ql-ROM-style within a fixed POD space,1600,100.352251335,3874,48,True,,-1,1244.5875244140625,completion.csv
ql-ROM-style within a fixed POD space,1600,100.352251335,3882,24,True,,-1,1119.3460693359375,completion.csv
ql-ROM-style within a fixed POD space,1600,100.352251335,3882,48,True,,-1,1307.208251953125,completion.csv
ql-ROM-style within a fixed POD space,1600,100.352251335,3898,24,True,,-1,1244.5875244140625,completion.csv
ql-ROM-style within a fixed POD space,1600,100.352251335,3898,48,True,,-1,1432.4498291015625,completion.csv
ql-ROM-style within a fixed POD space,1600,100.352251335,3914,24,True,,-1,1369.8291015625,completion.csv
ql-ROM-style within a fixed POD space,1600,100.352251335,3914,48,True,,-1,1557.6912841796875,completion.csv
ql-ROM-style within a fixed POD space,1600,100.352251335,3922,24,True,,-1,1432.4498291015625,completion.csv
ql-ROM-style within a fixed POD space,1600,100.352251335,3922,48,True,,-1,1620.3121337890625,completion.csv
ql-ROM-style within a fixed POD space,1600,100.352251335,3938,24,True,,-1,1557.6912841796875,completion.csv
ql-ROM-style within a fixed POD space,1600,100.352251335,3938,48,True,,-1,1745.5535888671875,completion.csv
ql-ROM-style within a fixed POD space,1600,100.352251335,3954,24,True,,-1,1682.932861328125,completion.csv
ql-ROM-style within a fixed POD space,1600,100.352251335,3954,48,True,,-1,1870.795166015625,completion.csv
ql-ROM-style within a fixed POD space,1600,100.352251335,3970,24,True,,-1,1808.17431640625,completion.csv
ql-ROM-style within a fixed POD space,1600,100.352251335,3970,48,True,,-1,1996.03662109375,completion.csv
ql-ROM-style within a fixed POD space,1600,149.059229449,7258,24,True,,-1,639.3206176757812,completion.csv
ql-ROM-style within a fixed POD space,1600,149.059229449,7258,48,True,,-1,756.4480590820312,completion.csv
ql-ROM-style within a fixed POD space,1600,149.059229449,7266,24,True,,-1,678.3630981445312,completion.csv
ql-ROM-style within a fixed POD space,1600,149.059229449,7266,48,True,,-1,795.4905395507812,completion.csv
ql-ROM-style within a fixed POD space,1600,149.059229449,7282,24,True,,-1,756.4480590820312,completion.csv
ql-ROM-style within a fixed POD space,1600,149.059229449,7282,48,True,,-1,873.5755004882812,completion.csv
ql-ROM-style within a fixed POD space,1600,149.059229449,7298,24,True,,-1,834.5330200195312,completion.csv
ql-ROM-style within a fixed POD space,1600,149.059229449,7298,48,True,,-1,951.6604614257812,completion.csv
ql-ROM-style within a fixed POD space,1600,149.059229449,7306,24,True,,-1,873.5755004882812,completion.csv
ql-ROM-style within a fixed POD space,1600,149.059229449,7306,48,True,,-1,990.7029418945312,completion.csv
ql-ROM-style within a fixed POD space,1600,149.059229449,7322,24,True,,-1,951.6604614257812,completion.csv
ql-ROM-style within a fixed POD space,1600,149.059229449,7322,48,True,,-1,1068.787841796875,completion.csv
ql-ROM-style within a fixed POD space,1600,149.059229449,7338,24,True,,-1,1029.745361328125,completion.csv
ql-ROM-style within a fixed POD space,1600,149.059229449,7338,48,True,,-1,1146.872802734375,completion.csv
ql-ROM-style within a fixed POD space,1600,149.059229449,7354,24,True,,-1,1107.830322265625,completion.csv
ql-ROM-style within a fixed POD space,1600,149.059229449,7354,48,True,,-1,1224.957763671875,completion.csv
ql-ROM-style within a fixed POD space,1600,189.86227838,9513,24,True,,-1,482.3084716796875,completion.csv
ql-ROM-style within a fixed POD space,1600,189.86227838,9513,48,True,,-1,571.3500366210938,completion.csv
ql-ROM-style within a fixed POD space,1600,189.86227838,9521,24,True,,-1,511.9889831542969,completion.csv
ql-ROM-style within a fixed POD space,1600,189.86227838,9521,48,True,,-1,601.030517578125,completion.csv
ql-ROM-style within a fixed POD space,1600,189.86227838,9537,24,True,,-1,571.3500366210938,completion.csv
ql-ROM-style within a fixed POD space,1600,189.86227838,9537,48,True,,-1,660.3916015625,completion.csv
ql-ROM-style within a fixed POD space,1600,189.86227838,9553,24,True,,-1,630.7110595703125,completion.csv
ql-ROM-style within a fixed POD space,1600,189.86227838,9553,48,True,,-1,719.7526245117188,completion.csv
ql-ROM-style within a fixed POD space,1600,189.86227838,9561,24,True,,-1,660.3916015625,completion.csv
ql-ROM-style within a fixed POD space,1600,189.86227838,9561,48,True,,-1,749.4331665039062,completion.csv
ql-ROM-style within a fixed POD space,1600,189.86227838,9577,24,True,,-1,719.7526245117188,completion.csv
ql-ROM-style within a fixed POD space,1600,189.86227838,9577,48,True,,-1,808.794189453125,completion.csv
ql-ROM-style within a fixed POD space,1600,189.86227838,9593,24,True,,-1,779.1136474609375,completion.csv
ql-ROM-style within a fixed POD space,1600,189.86227838,9593,48,True,,-1,868.1552124023438,completion.csv
ql-ROM-style within a fixed POD space,1600,189.86227838,9609,24,True,,-1,838.4747314453125,completion.csv
ql-ROM-style within a fixed POD space,1600,189.86227838,9609,48,True,,-1,927.5162963867188,completion.csv
ql-ROM-style within a fixed POD space,1600,70.3146353337,976,24,True,,-1,1683.846435546875,completion.csv
ql-ROM-style within a fixed POD space,1600,70.3146353337,976,48,True,,-1,1983.1968994140625,completion.csv
ql-ROM-style within a fixed POD space,1600,70.3146353337,984,24,True,,-1,1783.6298828125,completion.csv
ql-ROM-style within a fixed POD space,1600,70.3146353337,984,48,True,,-1,2082.98046875,completion.csv
ql-ROM-style within a fixed POD space,1600,70.3146353337,1000,24,True,,-1,1983.1968994140625,completion.csv
ql-ROM-style within a fixed POD space,1600,70.3146353337,1000,48,True,,-1,2282.54736328125,completion.csv
ql-ROM-style within a fixed POD space,1600,70.3146353337,1016,24,True,,-1,2182.763916015625,completion.csv
ql-ROM-style within a fixed POD space,1600,70.3146353337,1016,48,True,,-1,2482.1142578125,completion.csv
ql-ROM-style within a fixed POD space,1600,70.3146353337,1024,24,True,,-1,2282.54736328125,completion.csv
ql-ROM-style within a fixed POD space,1600,70.3146353337,1024,48,True,,-1,2581.89794921875,completion.csv
ql-ROM-style within a fixed POD space,1600,70.3146353337,1040,24,True,,-1,2482.1142578125,completion.csv
ql-ROM-style within a fixed POD space,1600,70.3146353337,1040,48,True,,-1,2781.46484375,completion.csv
ql-ROM-style within a fixed POD space,1600,70.3146353337,1056,24,True,,-1,2681.681396484375,completion.csv
ql-ROM-style within a fixed POD space,1600,70.3146353337,1056,48,True,,-1,2981.03173828125,completion.csv
ql-ROM-style within a fixed POD space,1600,70.3146353337,1072,24,True,,-1,2881.248291015625,completion.csv
ql-ROM-style within a fixed POD space,1600,70.3146353337,1072,48,True,,-1,3180.598876953125,completion.csv
ql-ROM-style within a fixed POD space,2026,100.352251335,3874,24,True,,-1,1056.7252197265625,completion.csv
ql-ROM-style within a fixed POD space,2026,100.352251335,3874,48,True,,-1,1244.5875244140625,completion.csv
ql-ROM-style within a fixed POD space,2026,100.352251335,3882,24,True,,-1,1119.3460693359375,completion.csv
ql-ROM-style within a fixed POD space,2026,100.352251335,3882,48,True,,-1,1307.208251953125,completion.csv
ql-ROM-style within a fixed POD space,2026,100.352251335,3898,24,True,,-1,1244.5875244140625,completion.csv
ql-ROM-style within a fixed POD space,2026,100.352251335,3898,48,True,,-1,1432.4498291015625,completion.csv
ql-ROM-style within a fixed POD space,2026,100.352251335,3914,24,True,,-1,1369.8291015625,completion.csv
ql-ROM-style within a fixed POD space,2026,100.352251335,3914,48,True,,-1,1557.6912841796875,completion.csv
ql-ROM-style within a fixed POD space,2026,100.352251335,3922,24,True,,-1,1432.4498291015625,completion.csv
ql-ROM-style within a fixed POD space,2026,100.352251335,3922,48,True,,-1,1620.3121337890625,completion.csv
ql-ROM-style within a fixed POD space,2026,100.352251335,3938,24,True,,-1,1557.6912841796875,completion.csv
ql-ROM-style within a fixed POD space,2026,100.352251335,3938,48,True,,-1,1745.5535888671875,completion.csv
ql-ROM-style within a fixed POD space,2026,100.352251335,3954,24,True,,-1,1682.932861328125,completion.csv
ql-ROM-style within a fixed POD space,2026,100.352251335,3954,48,True,,-1,1870.795166015625,completion.csv
ql-ROM-style within a fixed POD space,2026,100.352251335,3970,24,True,,-1,1808.17431640625,completion.csv
ql-ROM-style within a fixed POD space,2026,100.352251335,3970,48,True,,-1,1996.03662109375,completion.csv
ql-ROM-style within a fixed POD space,2026,149.059229449,7258,24,True,,-1,639.3206176757812,completion.csv
ql-ROM-style within a fixed POD space,2026,149.059229449,7258,48,True,,-1,756.4480590820312,completion.csv
ql-ROM-style within a fixed POD space,2026,149.059229449,7266,24,True,,-1,678.3630981445312,completion.csv
ql-ROM-style within a fixed POD space,2026,149.059229449,7266,48,True,,-1,795.4905395507812,completion.csv
ql-ROM-style within a fixed POD space,2026,149.059229449,7282,24,True,,-1,756.4480590820312,completion.csv
ql-ROM-style within a fixed POD space,2026,149.059229449,7282,48,True,,-1,873.5755004882812,completion.csv
ql-ROM-style within a fixed POD space,2026,149.059229449,7298,24,True,,-1,834.5330200195312,completion.csv
ql-ROM-style within a fixed POD space,2026,149.059229449,7298,48,True,,-1,951.6604614257812,completion.csv
ql-ROM-style within a fixed POD space,2026,149.059229449,7306,24,True,,-1,873.5755004882812,completion.csv
ql-ROM-style within a fixed POD space,2026,149.059229449,7306,48,True,,-1,990.7029418945312,completion.csv
ql-ROM-style within a fixed POD space,2026,149.059229449,7322,24,True,,-1,951.6604614257812,completion.csv
ql-ROM-style within a fixed POD space,2026,149.059229449,7322,48,True,,-1,1068.787841796875,completion.csv
ql-ROM-style within a fixed POD space,2026,149.059229449,7338,24,True,,-1,1029.745361328125,completion.csv
ql-ROM-style within a fixed POD space,2026,149.059229449,7338,48,True,,-1,1146.872802734375,completion.csv
ql-ROM-style within a fixed POD space,2026,149.059229449,7354,24,True,,-1,1107.830322265625,completion.csv
ql-ROM-style within a fixed POD space,2026,149.059229449,7354,48,True,,-1,1224.957763671875,completion.csv
ql-ROM-style within a fixed POD space,2026,189.86227838,9513,24,True,,-1,482.3084716796875,completion.csv
ql-ROM-style within a fixed POD space,2026,189.86227838,9513,48,True,,-1,571.3500366210938,completion.csv
ql-ROM-style within a fixed POD space,2026,189.86227838,9521,24,True,,-1,511.9889831542969,completion.csv
ql-ROM-style within a fixed POD space,2026,189.86227838,9521,48,True,,-1,601.030517578125,completion.csv
ql-ROM-style within a fixed POD space,2026,189.86227838,9537,24,True,,-1,571.3500366210938,completion.csv
ql-ROM-style within a fixed POD space,2026,189.86227838,9537,48,True,,-1,660.3916015625,completion.csv
ql-ROM-style within a fixed POD space,2026,189.86227838,9553,24,True,,-1,630.7110595703125,completion.csv
ql-ROM-style within a fixed POD space,2026,189.86227838,9553,48,True,,-1,719.7526245117188,completion.csv
ql-ROM-style within a fixed POD space,2026,189.86227838,9561,24,True,,-1,660.3916015625,completion.csv
ql-ROM-style within a fixed POD space,2026,189.86227838,9561,48,True,,-1,749.4331665039062,completion.csv
ql-ROM-style within a fixed POD space,2026,189.86227838,9577,24,True,,-1,719.7526245117188,completion.csv
ql-ROM-style within a fixed POD space,2026,189.86227838,9577,48,True,,-1,808.794189453125,completion.csv
ql-ROM-style within a fixed POD space,2026,189.86227838,9593,24,True,,-1,779.1136474609375,completion.csv
ql-ROM-style within a fixed POD space,2026,189.86227838,9593,48,True,,-1,868.1552124023438,completion.csv
ql-ROM-style within a fixed POD space,2026,189.86227838,9609,24,True,,-1,838.4747314453125,completion.csv
ql-ROM-style within a fixed POD space,2026,189.86227838,9609,48,True,,-1,927.5162963867188,completion.csv
ql-ROM-style within a fixed POD space,2026,70.3146353337,976,24,True,,-1,1683.846435546875,completion.csv
ql-ROM-style within a fixed POD space,2026,70.3146353337,976,48,True,,-1,1983.1968994140625,completion.csv
ql-ROM-style within a fixed POD space,2026,70.3146353337,984,24,True,,-1,1783.6298828125,completion.csv
ql-ROM-style within a fixed POD space,2026,70.3146353337,984,48,True,,-1,2082.98046875,completion.csv
ql-ROM-style within a fixed POD space,2026,70.3146353337,1000,24,True,,-1,1983.1968994140625,completion.csv
ql-ROM-style within a fixed POD space,2026,70.3146353337,1000,48,True,,-1,2282.54736328125,completion.csv
ql-ROM-style within a fixed POD space,2026,70.3146353337,1016,24,True,,-1,2182.763916015625,completion.csv
ql-ROM-style within a fixed POD space,2026,70.3146353337,1016,48,True,,-1,2482.1142578125,completion.csv
ql-ROM-style within a fixed POD space,2026,70.3146353337,1024,24,True,,-1,2282.54736328125,completion.csv
ql-ROM-style within a fixed POD space,2026,70.3146353337,1024,48,True,,-1,2581.89794921875,completion.csv
ql-ROM-style within a fixed POD space,2026,70.3146353337,1040,24,True,,-1,2482.1142578125,completion.csv
ql-ROM-style within a fixed POD space,2026,70.3146353337,1040,48,True,,-1,2781.46484375,completion.csv
ql-ROM-style within a fixed POD space,2026,70.3146353337,1056,24,True,,-1,2681.681396484375,completion.csv
ql-ROM-style within a fixed POD space,2026,70.3146353337,1056,48,True,,-1,2981.03173828125,completion.csv
ql-ROM-style within a fixed POD space,2026,70.3146353337,1072,24,True,,-1,2881.248291015625,completion.csv
ql-ROM-style within a fixed POD space,2026,70.3146353337,1072,48,True,,-1,3180.598876953125,completion.csv
