method,seed,Re,start,horizon,complete,Eu,Ep,failure
proposed,1248,70.3146353337,976,24,True,1.1307646798004727,4.474939178218175,
proposed,1248,70.3146353337,976,48,True,1.5251852662376455,7.170911681724138,
proposed,1248,70.3146353337,984,24,True,1.2536895491001292,5.252407845268477,
proposed,1248,70.3146353337,984,48,True,2.0339862561630437,10.022773095905405,
proposed,1248,70.3146353337,1000,24,True,1.3674453002737028,7.529886264562094,
proposed,1248,70.3146353337,1000,48,True,2.614233196649757,13.0764833399513,
proposed,1248,70.3146353337,1016,24,True,2.050648716745956,7.676666882388221,
proposed,1248,70.3146353337,1016,48,True,2.4014253583103513,8.478799467142455,
proposed,1248,70.3146353337,1024,24,True,1.899714694445744,6.568409857566375,
proposed,1248,70.3146353337,1024,48,True,2.3718502546466538,8.253963879052524,
proposed,1248,70.3146353337,1040,24,True,1.3785930050768602,4.604466608391635,
proposed,1248,70.3146353337,1040,48,True,1.6497727328554737,6.451532960976043,
proposed,1248,70.3146353337,1056,24,True,1.7008366548836669,5.39673547826624,
proposed,1248,70.3146353337,1056,48,True,1.8073603337149482,6.706650821314413,
proposed,1248,70.3146353337,1072,24,True,1.6814841729125967,5.105541606367885,
proposed,1248,70.3146353337,1072,48,True,1.7391982589242465,5.740350681499574,
proposed,1248,100.352251335,3874,24,True,0.8699177710051451,3.8683499274797897,
proposed,1248,100.352251335,3874,48,True,2.1625442085036077,8.681816398612307,
proposed,1248,100.352251335,3882,24,True,1.0086322857665173,4.388792773949038,
proposed,1248,100.352251335,3882,48,True,2.2025543805031416,8.80240926275612,
proposed,1248,100.352251335,3898,24,True,0.6141658905776891,2.7336806311421604,
proposed,1248,100.352251335,3898,48,True,1.3390637873796092,5.461135831410188,
proposed,1248,100.352251335,3914,24,True,0.543028252085458,2.3165949899213607,
proposed,1248,100.352251335,3914,48,True,1.0707354779163598,4.304341885467291,
proposed,1248,100.352251335,3922,24,True,0.5285001273950147,2.2710134866637213,
proposed,1248,100.352251335,3922,48,True,1.0160321846717675,4.137934912439891,
proposed,1248,100.352251335,3938,24,True,0.45065520966114764,2.1403875180192573,
proposed,1248,100.352251335,3938,48,True,0.8502286552439041,3.733482670293547,
proposed,1248,100.352251335,3954,24,True,0.6116136271381353,2.639378462336227,
proposed,1248,100.352251335,3954,48,True,1.356685359368983,5.602540808058315,
proposed,1248,100.352251335,3970,24,True,0.6370971679479922,2.847551383999884,
proposed,1248,100.352251335,3970,48,True,1.419864071988458,5.931816183421482,
proposed,1248,149.059229449,7258,24,True,0.6403528152059804,3.023290753327629,
proposed,1248,149.059229449,7258,48,True,0.9330752697849416,4.320516343243052,
proposed,1248,149.059229449,7266,24,True,0.49718211205341883,2.024216201683302,
proposed,1248,149.059229449,7266,48,True,0.5110552479193231,2.015961056448551,
proposed,1248,149.059229449,7282,24,True,0.40813138346257577,1.580560720096934,
proposed,1248,149.059229449,7282,48,True,0.5969670287139595,2.1222582520028737,
proposed,1248,149.059229449,7298,24,True,0.37700107008299527,1.633737031300799,
proposed,1248,149.059229449,7298,48,True,0.4562941231831599,1.9181909164081337,
proposed,1248,149.059229449,7306,24,True,0.43973956738317205,1.9035181300177857,
proposed,1248,149.059229449,7306,48,True,0.5696530685355952,2.367598735088171,
proposed,1248,149.059229449,7322,24,True,0.42701193865570924,1.6568092807960404,
proposed,1248,149.059229449,7322,48,True,0.6759384873651556,2.399586838000392,
proposed,1248,149.059229449,7338,24,True,0.49746362033930563,1.872363278028839,
proposed,1248,149.059229449,7338,48,True,0.839703498108742,2.961914464094716,
proposed,1248,149.059229449,7354,24,True,0.6310810239450994,2.1848773247098134,
proposed,1248,149.059229449,7354,48,True,1.1526845413466402,3.9049834331281006,
proposed,1248,189.86227838,9513,24,True,2.362537465545692,8.298232439083524,
proposed,1248,189.86227838,9513,48,True,3.796750310385894,12.658977336897957,
proposed,1248,189.86227838,9521,24,True,1.9633279401140318,6.566020000431486,
proposed,1248,189.86227838,9521,48,True,3.0370676834408408,9.892907499759767,
proposed,1248,189.86227838,9537,24,True,0.9628847772565635,3.4146300383152117,
proposed,1248,189.86227838,9537,48,True,1.3202733122529073,4.559287700243852,
proposed,1248,189.86227838,9553,24,True,0.6093881064784732,2.465664171091985,
proposed,1248,189.86227838,9553,48,True,0.8795920543998608,3.5420972458869797,
proposed,1248,189.86227838,9561,24,True,0.7696624728637458,2.851641737834528,
proposed,1248,189.86227838,9561,48,True,1.1687920033700985,4.127316891893955,
proposed,1248,189.86227838,9577,24,True,1.0003569226579225,3.510378959326225,
proposed,1248,189.86227838,9577,48,True,1.8956806644526163,6.627450480416364,
proposed,1248,189.86227838,9593,24,True,0.9795679302286091,3.5353866679734653,
proposed,1248,189.86227838,9593,48,True,1.6315595415222406,5.627293715613267,
proposed,1248,189.86227838,9609,24,True,0.812279386851146,3.079463769011335,
proposed,1248,189.86227838,9609,48,True,1.55310805139732,5.633471133887567,
proposed,1600,70.3146353337,976,24,True,0.9523329490348825,3.812142008711282,
proposed,1600,70.3146353337,976,48,True,0.9741799392820975,4.158797719952748,
proposed,1600,70.3146353337,984,24,True,0.9012031714035235,3.6549976479988806,
proposed,1600,70.3146353337,984,48,True,0.9249324465457495,4.2792796478467805,
proposed,1600,70.3146353337,1000,24,True,0.8669969128583236,4.424821764516898,
proposed,1600,70.3146353337,1000,48,True,1.3462694811153912,5.956799559128825,
proposed,1600,70.3146353337,1016,24,True,0.6447382805392471,3.4477586527098434,
proposed,1600,70.3146353337,1016,48,True,0.6291587444223826,3.2145299565920786,
proposed,1600,70.3146353337,1024,24,True,0.6161502146330422,3.229993901527487,
proposed,1600,70.3146353337,1024,48,True,0.6052470690797662,3.075790062779028,
proposed,1600,70.3146353337,1040,24,True,0.5691034157520142,2.9762223228096203,
proposed,1600,70.3146353337,1040,48,True,0.5953632328617585,2.992373612093503,
proposed,1600,70.3146353337,1056,24,True,0.5586048443826218,2.8707468951113775,
proposed,1600,70.3146353337,1056,48,True,0.5762884629654756,2.8915207539324594,
proposed,1600,70.3146353337,1072,24,True,0.5501382577304758,2.8263127665196195,
proposed,1600,70.3146353337,1072,48,True,0.600570059901968,2.9487493589499665,
proposed,1600,100.352251335,3874,24,True,0.34365109008087674,1.967804318653144,
proposed,1600,100.352251335,3874,48,True,0.36535827554041517,1.955346609744005,
proposed,1600,100.352251335,3882,24,True,0.28769351336625376,1.6305000158514857,
proposed,1600,100.352251335,3882,48,True,0.29077114742563576,1.6023540592341756,
proposed,1600,100.352251335,3898,24,True,0.30176636993696615,1.5900443473016879,
proposed,1600,100.352251335,3898,48,True,0.35122721885794883,1.6934173405485815,
proposed,1600,100.352251335,3914,24,True,0.28700200211480115,1.5500895480459669,
proposed,1600,100.352251335,3914,48,True,0.3142713217165803,1.6178126597222207,
proposed,1600,100.352251335,3922,24,True,0.2855106245523631,1.5358307380370781,
proposed,1600,100.352251335,3922,48,True,0.31046126194971385,1.62717911484659,
proposed,1600,100.352251335,3938,24,True,0.2812578651984812,1.553131342018193,
proposed,1600,100.352251335,3938,48,True,0.32422755396352704,1.6916113849457712,
proposed,1600,100.352251335,3954,24,True,0.27157733756996505,1.5049407431391135,
proposed,1600,100.352251335,3954,48,True,0.31687511362207255,1.6342612218327701,
proposed,1600,100.352251335,3970,24,True,0.30031555894080436,1.6083587929135466,
proposed,1600,100.352251335,3970,48,True,0.41866142096712194,1.964154158365763,
proposed,1600,149.059229449,7258,24,True,0.29807678333841037,1.0646022187338002,
proposed,1600,149.059229449,7258,48,True,0.3195097702677531,1.227328691016372,
proposed,1600,149.059229449,7266,24,True,0.25616374346188575,0.9482435539515706,
proposed,1600,149.059229449,7266,48,True,0.31379502174994617,1.1923007820704206,
proposed,1600,149.059229449,7282,24,True,0.22464434527304422,0.8478505284596363,
proposed,1600,149.059229449,7282,48,True,0.28304574097907653,1.0420521000183849,
proposed,1600,149.059229449,7298,24,True,0.2062041145802478,0.7987263637000828,
proposed,1600,149.059229449,7298,48,True,0.21305125023795912,0.8230160015569951,
proposed,1600,149.059229449,7306,24,True,0.2125249864704366,0.8295601412278738,
proposed,1600,149.059229449,7306,48,True,0.21696288979968867,0.849949902894532,
proposed,1600,149.059229449,7322,24,True,0.21179288882706193,0.8280098638098039,
proposed,1600,149.059229449,7322,48,True,0.255050198328523,0.9854444556774267,
proposed,1600,149.059229449,7338,24,True,0.21321290470597534,0.8218576488271762,
proposed,1600,149.059229449,7338,48,True,0.2412726097480206,0.9230497821643541,
proposed,1600,149.059229449,7354,24,True,0.22056368008516544,0.8492305862198126,
proposed,1600,149.059229449,7354,48,True,0.24767098433382576,0.9262537205662618,
proposed,1600,189.86227838,9513,24,True,0.44887234416120353,1.3948566010274652,
proposed,1600,189.86227838,9513,48,True,0.36845582790816184,1.1307272619574886,
proposed,1600,189.86227838,9521,24,True,0.3542668670303746,1.0832614976223747,
proposed,1600,189.86227838,9521,48,True,0.3532361631077747,1.1349203368705647,
proposed,1600,189.86227838,9537,24,True,0.2566856641821069,0.7972456292669273,
proposed,1600,189.86227838,9537,48,True,0.34588391222950876,1.1742889912957295,
proposed,1600,189.86227838,9553,24,True,0.2761724419041714,0.9301615007837428,
proposed,1600,189.86227838,9553,48,True,0.44836197907408554,1.5439704457908945,
proposed,1600,189.86227838,9561,24,True,0.23423616271075462,0.7293822216887728,
proposed,1600,189.86227838,9561,48,True,0.2802756974217014,0.9160043531560849,
proposed,1600,189.86227838,9577,24,True,0.23830689214470024,0.7690091008290031,
proposed,1600,189.86227838,9577,48,True,0.3159818763691676,1.0630360501802212,
proposed,1600,189.86227838,9593,24,True,0.24285433791917765,0.7514510827739813,
proposed,1600,189.86227838,9593,48,True,0.3448405114906983,1.1428067613218948,
proposed,1600,189.86227838,9609,24,True,0.2462206015110268,0.7736955181413988,
proposed,1600,189.86227838,9609,48,True,0.35098500005353955,1.1677984652406161,
proposed,2026,70.3146353337,976,24,True,1.9066619454897011,10.04602703072745,
proposed,2026,70.3146353337,976,48,True,4.425160675788894,17.81937015079932,
proposed,2026,70.3146353337,984,24,True,1.3763676023187277,6.847015955721422,
proposed,2026,70.3146353337,984,48,True,2.034455423432909,8.727734431938256,
proposed,2026,70.3146353337,1000,24,True,1.3415791304493052,7.365530028950997,
proposed,2026,70.3146353337,1000,48,True,4.813700516145965,21.029019402495432,
proposed,2026,70.3146353337,1016,24,True,2.1162243884992535,10.79936807595971,
proposed,2026,70.3146353337,1016,48,True,5.6966055992830205,23.269335756005905,
proposed,2026,70.3146353337,1024,24,True,1.4800413029176351,7.3656441045439935,
proposed,2026,70.3146353337,1024,48,True,3.977337862158535,16.048117457853653,
proposed,2026,70.3146353337,1040,24,True,1.146453340239501,4.654684726173552,
proposed,2026,70.3146353337,1040,48,True,1.6936121595896558,6.008938967296159,
proposed,2026,70.3146353337,1056,24,True,1.1970535521593872,4.393188149629464,
proposed,2026,70.3146353337,1056,48,True,1.359913738606733,4.757649117923919,
proposed,2026,70.3146353337,1072,24,True,1.3173585208521874,4.996634709776358,
proposed,2026,70.3146353337,1072,48,True,1.5021899012496174,5.151582406194536,
proposed,2026,100.352251335,3874,24,True,0.7626837182432853,2.9955546184186255,
proposed,2026,100.352251335,3874,48,True,1.0330491121888448,3.889801849175905,
proposed,2026,100.352251335,3882,24,True,0.6614262332097476,2.8559514507485915,
proposed,2026,100.352251335,3882,48,True,1.295527456103618,4.968957901459952,
proposed,2026,100.352251335,3898,24,True,0.6041871102353688,2.6169129051215925,
proposed,2026,100.352251335,3898,48,True,1.1954140465460672,4.645763599353948,
proposed,2026,100.352251335,3914,24,True,0.5874178489775536,2.634976508697379,
proposed,2026,100.352251335,3914,48,True,1.2250191440393525,4.8307690867892825,
proposed,2026,100.352251335,3922,24,True,0.5591487258615007,2.5053264464213747,
proposed,2026,100.352251335,3922,48,True,1.1422266895776665,4.504658283848865,
proposed,2026,100.352251335,3938,24,True,0.557219940694435,2.4701667712561655,
proposed,2026,100.352251335,3938,48,True,1.0028246017186104,3.942229435469798,
proposed,2026,100.352251335,3954,24,True,0.56540418941338,2.5918490948725705,
proposed,2026,100.352251335,3954,48,True,1.153860908670062,4.5274578545300335,
proposed,2026,100.352251335,3970,24,True,0.4981435875702718,2.3205810371438003,
proposed,2026,100.352251335,3970,48,True,1.0929129443809662,4.293280044914343,
proposed,2026,149.059229449,7258,24,True,0.464440281528469,1.8414393698823315,
proposed,2026,149.059229449,7258,48,True,0.664573226930002,2.566502562270157,
proposed,2026,149.059229449,7266,24,True,0.37920116543593146,1.649634339573847,
proposed,2026,149.059229449,7266,48,True,0.5784667706674932,2.3084282899601427,
proposed,2026,149.059229449,7282,24,True,0.3355881211644176,1.1646307417679105,
proposed,2026,149.059229449,7282,48,True,0.4233487778355674,1.5478069753302066,
proposed,2026,149.059229449,7298,24,True,0.31012868471419885,1.251694954554689,
proposed,2026,149.059229449,7298,48,True,0.42195687567094825,1.6005551654118086,
proposed,2026,149.059229449,7306,24,True,0.29797809875038783,1.214325068031621,
proposed,2026,149.059229449,7306,48,True,0.38975305478706956,1.5124133089579264,
proposed,2026,149.059229449,7322,24,True,0.3538258363480912,1.4757206852718003,
proposed,2026,149.059229449,7322,48,True,0.5034307132035093,1.9737436380450477,
proposed,2026,149.059229449,7338,24,True,0.4804855196936087,1.8193745571122468,
proposed,2026,149.059229449,7338,48,True,0.5924527225968396,2.1527026793624775,
proposed,2026,149.059229449,7354,24,True,0.3408192459485031,1.4445096881629906,
proposed,2026,149.059229449,7354,48,True,0.4229976717716053,1.6677756007873237,
proposed,2026,189.86227838,9513,24,True,0.8245414876868965,3.5441441110229075,
proposed,2026,189.86227838,9513,48,True,0.9594332005230592,4.755853904159285,
proposed,2026,189.86227838,9521,24,True,0.8667542596917723,3.487826073330034,
proposed,2026,189.86227838,9521,48,True,0.9330872730892695,4.414713806948404,
proposed,2026,189.86227838,9537,24,True,0.4505163988102961,2.029591279625724,
proposed,2026,189.86227838,9537,48,True,0.5517232330807419,2.578556863625486,
proposed,2026,189.86227838,9553,24,True,0.3961272872247827,1.7488246895598738,
proposed,2026,189.86227838,9553,48,True,0.5902144134231754,2.7029498737939197,
proposed,2026,189.86227838,9561,24,True,0.5191723403237766,1.876484513019327,
proposed,2026,189.86227838,9561,48,True,0.6479661293638216,2.5338002340023245,
proposed,2026,189.86227838,9577,24,True,0.4868602716879682,1.807640104670522,
proposed,2026,189.86227838,9577,48,True,0.6086179156524237,2.4385415552386154,
proposed,2026,189.86227838,9593,24,True,0.4276771687237197,1.7428046383830555,
proposed,2026,189.86227838,9593,48,True,0.5796803924874653,2.644426710703505,
proposed,2026,189.86227838,9609,24,True,0.3656987633420415,1.4276238715700302,
proposed,2026,189.86227838,9609,48,True,0.42934031744493,1.741610006887641,
dense,1248,70.3146353337,976,24,True,0.7871890238375602,3.3392735589831215,
dense,1248,70.3146353337,976,48,True,1.159149980193465,4.904944523007955,
dense,1248,70.3146353337,984,24,True,0.7714877933244938,3.4768556349915762,
dense,1248,70.3146353337,984,48,True,0.9283824964167141,4.324973698756008,
dense,1248,70.3146353337,1000,24,True,0.7558543727780145,3.976641024023694,
dense,1248,70.3146353337,1000,48,True,1.2573777153573225,5.61247665964522,
dense,1248,70.3146353337,1016,24,True,1.037483579679094,4.959423687452934,
dense,1248,70.3146353337,1016,48,True,1.6761358251051106,6.884878096226415,
dense,1248,70.3146353337,1024,24,True,0.9056597170655598,4.320921829093909,
dense,1248,70.3146353337,1024,48,True,1.2790107081303117,5.365423213648451,
dense,1248,70.3146353337,1040,24,True,0.6336331722927674,3.1838992175342398,
dense,1248,70.3146353337,1040,48,True,0.6703235905028043,3.233318427108449,
dense,1248,70.3146353337,1056,24,True,0.5716436779724133,2.936099175740394,
dense,1248,70.3146353337,1056,48,True,0.581072427905934,2.982306467137475,
dense,1248,70.3146353337,1072,24,True,0.5981730435558849,3.0414546971644714,
dense,1248,70.3146353337,1072,48,True,0.7563909789485601,3.542880887757304,
dense,1248,100.352251335,3874,24,True,0.4295314522998311,2.18379255110244,
dense,1248,100.352251335,3874,48,True,0.8002974898742146,3.369248698431546,
dense,1248,100.352251335,3882,24,True,0.40519150237274354,1.9585932007224385,
dense,1248,100.352251335,3882,48,True,0.7351044653097906,3.0560255863608674,
dense,1248,100.352251335,3898,24,True,0.32426944632706484,1.6788395976155879,
dense,1248,100.352251335,3898,48,True,0.5058925645907927,2.2479049404400864,
dense,1248,100.352251335,3914,24,True,0.30195109455009733,1.6157424164297485,
dense,1248,100.352251335,3914,48,True,0.3854295825555374,1.864573181883257,
dense,1248,100.352251335,3922,24,True,0.29894957699223046,1.6081759873467174,
dense,1248,100.352251335,3922,48,True,0.36263384171961316,1.7947392057347076,
dense,1248,100.352251335,3938,24,True,0.3011545021562392,1.6105418780728051,
dense,1248,100.352251335,3938,48,True,0.38410545644447214,1.8664786281063364,
dense,1248,100.352251335,3954,24,True,0.3049346742792726,1.615629815821709,
dense,1248,100.352251335,3954,48,True,0.4680754003617123,2.1462362513203668,
dense,1248,100.352251335,3970,24,True,0.31059873178203784,1.6332271385099564,
dense,1248,100.352251335,3970,48,True,0.505523299970935,2.2523544686762413,
dense,1248,149.059229449,7258,24,True,0.4480136987146097,1.9767601636165455,
dense,1248,149.059229449,7258,48,True,0.5798869356611888,2.25826855739238,
dense,1248,149.059229449,7266,24,True,0.25920447409682773,0.9874477315250374,
dense,1248,149.059229449,7266,48,True,0.342179278300428,1.366319021899175,
dense,1248,149.059229449,7282,24,True,0.2358153138727208,0.9282647130204295,
dense,1248,149.059229449,7282,48,True,0.3940042957092391,1.5519644864512039,
dense,1248,149.059229449,7298,24,True,0.21511685739396916,0.8599959379565331,
dense,1248,149.059229449,7298,48,True,0.3298007158962215,1.3028944739523733,
dense,1248,149.059229449,7306,24,True,0.21838274071439048,0.8658884205187244,
dense,1248,149.059229449,7306,48,True,0.3227610181274187,1.2682093875625347,
dense,1248,149.059229449,7322,24,True,0.21778215648827692,0.8614776362590678,
dense,1248,149.059229449,7322,48,True,0.3247415663518244,1.2924729629186167,
dense,1248,149.059229449,7338,24,True,0.21923108933290983,0.8763763711995264,
dense,1248,149.059229449,7338,48,True,0.32237630401044487,1.2665006211050505,
dense,1248,149.059229449,7354,24,True,0.22137827284414166,0.8690976411768672,
dense,1248,149.059229449,7354,48,True,0.3173400157229755,1.2452571699954718,
dense,1248,189.86227838,9513,24,True,0.5407513965805322,1.9092188609357752,
dense,1248,189.86227838,9513,48,True,0.723607338945829,2.7879053434152965,
dense,1248,189.86227838,9521,24,True,0.4151179785774794,1.5564914525619775,
dense,1248,189.86227838,9521,48,True,0.5591020853632512,2.177518034682726,
dense,1248,189.86227838,9537,24,True,0.3517545258362145,1.2852832360536421,
dense,1248,189.86227838,9537,48,True,0.6973856939643178,2.5206109952202724,
dense,1248,189.86227838,9553,24,True,0.31021632153744333,1.0964290056276427,
dense,1248,189.86227838,9553,48,True,0.6483270943842544,2.3420145324228154,
dense,1248,189.86227838,9561,24,True,0.2634598322678999,0.8833139798244994,
dense,1248,189.86227838,9561,48,True,0.5462654907830822,1.9818094224734661,
dense,1248,189.86227838,9577,24,True,0.2738609103807646,0.9242377217671618,
dense,1248,189.86227838,9577,48,True,0.5565308614927884,2.018911562429261,
dense,1248,189.86227838,9593,24,True,0.281942019190508,0.981543317967232,
dense,1248,189.86227838,9593,48,True,0.5942858149968888,2.170047737123524,
dense,1248,189.86227838,9609,24,True,0.3056644520358236,1.0715253726447074,
dense,1248,189.86227838,9609,48,True,0.630276368398272,2.266807067072364,
dense,1600,70.3146353337,976,24,True,0.9747072463262697,4.547244816870811,
dense,1600,70.3146353337,976,48,True,2.2809383475597107,9.622469572193651,
dense,1600,70.3146353337,984,24,True,1.1793843195670102,5.421189439360684,
dense,1600,70.3146353337,984,48,True,2.5501144305821897,10.473723907864814,
dense,1600,70.3146353337,1000,24,True,0.9942521707425015,4.82023116158969,
dense,1600,70.3146353337,1000,48,True,1.8647173626134732,7.744522593309612,
dense,1600,70.3146353337,1016,24,True,0.8939928074099402,4.37951742432387,
dense,1600,70.3146353337,1016,48,True,1.5189816511989889,6.4311054663495355,
dense,1600,70.3146353337,1024,24,True,0.789638690011266,3.9577984016436147,
dense,1600,70.3146353337,1024,48,True,1.3166461465895798,5.686340841053351,
dense,1600,70.3146353337,1040,24,True,0.6490225705715673,3.328155333286442,
dense,1600,70.3146353337,1040,48,True,0.9752459426977529,4.401861557833356,
dense,1600,70.3146353337,1056,24,True,0.593557899540601,3.063796700046997,
dense,1600,70.3146353337,1056,48,True,0.7908071383615866,3.7335525739163415,
dense,1600,70.3146353337,1072,24,True,0.568357078220297,2.9371450021467473,
dense,1600,70.3146353337,1072,48,True,0.6911901639156451,3.3968728047396524,
dense,1600,100.352251335,3874,24,True,0.3432410067637024,1.8748719606809185,
dense,1600,100.352251335,3874,48,True,0.3858092342869084,1.9919332484023478,
dense,1600,100.352251335,3882,24,True,0.3341938130973993,1.7914249096920691,
dense,1600,100.352251335,3882,48,True,0.4395488563208711,2.1534673316705475,
dense,1600,100.352251335,3898,24,True,0.3275137852963717,1.7557720110531647,
dense,1600,100.352251335,3898,48,True,0.4544289240830586,2.180370784199091,
dense,1600,100.352251335,3914,24,True,0.33502450478084356,1.7841548758014814,
dense,1600,100.352251335,3914,48,True,0.476157022651395,2.235555305725365,
dense,1600,100.352251335,3922,24,True,0.3399259172658337,1.7949940990093676,
dense,1600,100.352251335,3922,48,True,0.49175385693061147,2.2809044141290102,
dense,1600,100.352251335,3938,24,True,0.35761127459058656,1.8458049119040318,
dense,1600,100.352251335,3938,48,True,0.5523109077055071,2.503438955492563,
dense,1600,100.352251335,3954,24,True,0.3863700301219586,1.9554582939216687,
dense,1600,100.352251335,3954,48,True,0.6210118447059269,2.779747001626871,
dense,1600,100.352251335,3970,24,True,0.4007857422314551,2.0308481902423665,
dense,1600,100.352251335,3970,48,True,0.5998946977482799,2.700258040877999,
dense,1600,149.059229449,7258,24,True,0.4147144812853584,1.5386673393439565,
dense,1600,149.059229449,7258,48,True,0.4762815053302399,1.6861997552715746,
dense,1600,149.059229449,7266,24,True,0.27682060877956977,1.001166501307057,
dense,1600,149.059229449,7266,48,True,0.27492040837801524,1.0020495424454277,
dense,1600,149.059229449,7282,24,True,0.22392993577936293,0.835057981567943,
dense,1600,149.059229449,7282,48,True,0.28680272079886354,1.1729691157621354,
dense,1600,149.059229449,7298,24,True,0.2732614754612978,1.1217911116255466,
dense,1600,149.059229449,7298,48,True,0.447099495811496,1.7979392352643002,
dense,1600,149.059229449,7306,24,True,0.2827502381966179,1.1691859004915985,
dense,1600,149.059229449,7306,48,True,0.4640732113600379,1.8654758264191438,
dense,1600,149.059229449,7322,24,True,0.2636166511980478,1.0707831610635183,
dense,1600,149.059229449,7322,48,True,0.4551093797125893,1.823874680653681,
dense,1600,149.059229449,7338,24,True,0.26200749447957355,1.0696141439933948,
dense,1600,149.059229449,7338,48,True,0.4180260899489097,1.689023049833611,
dense,1600,149.059229449,7354,24,True,0.24731915816656944,0.9870345224802864,
dense,1600,149.059229449,7354,48,True,0.39880145024763275,1.6039492721451687,
dense,1600,189.86227838,9513,24,True,0.6531630899263,3.1711674889167263,
dense,1600,189.86227838,9513,48,True,1.0944802768452713,4.570394615156075,
dense,1600,189.86227838,9521,24,True,0.42844151555105925,1.3872634163695172,
dense,1600,189.86227838,9521,48,True,0.4304255542070916,1.5044779139859645,
dense,1600,189.86227838,9537,24,True,0.26005401132602696,0.8119452767306515,
dense,1600,189.86227838,9537,48,True,0.29329227819128617,0.9520805227629162,
dense,1600,189.86227838,9553,24,True,0.24426552102537222,0.7599759789976878,
dense,1600,189.86227838,9553,48,True,0.2951633285572004,0.9807945095520526,
dense,1600,189.86227838,9561,24,True,0.24694660985075975,0.7882114961203751,
dense,1600,189.86227838,9561,48,True,0.3002143085627257,1.0132367892516119,
dense,1600,189.86227838,9577,24,True,0.2487255541178545,0.7932581002368616,
dense,1600,189.86227838,9577,48,True,0.279672904158945,0.9411997676538562,
dense,1600,189.86227838,9593,24,True,0.24966001811659455,0.7957906361667094,
dense,1600,189.86227838,9593,48,True,0.29893367609363786,1.018331480208795,
dense,1600,189.86227838,9609,24,True,0.2487666129293463,0.7824351002826977,
dense,1600,189.86227838,9609,48,True,0.28660230744048343,0.9567177683775395,
dense,2026,70.3146353337,976,24,True,0.7289586762840218,3.0596882603897555,
dense,2026,70.3146353337,976,48,True,0.8232573746570347,3.7459646724162448,
dense,2026,70.3146353337,984,24,True,0.7899313018818215,3.5045001785607544,
dense,2026,70.3146353337,984,48,True,0.916599270449089,4.104360761768807,
dense,2026,70.3146353337,1000,24,True,0.8115657133640285,3.977392738624822,
dense,2026,70.3146353337,1000,48,True,0.9820911653753001,4.198449896276178,
dense,2026,70.3146353337,1016,24,True,0.6209760890713633,3.3858178614613386,
dense,2026,70.3146353337,1016,48,True,0.6308212706207432,3.335286786019124,
dense,2026,70.3146353337,1024,24,True,0.6117266018011068,3.324718080155142,
dense,2026,70.3146353337,1024,48,True,0.657012112202933,3.406801876690358,
dense,2026,70.3146353337,1040,24,True,0.5674646792453029,2.9334822105340397,
dense,2026,70.3146353337,1040,48,True,0.5688966588442902,2.9175655364857334,
dense,2026,70.3146353337,1056,24,True,0.5541717054911744,2.8781681850437892,
dense,2026,70.3146353337,1056,48,True,0.5619054854284249,2.8879983319797518,
dense,2026,70.3146353337,1072,24,True,0.5506801937494076,2.865248017300232,
dense,2026,70.3146353337,1072,48,True,0.5611718265178092,2.8807411096229587,
dense,2026,100.352251335,3874,24,True,0.3431188676485702,1.8800772769524006,
dense,2026,100.352251335,3874,48,True,0.43280343755441303,2.1017701061681486,
dense,2026,100.352251335,3882,24,True,0.3053468424390105,1.6816685706290657,
dense,2026,100.352251335,3882,48,True,0.39780416626115883,1.9598691877942194,
dense,2026,100.352251335,3898,24,True,0.28618143806914914,1.6012298634560256,
dense,2026,100.352251335,3898,48,True,0.3914342961036064,1.9487899762482692,
dense,2026,100.352251335,3914,24,True,0.27630972238815116,1.579541667858373,
dense,2026,100.352251335,3914,48,True,0.3852509113657603,1.9433005653133042,
dense,2026,100.352251335,3922,24,True,0.2753146016079748,1.581509653245706,
dense,2026,100.352251335,3922,48,True,0.37952956546265176,1.9237589002240891,
dense,2026,100.352251335,3938,24,True,0.2713942509690352,1.5677160729751833,
dense,2026,100.352251335,3938,48,True,0.34391906914585596,1.7954676202854687,
dense,2026,100.352251335,3954,24,True,0.2658893699708602,1.536271776229207,
dense,2026,100.352251335,3954,48,True,0.30527765831770837,1.6695929881011835,
dense,2026,100.352251335,3970,24,True,0.2672211744895298,1.5427569962731358,
dense,2026,100.352251335,3970,48,True,0.3143144006725326,1.7054042761985777,
dense,2026,149.059229449,7258,24,True,0.3402214929302399,1.2438370352128665,
dense,2026,149.059229449,7258,48,True,0.4388945916709213,1.6018830771994554,
dense,2026,149.059229449,7266,24,True,0.2633981288374995,0.9486189316724102,
dense,2026,149.059229449,7266,48,True,0.31985763300780284,1.1874341833089899,
dense,2026,149.059229449,7282,24,True,0.2370272750418779,0.8948191032110772,
dense,2026,149.059229449,7282,48,True,0.35638627563515485,1.3689432096896894,
dense,2026,149.059229449,7298,24,True,0.261960985039946,1.0292983936904438,
dense,2026,149.059229449,7298,48,True,0.43176845504424727,1.640823116067753,
dense,2026,149.059229449,7306,24,True,0.2876479348807592,1.1138931132928185,
dense,2026,149.059229449,7306,48,True,0.45746756518659515,1.7279795221716894,
dense,2026,149.059229449,7322,24,True,0.27710378657053,1.061791985164541,
dense,2026,149.059229449,7322,48,True,0.46164321713527195,1.7448346125423342,
dense,2026,149.059229449,7338,24,True,0.2991889614211923,1.1649320048039495,
dense,2026,149.059229449,7338,48,True,0.48581417271364996,1.8343808311585879,
dense,2026,149.059229449,7354,24,True,0.26129459592860754,1.0054277764263115,
dense,2026,149.059229449,7354,48,True,0.42370981140936514,1.6117290401392534,
dense,2026,189.86227838,9513,24,True,0.6821800251892428,2.2233036425700914,
dense,2026,189.86227838,9513,48,True,0.6567340748395082,2.06658457463824,
dense,2026,189.86227838,9521,24,True,0.5061780837539321,1.471037400843814,
dense,2026,189.86227838,9521,48,True,0.4399559795452297,1.3686086282067436,
dense,2026,189.86227838,9537,24,True,0.31489172598838827,0.953447941312575,
dense,2026,189.86227838,9537,48,True,0.35374982478709543,1.071860853321127,
dense,2026,189.86227838,9553,24,True,0.3282527898699786,1.0207449736704775,
dense,2026,189.86227838,9553,48,True,0.4548411844871279,1.4021307734788395,
dense,2026,189.86227838,9561,24,True,0.37029295645250176,1.1534240231275832,
dense,2026,189.86227838,9561,48,True,0.5209947253829147,1.6190216556531416,
dense,2026,189.86227838,9577,24,True,0.3892978002532744,1.2251143872743504,
dense,2026,189.86227838,9577,48,True,0.5495071672269282,1.7183198569982476,
dense,2026,189.86227838,9593,24,True,0.35291680002234643,1.1104747772464123,
dense,2026,189.86227838,9593,48,True,0.4964220814483588,1.54503631763782,
dense,2026,189.86227838,9609,24,True,0.36485747245978234,1.1632055521176097,
dense,2026,189.86227838,9609,48,True,0.5156998001196466,1.6120722423229203,
structured,1248,70.3146353337,976,24,True,2.7180449662908948,16.04764692663758,
structured,1248,70.3146353337,976,48,True,7.077798944084678,30.66164399511619,
structured,1248,70.3146353337,984,24,True,2.8604824268507074,15.97454292396234,
structured,1248,70.3146353337,984,48,True,6.743184678990718,28.30884788963752,
structured,1248,70.3146353337,1000,24,True,2.0102109464584843,9.62383566113331,
structured,1248,70.3146353337,1000,48,True,3.5999265727506997,14.482302443185054,
structured,1248,70.3146353337,1016,24,True,0.7432404095353897,3.910885209202103,
structured,1248,70.3146353337,1016,48,True,0.8316800869976824,4.1197534607126345,
structured,1248,70.3146353337,1024,24,True,0.69021110961741,3.6056263816085306,
structured,1248,70.3146353337,1024,48,True,0.7179367960430788,3.6298815417454797,
structured,1248,70.3146353337,1040,24,True,0.6865802542395989,3.4165064063293635,
structured,1248,70.3146353337,1040,48,True,0.7632099996854341,3.546968387034775,
structured,1248,70.3146353337,1056,24,True,0.767124155326127,3.6596250609563707,
structured,1248,70.3146353337,1056,48,True,0.9896127983146311,4.210006759444343,
structured,1248,70.3146353337,1072,24,True,0.8131296457569688,3.7953067449715974,
structured,1248,70.3146353337,1072,48,True,1.105103377957639,4.551673152446071,
structured,1248,100.352251335,3874,24,True,0.38667851513659485,1.9225677523115758,
structured,1248,100.352251335,3874,48,True,0.404248089830507,1.8953142659232445,
structured,1248,100.352251335,3882,24,True,0.4394081675375073,1.985985799733637,
structured,1248,100.352251335,3882,48,True,0.5850117409804448,2.454185207861793,
structured,1248,100.352251335,3898,24,True,0.3855636557882057,1.8750890232660045,
structured,1248,100.352251335,3898,48,True,0.54605306532179,2.368276999497415,
structured,1248,100.352251335,3914,24,True,0.34427214622330243,1.711189312749811,
structured,1248,100.352251335,3914,48,True,0.49252422904399046,2.1391342342762107,
structured,1248,100.352251335,3922,24,True,0.3429203673382844,1.6907101592280203,
structured,1248,100.352251335,3922,48,True,0.4652295895499812,2.0293783530236262,
structured,1248,100.352251335,3938,24,True,0.3374591936168206,1.6774213759552483,
structured,1248,100.352251335,3938,48,True,0.3918547481740166,1.8050935943176514,
structured,1248,100.352251335,3954,24,True,0.3107959571188132,1.618948203896445,
structured,1248,100.352251335,3954,48,True,0.32870042814755535,1.6673306743957383,
structured,1248,100.352251335,3970,24,True,0.29763520155255235,1.5983143450361095,
structured,1248,100.352251335,3970,48,True,0.3390273191329604,1.744047414187027,
structured,1248,149.059229449,7258,24,True,0.3503732925323338,1.3368394961439194,
structured,1248,149.059229449,7258,48,True,0.4821800925074499,1.9235077766418336,
structured,1248,149.059229449,7266,24,True,0.30543498803485414,1.213464655304892,
structured,1248,149.059229449,7266,48,True,0.512859401753229,2.0110532601526305,
structured,1248,149.059229449,7282,24,True,0.25671553311630285,0.9862701824551445,
structured,1248,149.059229449,7282,48,True,0.39028912235399726,1.483548329155915,
structured,1248,149.059229449,7298,24,True,0.2345391144021682,0.9133213935214557,
structured,1248,149.059229449,7298,48,True,0.2964873794276948,1.1132924313783243,
structured,1248,149.059229449,7306,24,True,0.22626746401883865,0.8602200994743742,
structured,1248,149.059229449,7306,48,True,0.2505888957882332,0.962405784835967,
structured,1248,149.059229449,7322,24,True,0.22467628573490175,0.880440304641667,
structured,1248,149.059229449,7322,48,True,0.2790355837753004,1.0570239874938894,
structured,1248,149.059229449,7338,24,True,0.22136363723725339,0.8453879866874431,
structured,1248,149.059229449,7338,48,True,0.2357219960842727,0.9049158852623288,
structured,1248,149.059229449,7354,24,True,0.22195690038787416,0.8521080541114797,
structured,1248,149.059229449,7354,48,True,0.26766053407612156,1.009120687997978,
structured,1248,189.86227838,9513,24,True,0.5394507331103396,1.8116636486625002,
structured,1248,189.86227838,9513,48,True,0.6873467165440816,2.382967319615899,
structured,1248,189.86227838,9521,24,True,0.40723131795904965,1.2865324985001239,
structured,1248,189.86227838,9521,48,True,0.5790919473248227,2.0254343937720236,
structured,1248,189.86227838,9537,24,True,0.3485393156497249,1.3484974933593514,
structured,1248,189.86227838,9537,48,True,0.7333269892441714,2.8530688840181084,
structured,1248,189.86227838,9553,24,True,0.4705972018972693,2.0645256489753705,
structured,1248,189.86227838,9553,48,True,0.963151241871627,3.787691467713927,
structured,1248,189.86227838,9561,24,True,0.4096448610450967,1.5810882894845417,
structured,1248,189.86227838,9561,48,True,0.8526419869785151,3.293266591146757,
structured,1248,189.86227838,9577,24,True,0.42933124493288816,1.7649823365392638,
structured,1248,189.86227838,9577,48,True,0.8664098827307006,3.398946343485285,
structured,1248,189.86227838,9593,24,True,0.4370307719704867,1.7639372140986884,
structured,1248,189.86227838,9593,48,True,0.8848415192624156,3.431333449643496,
structured,1248,189.86227838,9609,24,True,0.3941670186620711,1.5058893340313524,
structured,1248,189.86227838,9609,48,True,0.8319159520725529,3.2074709778146846,
structured,1600,70.3146353337,976,24,True,1.39307329193146,6.642488148933933,
structured,1600,70.3146353337,976,48,True,3.8497981888041033,17.97925183778518,
structured,1600,70.3146353337,984,24,True,1.7736469971828122,9.012219618485677,
structured,1600,70.3146353337,984,48,True,5.338170371583591,23.065974955925117,
structured,1600,70.3146353337,1000,24,True,3.103475748644533,15.735134493540373,
structured,1600,70.3146353337,1000,48,True,7.176239967980436,28.723048562532572,
structured,1600,70.3146353337,1016,24,True,2.710274831354821,11.659553695090187,
structured,1600,70.3146353337,1016,48,True,4.529965160607626,16.874430370538647,
structured,1600,70.3146353337,1024,24,True,2.48882744006139,10.279614257802825,
structured,1600,70.3146353337,1024,48,True,4.115598374222992,15.136049766583918,
structured,1600,70.3146353337,1040,24,True,1.9323148519469597,7.646556465205568,
structured,1600,70.3146353337,1040,48,True,3.1490113667991833,11.46876854261,
structured,1600,70.3146353337,1056,24,True,1.7742959699637808,6.890303368804214,
structured,1600,70.3146353337,1056,48,True,2.951776104983436,10.734058131367986,
structured,1600,70.3146353337,1072,24,True,1.7790857786806715,6.951119371742448,
structured,1600,70.3146353337,1072,48,True,3.0497724119567415,11.048868230713774,
structured,1600,100.352251335,3874,24,True,0.5717562587657807,2.6615298024321614,
structured,1600,100.352251335,3874,48,True,0.6763987873845493,3.428069280062837,
structured,1600,100.352251335,3882,24,True,0.4404703233385532,2.427548565018532,
structured,1600,100.352251335,3882,48,True,0.6659798149727421,3.4350621638453362,
structured,1600,100.352251335,3898,24,True,0.4394569710514364,2.464421889917801,
structured,1600,100.352251335,3898,48,True,0.7215795772696323,3.4028637574772147,
structured,1600,100.352251335,3914,24,True,0.44119579333564607,2.3250322252998075,
structured,1600,100.352251335,3914,48,True,0.6532357165321055,3.0545349225991374,
structured,1600,100.352251335,3922,24,True,0.4372834345634195,2.253833614090946,
structured,1600,100.352251335,3922,48,True,0.6189001346965427,2.9478743971678973,
structured,1600,100.352251335,3938,24,True,0.4196244252092208,2.1619791407511637,
structured,1600,100.352251335,3938,48,True,0.5952692385793253,3.0240249515849356,
structured,1600,100.352251335,3954,24,True,0.43797163706743253,2.3931179468464636,
structured,1600,100.352251335,3954,48,True,0.7673393035638002,3.8162342239626823,
structured,1600,100.352251335,3970,24,True,0.47615480878315236,2.763030895872524,
structured,1600,100.352251335,3970,48,True,0.9264383284649078,4.393002323678623,
structured,1600,149.059229449,7258,24,True,0.7643489991725598,2.8318225336203824,
structured,1600,149.059229449,7258,48,True,1.458623109275263,5.694526958550437,
structured,1600,149.059229449,7266,24,True,0.5149890717094848,2.128758919217087,
structured,1600,149.059229449,7266,48,True,1.1276874558495253,4.6099127422065544,
structured,1600,149.059229449,7282,24,True,0.6499392971325665,2.6172142165120156,
structured,1600,149.059229449,7282,48,True,1.2736764230399924,4.889758586950054,
structured,1600,149.059229449,7298,24,True,0.4151764997553918,1.5527449978361345,
structured,1600,149.059229449,7298,48,True,0.5986427597785305,2.1882981331401834,
structured,1600,149.059229449,7306,24,True,0.4008167206971585,1.5683208699079356,
structured,1600,149.059229449,7306,48,True,0.5972476508972187,2.215000558048439,
structured,1600,149.059229449,7322,24,True,0.33885068190925266,1.2865962562354076,
structured,1600,149.059229449,7322,48,True,0.3655469170222642,1.4236225672493152,
structured,1600,149.059229449,7338,24,True,0.31935738979297096,1.3184125711544887,
structured,1600,149.059229449,7338,48,True,0.4363848184500265,1.695514494460318,
structured,1600,149.059229449,7354,24,True,0.2968130139195902,1.2830024700617437,
structured,1600,149.059229449,7354,48,True,0.37813886235265176,1.6470368747650432,
structured,1600,189.86227838,9513,24,True,0.9196760138767545,3.236853232913339,
structured,1600,189.86227838,9513,48,True,1.000704734283225,4.809205258498209,
structured,1600,189.86227838,9521,24,True,0.7701970661839047,3.69438254995325,
structured,1600,189.86227838,9521,48,True,1.3421525923101976,6.750235044499821,
structured,1600,189.86227838,9537,24,True,0.5327336383556041,2.5810533206418325,
structured,1600,189.86227838,9537,48,True,0.9218227815839289,4.083115629520162,
structured,1600,189.86227838,9553,24,True,0.4585242651128188,1.8220396844031483,
structured,1600,189.86227838,9553,48,True,0.5504819574238721,2.386887210740768,
structured,1600,189.86227838,9561,24,True,0.4087792904806347,1.6438111032472216,
structured,1600,189.86227838,9561,48,True,0.5450208344330031,2.35749013580882,
structured,1600,189.86227838,9577,24,True,0.3937284903783013,1.4616556901868396,
structured,1600,189.86227838,9577,48,True,0.5627837635281566,2.2965747961138234,
structured,1600,189.86227838,9593,24,True,0.43117535400372775,1.7875046474642202,
structured,1600,189.86227838,9593,48,True,0.6658697231395517,2.6652439871353573,
structured,1600,189.86227838,9609,24,True,0.4130333433578491,1.5429796128152036,
structured,1600,189.86227838,9609,48,True,0.6441975145587827,2.5097079534805116,
structured,2026,70.3146353337,976,24,True,0.9714920458400701,4.765002443854659,
structured,2026,70.3146353337,976,48,True,2.4006986860431057,10.374761039502891,
structured,2026,70.3146353337,984,24,True,0.9826561483753106,4.4951139361599175,
structured,2026,70.3146353337,984,48,True,1.6950832420588693,7.11682753239791,
structured,2026,70.3146353337,1000,24,True,0.7759136290707168,3.848073960000868,
structured,2026,70.3146353337,1000,48,True,0.8225144948339049,4.144865084135076,
structured,2026,70.3146353337,1016,24,True,0.7660862480239854,4.095934436435982,
structured,2026,70.3146353337,1016,48,True,0.8994477086351891,4.518361129913813,
structured,2026,70.3146353337,1024,24,True,0.7044614145996221,3.8327924156804216,
structured,2026,70.3146353337,1024,48,True,0.9353592468556867,4.617332587828844,
structured,2026,70.3146353337,1040,24,True,0.6706739650250094,3.5652990283746333,
structured,2026,70.3146353337,1040,48,True,0.9878552315424617,4.713183513689632,
structured,2026,70.3146353337,1056,24,True,0.6551102423990429,3.3616613135114126,
structured,2026,70.3146353337,1056,48,True,0.895970225805946,4.2891187899392635,
structured,2026,70.3146353337,1072,24,True,0.6431816064776691,3.2372731504079546,
structured,2026,70.3146353337,1072,48,True,0.7578227803382468,3.67320382443984,
structured,2026,100.352251335,3874,24,True,0.44678890860696185,2.0482651460585664,
structured,2026,100.352251335,3874,48,True,0.6550218445999388,2.6959157730835215,
structured,2026,100.352251335,3882,24,True,0.39698666454491144,1.8460043030272753,
structured,2026,100.352251335,3882,48,True,0.6678061950432174,2.764196388089843,
structured,2026,100.352251335,3898,24,True,0.3473430449525184,1.7258533258968753,
structured,2026,100.352251335,3898,48,True,0.6138132650883216,2.604709299674234,
structured,2026,100.352251335,3914,24,True,0.33553573173156837,1.7026109322534293,
structured,2026,100.352251335,3914,48,True,0.5819854558911389,2.5013143774444724,
structured,2026,100.352251335,3922,24,True,0.32929171817188,1.6808692484870018,
structured,2026,100.352251335,3922,48,True,0.5845261641060226,2.527771077213424,
structured,2026,100.352251335,3938,24,True,0.33609034253378905,1.7130416176488665,
structured,2026,100.352251335,3938,48,True,0.6339212638365991,2.740951741328972,
structured,2026,100.352251335,3954,24,True,0.3339775141446338,1.7393902254686147,
structured,2026,100.352251335,3954,48,True,0.6418139185446216,2.8035620967482537,
structured,2026,100.352251335,3970,24,True,0.3282517879211304,1.7552992918650252,
structured,2026,100.352251335,3970,48,True,0.6293005344077184,2.786334951660543,
structured,2026,149.059229449,7258,24,True,0.41289867418551734,1.5597225952251872,
structured,2026,149.059229449,7258,48,True,0.7535021550411183,2.849503510305904,
structured,2026,149.059229449,7266,24,True,0.3997392938237274,1.4771985271906853,
structured,2026,149.059229449,7266,48,True,0.7203571511147349,2.6653308023269386,
structured,2026,149.059229449,7282,24,True,0.3596024940300236,1.4315187651672208,
structured,2026,149.059229449,7282,48,True,0.6314608971270315,2.3433521546481475,
structured,2026,149.059229449,7298,24,True,0.2722672612532817,1.0264769914136669,
structured,2026,149.059229449,7298,48,True,0.4072387135414959,1.5023769158381175,
structured,2026,149.059229449,7306,24,True,0.2556795651902552,0.9852148440532159,
structured,2026,149.059229449,7306,48,True,0.3727879870940895,1.387882615998568,
structured,2026,149.059229449,7322,24,True,0.2744902829747585,1.0465358342625681,
structured,2026,149.059229449,7322,48,True,0.4067006513703457,1.5185104340459927,
structured,2026,149.059229449,7338,24,True,0.28471930748555657,1.0861428186245918,
structured,2026,149.059229449,7338,48,True,0.4436829046431708,1.644214489818147,
structured,2026,149.059229449,7354,24,True,0.2625065589726674,1.0210497847171525,
structured,2026,149.059229449,7354,48,True,0.3800173964759606,1.424708927428684,
structured,2026,189.86227838,9513,24,True,0.5439233035864323,1.8162570608634743,
structured,2026,189.86227838,9513,48,True,0.7543696120376492,2.6414440097169045,
structured,2026,189.86227838,9521,24,True,0.49413408587448804,1.7242771421614318,
structured,2026,189.86227838,9521,48,True,0.7571037307533331,2.645660463507073,
structured,2026,189.86227838,9537,24,True,0.28415441144003933,0.8742322498990974,
structured,2026,189.86227838,9537,48,True,0.35688578839079854,1.1493779091959577,
structured,2026,189.86227838,9553,24,True,0.2521909304625372,0.7719767316911476,
structured,2026,189.86227838,9553,48,True,0.3119191522062513,1.0002104533344836,
structured,2026,189.86227838,9561,24,True,0.2529309815910806,0.7919431676663592,
structured,2026,189.86227838,9561,48,True,0.34201121580940397,1.1192645758758102,
structured,2026,189.86227838,9577,24,True,0.2963184417826203,0.9932259040612633,
structured,2026,189.86227838,9577,48,True,0.43195211888017065,1.4611415547033182,
structured,2026,189.86227838,9593,24,True,0.2657072472507227,0.8340926272936596,
structured,2026,189.86227838,9593,48,True,0.3664275352892245,1.2152738513461665,
structured,2026,189.86227838,9609,24,True,0.2504008752424302,0.7754767232994416,
structured,2026,189.86227838,9609,48,True,0.29935087390618104,0.9792470646081558,
OpInf,deterministic,70.3146353337,976,24,True,3.9130212322611917,244.96272808539575,
OpInf,deterministic,70.3146353337,976,48,True,6.215673607232635,239.3327477250864,
OpInf,deterministic,70.3146353337,984,24,True,5.829685475225385,239.80327607293353,
OpInf,deterministic,70.3146353337,984,48,True,7.9465507865061795,235.4403039461357,
OpInf,deterministic,70.3146353337,1000,24,True,9.429299874876943,227.45725298064474,
OpInf,deterministic,70.3146353337,1000,48,True,12.61450446064361,226.85746585589217,
OpInf,deterministic,70.3146353337,1016,24,True,11.421007298241273,222.637390942527,
OpInf,deterministic,70.3146353337,1016,48,True,13.943819474085439,224.35725761021453,
OpInf,deterministic,70.3146353337,1024,24,True,12.475073336207117,222.91511989889514,
OpInf,deterministic,70.3146353337,1024,48,True,15.139752904715577,222.84343613920282,
OpInf,deterministic,70.3146353337,1040,24,True,12.414258189024233,224.10063121747672,
OpInf,deterministic,70.3146353337,1040,48,True,15.619293892982759,224.65785174019138,
OpInf,deterministic,70.3146353337,1056,24,True,12.573788553493552,225.83888218781416,
OpInf,deterministic,70.3146353337,1056,48,True,14.630956400290932,225.28036866574044,
OpInf,deterministic,70.3146353337,1072,24,True,13.22339320637152,225.2998852173937,
OpInf,deterministic,70.3146353337,1072,48,True,16.220454637465554,225.53389567210925,
OpInf,deterministic,100.352251335,3874,24,True,15.427750732305563,66.8761834242192,
OpInf,deterministic,100.352251335,3874,48,True,18.32516284258122,68.50871885982332,
OpInf,deterministic,100.352251335,3882,24,True,14.34957603223534,68.60115325484801,
OpInf,deterministic,100.352251335,3882,48,True,17.067245338593697,68.89829297643608,
OpInf,deterministic,100.352251335,3898,24,True,13.64674682817367,69.56868876702937,
OpInf,deterministic,100.352251335,3898,48,True,15.751377112062487,69.4557618531832,
OpInf,deterministic,100.352251335,3914,24,True,13.564888571893531,69.56124064302124,
OpInf,deterministic,100.352251335,3914,48,True,15.507372071367646,69.54639835395814,
OpInf,deterministic,100.352251335,3922,24,True,13.56800048035565,69.50697049458547,
OpInf,deterministic,100.352251335,3922,48,True,15.474617611034729,69.53681584129158,
OpInf,deterministic,100.352251335,3938,24,True,13.579307099285288,69.41416574390084,
OpInf,deterministic,100.352251335,3938,48,True,15.439084586038016,69.52307607776787,
OpInf,deterministic,100.352251335,3954,24,True,13.569328571888002,69.36625707754443,
OpInf,deterministic,100.352251335,3954,48,True,15.381886914939265,69.55665715876921,
OpInf,deterministic,100.352251335,3970,24,True,13.533921791032808,69.3715698469569,
OpInf,deterministic,100.352251335,3970,48,True,15.249849711412269,69.63416043372746,
OpInf,deterministic,149.059229449,7258,24,True,15.937375424540614,42.867711919882815,
OpInf,deterministic,149.059229449,7258,48,True,17.910942202680122,42.22404804981621,
OpInf,deterministic,149.059229449,7266,24,True,15.025312077718795,42.37525920742815,
OpInf,deterministic,149.059229449,7266,48,True,16.63971526424652,42.10137430591405,
OpInf,deterministic,149.059229449,7282,24,True,14.71584123344399,42.21547562366609,
OpInf,deterministic,149.059229449,7282,48,True,16.274230307694022,42.16502580099485,
OpInf,deterministic,149.059229449,7298,24,True,14.893589529669287,42.226224431488426,
OpInf,deterministic,149.059229449,7298,48,True,16.90497299155508,42.10277131391994,
OpInf,deterministic,149.059229449,7306,24,True,15.025005939118538,42.212079556467934,
OpInf,deterministic,149.059229449,7306,48,True,17.310837570901324,42.02938131429809,
OpInf,deterministic,149.059229449,7322,24,True,15.267045208192059,42.088766569815974,
OpInf,deterministic,149.059229449,7322,48,True,18.05077351137253,41.74371086937908,
OpInf,deterministic,149.059229449,7338,24,True,15.28317283831924,42.17048341243944,
OpInf,deterministic,149.059229449,7338,48,True,17.855770307926377,41.93633677784595,
OpInf,deterministic,149.059229449,7354,24,True,15.381733884396477,42.134311417420896,
OpInf,deterministic,149.059229449,7354,48,True,18.12074057384649,42.00893140108193,
OpInf,deterministic,189.86227838,9513,24,True,25.68654456453466,50.10021515625285,
OpInf,deterministic,189.86227838,9513,48,True,24.685043381830795,48.195197790768624,
OpInf,deterministic,189.86227838,9521,24,True,26.420668244619034,48.10489478549136,
OpInf,deterministic,189.86227838,9521,48,True,22.49271712910458,46.67184465124541,
OpInf,deterministic,189.86227838,9537,24,True,24.048876238138813,52.40617497012798,
OpInf,deterministic,189.86227838,9537,48,True,22.592696446138024,50.47672113554282,
OpInf,deterministic,189.86227838,9553,24,True,23.45417778544373,53.77114556510247,
OpInf,deterministic,189.86227838,9553,48,True,25.89626934356794,50.25691875531811,
OpInf,deterministic,189.86227838,9561,24,True,23.643618106232868,53.86287237975495,
OpInf,deterministic,189.86227838,9561,48,True,24.800126921873968,51.68185495868403,
OpInf,deterministic,189.86227838,9577,24,True,23.856592695848818,53.352226936087305,
OpInf,deterministic,189.86227838,9577,48,True,25.36510957241198,49.748760603524595,
OpInf,deterministic,189.86227838,9593,24,True,23.5691693846664,53.348504465407835,
OpInf,deterministic,189.86227838,9593,48,True,25.507361425926025,49.5283004303457,
OpInf,deterministic,189.86227838,9609,24,True,23.31309674666636,54.162552557378724,
OpInf,deterministic,189.86227838,9609,48,True,24.51566670571202,52.156251802191264,
ql-ROM-style (fixed POD),1248,70.3146353337,976,24,True,1.8618768681386235,26.336603317078517,
ql-ROM-style (fixed POD),1248,70.3146353337,976,48,True,5.104320897554682,33.09527228707531,
ql-ROM-style (fixed POD),1248,70.3146353337,984,24,True,2.3704835659734806,26.002494068654524,
ql-ROM-style (fixed POD),1248,70.3146353337,984,48,True,5.754331058931286,32.989215703920706,
ql-ROM-style (fixed POD),1248,70.3146353337,1000,24,True,2.714363909651796,24.697476994397903,
ql-ROM-style (fixed POD),1248,70.3146353337,1000,48,True,5.54634467738807,30.349092903084976,
ql-ROM-style (fixed POD),1248,70.3146353337,1016,24,True,3.0015170712838706,25.47391791801934,
ql-ROM-style (fixed POD),1248,70.3146353337,1016,48,True,5.271042352407117,29.41397831112087,
ql-ROM-style (fixed POD),1248,70.3146353337,1024,24,True,3.168990111813913,26.125776233558792,
ql-ROM-style (fixed POD),1248,70.3146353337,1024,48,True,5.376391573272303,29.75683735919605,
ql-ROM-style (fixed POD),1248,70.3146353337,1040,24,True,3.509056632033668,27.229701965178666,
ql-ROM-style (fixed POD),1248,70.3146353337,1040,48,True,5.92987792302793,31.247224389339276,
ql-ROM-style (fixed POD),1248,70.3146353337,1056,24,True,3.6281735232151378,27.630481469405094,
ql-ROM-style (fixed POD),1248,70.3146353337,1056,48,True,6.145915161677796,31.850248162636518,
ql-ROM-style (fixed POD),1248,70.3146353337,1072,24,True,3.648023624209524,27.737137934386954,
ql-ROM-style (fixed POD),1248,70.3146353337,1072,48,True,6.185481084341082,31.983130968305257,
ql-ROM-style (fixed POD),1248,100.352251335,3874,24,True,2.3859186647856383,22.589075331235332,
ql-ROM-style (fixed POD),1248,100.352251335,3874,48,True,4.62425827459822,27.09799604867162,
ql-ROM-style (fixed POD),1248,100.352251335,3882,24,True,2.9097691491213538,23.97129293692721,
ql-ROM-style (fixed POD),1248,100.352251335,3882,48,True,6.6044311282468975,32.32138540523625,
ql-ROM-style (fixed POD),1248,100.352251335,3898,24,True,3.4481515991479994,25.800384345396463,
ql-ROM-style (fixed POD),1248,100.352251335,3898,48,True,8.026147261513465,36.80291324226273,
ql-ROM-style (fixed POD),1248,100.352251335,3914,24,True,3.5494982624701543,26.136402936855344,
ql-ROM-style (fixed POD),1248,100.352251335,3914,48,True,8.2065967591886,37.370301438972085,
ql-ROM-style (fixed POD),1248,100.352251335,3922,24,True,3.5602398385181453,26.168596518301115,
ql-ROM-style (fixed POD),1248,100.352251335,3922,48,True,8.219245134499808,37.404211510088466,
ql-ROM-style (fixed POD),1248,100.352251335,3938,24,True,3.5773076418205996,26.210830199569603,
ql-ROM-style (fixed POD),1248,100.352251335,3938,48,True,8.241577168062895,37.456460269628515,
ql-ROM-style (fixed POD),1248,100.352251335,3954,24,True,3.596097476447724,26.25722296164597,
ql-ROM-style (fixed POD),1248,100.352251335,3954,48,True,8.27571057507551,37.54396173305171,
ql-ROM-style (fixed POD),1248,100.352251335,3970,24,True,3.626011859257338,26.335587024053222,
ql-ROM-style (fixed POD),1248,100.352251335,3970,48,True,8.32337123614525,37.663414989892885,
ql-ROM-style (fixed POD),1248,149.059229449,7258,24,True,1.4381771188985144,17.109016567842676,
ql-ROM-style (fixed POD),1248,149.059229449,7258,48,True,2.16748240686745,17.923404998925193,
ql-ROM-style (fixed POD),1248,149.059229449,7266,24,True,1.3317883200437979,16.8537553736482,
ql-ROM-style (fixed POD),1248,149.059229449,7266,48,True,1.9526455200851063,17.65475110330915,
ql-ROM-style (fixed POD),1248,149.059229449,7282,24,True,1.1938258485924154,16.718246245125783,
ql-ROM-style (fixed POD),1248,149.059229449,7282,48,True,1.6325298561795272,17.501537900646724,
ql-ROM-style (fixed POD),1248,149.059229449,7298,24,True,1.1859957552200677,16.88563748365735,
ql-ROM-style (fixed POD),1248,149.059229449,7298,48,True,1.4810217496203621,17.661334149663315,
ql-ROM-style (fixed POD),1248,149.059229449,7306,24,True,1.213398413269091,16.976689849531788,
ql-ROM-style (fixed POD),1248,149.059229449,7306,48,True,1.4850362775833446,17.747566283120946,
ql-ROM-style (fixed POD),1248,149.059229449,7322,24,True,1.2041013148442132,17.002533537546512,
ql-ROM-style (fixed POD),1248,149.059229449,7322,48,True,1.461754383409385,17.841833917814565,
ql-ROM-style (fixed POD),1248,149.059229449,7338,24,True,1.2561580520803226,16.990518006738874,
ql-ROM-style (fixed POD),1248,149.059229449,7338,48,True,1.571329713666931,17.877395893694864,
ql-ROM-style (fixed POD),1248,149.059229449,7354,24,True,1.2344951798130301,16.93633600245457,
ql-ROM-style (fixed POD),1248,149.059229449,7354,48,True,1.5418470779751938,17.796448929559613,
ql-ROM-style (fixed POD),1248,189.86227838,9513,24,True,1.1099755937640667,14.6220144476609,
ql-ROM-style (fixed POD),1248,189.86227838,9513,48,True,1.18389834916996,14.589217028635588,
ql-ROM-style (fixed POD),1248,189.86227838,9521,24,True,1.0285102111281617,14.449184179794864,
ql-ROM-style (fixed POD),1248,189.86227838,9521,48,True,1.079499390511886,14.634445427691235,
ql-ROM-style (fixed POD),1248,189.86227838,9537,24,True,0.9542639024036955,14.324925265220921,
ql-ROM-style (fixed POD),1248,189.86227838,9537,48,True,1.0818084976096867,14.495082956058903,
ql-ROM-style (fixed POD),1248,189.86227838,9553,24,True,0.9592682146182187,14.346954072990561,
ql-ROM-style (fixed POD),1248,189.86227838,9553,48,True,1.1671969806418119,14.500470290915594,
ql-ROM-style (fixed POD),1248,189.86227838,9561,24,True,0.9489704986487301,14.327854694729147,
ql-ROM-style (fixed POD),1248,189.86227838,9561,48,True,1.2230093782133538,14.52459637339391,
ql-ROM-style (fixed POD),1248,189.86227838,9577,24,True,0.9646287497327174,14.353302384792736,
ql-ROM-style (fixed POD),1248,189.86227838,9577,48,True,1.2064865821650959,14.532229245009148,
ql-ROM-style (fixed POD),1248,189.86227838,9593,24,True,0.9524981662477128,14.348188799634451,
ql-ROM-style (fixed POD),1248,189.86227838,9593,48,True,1.2447277871410962,14.542872630188242,
ql-ROM-style (fixed POD),1248,189.86227838,9609,24,True,0.9839299465943986,14.371027180920334,
ql-ROM-style (fixed POD),1248,189.86227838,9609,48,True,1.2469926918373644,14.539591690515673,
ql-ROM-style (fixed POD),1600,70.3146353337,976,24,True,1.8618768681386235,26.336603317078517,
ql-ROM-style (fixed POD),1600,70.3146353337,976,48,True,5.104320897554682,33.09527228707531,
ql-ROM-style (fixed POD),1600,70.3146353337,984,24,True,2.3704835659734806,26.002494068654524,
ql-ROM-style (fixed POD),1600,70.3146353337,984,48,True,5.754331058931286,32.989215703920706,
ql-ROM-style (fixed POD),1600,70.3146353337,1000,24,True,2.714363909651796,24.697476994397903,
ql-ROM-style (fixed POD),1600,70.3146353337,1000,48,True,5.54634467738807,30.349092903084976,
ql-ROM-style (fixed POD),1600,70.3146353337,1016,24,True,3.0015170712838706,25.47391791801934,
ql-ROM-style (fixed POD),1600,70.3146353337,1016,48,True,5.271042352407117,29.41397831112087,
ql-ROM-style (fixed POD),1600,70.3146353337,1024,24,True,3.168990111813913,26.125776233558792,
ql-ROM-style (fixed POD),1600,70.3146353337,1024,48,True,5.376391573272303,29.75683735919605,
ql-ROM-style (fixed POD),1600,70.3146353337,1040,24,True,3.509056632033668,27.229701965178666,
ql-ROM-style (fixed POD),1600,70.3146353337,1040,48,True,5.92987792302793,31.247224389339276,
ql-ROM-style (fixed POD),1600,70.3146353337,1056,24,True,3.6281735232151378,27.630481469405094,
ql-ROM-style (fixed POD),1600,70.3146353337,1056,48,True,6.145915161677796,31.850248162636518,
ql-ROM-style (fixed POD),1600,70.3146353337,1072,24,True,3.648023624209524,27.737137934386954,
ql-ROM-style (fixed POD),1600,70.3146353337,1072,48,True,6.185481084341082,31.983130968305257,
ql-ROM-style (fixed POD),1600,100.352251335,3874,24,True,2.3859186647856383,22.589075331235332,
ql-ROM-style (fixed POD),1600,100.352251335,3874,48,True,4.62425827459822,27.09799604867162,
ql-ROM-style (fixed POD),1600,100.352251335,3882,24,True,2.9097691491213538,23.97129293692721,
ql-ROM-style (fixed POD),1600,100.352251335,3882,48,True,6.6044311282468975,32.32138540523625,
ql-ROM-style (fixed POD),1600,100.352251335,3898,24,True,3.4481515991479994,25.800384345396463,
ql-ROM-style (fixed POD),1600,100.352251335,3898,48,True,8.026147261513465,36.80291324226273,
ql-ROM-style (fixed POD),1600,100.352251335,3914,24,True,3.5494982624701543,26.136402936855344,
ql-ROM-style (fixed POD),1600,100.352251335,3914,48,True,8.2065967591886,37.370301438972085,
ql-ROM-style (fixed POD),1600,100.352251335,3922,24,True,3.5602398385181453,26.168596518301115,
ql-ROM-style (fixed POD),1600,100.352251335,3922,48,True,8.219245134499808,37.404211510088466,
ql-ROM-style (fixed POD),1600,100.352251335,3938,24,True,3.5773076418205996,26.210830199569603,
ql-ROM-style (fixed POD),1600,100.352251335,3938,48,True,8.241577168062895,37.456460269628515,
ql-ROM-style (fixed POD),1600,100.352251335,3954,24,True,3.596097476447724,26.25722296164597,
ql-ROM-style (fixed POD),1600,100.352251335,3954,48,True,8.27571057507551,37.54396173305171,
ql-ROM-style (fixed POD),1600,100.352251335,3970,24,True,3.626011859257338,26.335587024053222,
ql-ROM-style (fixed POD),1600,100.352251335,3970,48,True,8.32337123614525,37.663414989892885,
ql-ROM-style (fixed POD),1600,149.059229449,7258,24,True,1.49431667828303,17.17981362203481,
ql-ROM-style (fixed POD),1600,149.059229449,7258,48,True,2.4210409807855884,18.33287574429438,
ql-ROM-style (fixed POD),1600,149.059229449,7266,24,True,1.3862436868517811,16.828150890732825,
ql-ROM-style (fixed POD),1600,149.059229449,7266,48,True,2.189787206314211,17.916519764700677,
ql-ROM-style (fixed POD),1600,149.059229449,7282,24,True,1.2933554158351424,16.813192251700258,
ql-ROM-style (fixed POD),1600,149.059229449,7282,48,True,2.0142693748056746,17.826359690236448,
ql-ROM-style (fixed POD),1600,149.059229449,7298,24,True,1.3478818318617927,16.94946763287824,
ql-ROM-style (fixed POD),1600,149.059229449,7298,48,True,2.1434464771836654,18.07087724380243,
ql-ROM-style (fixed POD),1600,149.059229449,7306,24,True,1.3828461014480544,17.010724712581105,
ql-ROM-style (fixed POD),1600,149.059229449,7306,48,True,2.2151987666841015,18.194000589846166,
ql-ROM-style (fixed POD),1600,149.059229449,7322,24,True,1.3171066816810746,16.968009653876177,
ql-ROM-style (fixed POD),1600,149.059229449,7322,48,True,2.0789614131147185,18.032584143295384,
ql-ROM-style (fixed POD),1600,149.059229449,7338,24,True,1.2771635469161782,16.958247782558633,
ql-ROM-style (fixed POD),1600,149.059229449,7338,48,True,1.9788686734445002,17.921925120081614,
ql-ROM-style (fixed POD),1600,149.059229449,7354,24,True,1.2849212103720038,16.934039430447537,
ql-ROM-style (fixed POD),1600,149.059229449,7354,48,True,1.9674477876971042,17.890248183111797,
ql-ROM-style (fixed POD),1600,189.86227838,9513,24,True,1.2025792516304483,14.77409883561768,
ql-ROM-style (fixed POD),1600,189.86227838,9513,48,True,1.326908502983094,14.786336485024941,
ql-ROM-style (fixed POD),1600,189.86227838,9521,24,True,1.0318818896320148,14.408520487754325,
ql-ROM-style (fixed POD),1600,189.86227838,9521,48,True,1.11941888139465,14.657715587235202,
ql-ROM-style (fixed POD),1600,189.86227838,9537,24,True,0.9542294229170256,14.35980496704474,
ql-ROM-style (fixed POD),1600,189.86227838,9537,48,True,1.0961885673842746,14.601426997682571,
ql-ROM-style (fixed POD),1600,189.86227838,9553,24,True,1.0004781282964197,14.406601321479874,
ql-ROM-style (fixed POD),1600,189.86227838,9553,48,True,1.2494831050228268,14.617932896399184,
ql-ROM-style (fixed POD),1600,189.86227838,9561,24,True,0.9750371412791866,14.410659583513484,
ql-ROM-style (fixed POD),1600,189.86227838,9561,48,True,1.2426786379097734,14.62379226227437,
ql-ROM-style (fixed POD),1600,189.86227838,9577,24,True,0.9800751985637243,14.382487252079608,
ql-ROM-style (fixed POD),1600,189.86227838,9577,48,True,1.2281149559527924,14.61385561724567,
ql-ROM-style (fixed POD),1600,189.86227838,9593,24,True,0.9903819189387778,14.412618591397916,
ql-ROM-style (fixed POD),1600,189.86227838,9593,48,True,1.2992216185905496,14.641492487344925,
ql-ROM-style (fixed POD),1600,189.86227838,9609,24,True,1.0012978550635927,14.420815084586286,
ql-ROM-style (fixed POD),1600,189.86227838,9609,48,True,1.2992813156796443,14.648680758790826,
ql-ROM-style (fixed POD),2026,70.3146353337,976,24,True,1.8618768681386235,26.336603317078517,
ql-ROM-style (fixed POD),2026,70.3146353337,976,48,True,5.104320897554682,33.09527228707531,
ql-ROM-style (fixed POD),2026,70.3146353337,984,24,True,2.3704835659734806,26.002494068654524,
ql-ROM-style (fixed POD),2026,70.3146353337,984,48,True,5.754331058931286,32.989215703920706,
ql-ROM-style (fixed POD),2026,70.3146353337,1000,24,True,2.714363909651796,24.697476994397903,
ql-ROM-style (fixed POD),2026,70.3146353337,1000,48,True,5.54634467738807,30.349092903084976,
ql-ROM-style (fixed POD),2026,70.3146353337,1016,24,True,3.0015170712838706,25.47391791801934,
ql-ROM-style (fixed POD),2026,70.3146353337,1016,48,True,5.271042352407117,29.41397831112087,
ql-ROM-style (fixed POD),2026,70.3146353337,1024,24,True,3.168990111813913,26.125776233558792,
ql-ROM-style (fixed POD),2026,70.3146353337,1024,48,True,5.376391573272303,29.75683735919605,
ql-ROM-style (fixed POD),2026,70.3146353337,1040,24,True,3.509056632033668,27.229701965178666,
ql-ROM-style (fixed POD),2026,70.3146353337,1040,48,True,5.92987792302793,31.247224389339276,
ql-ROM-style (fixed POD),2026,70.3146353337,1056,24,True,3.6281735232151378,27.630481469405094,
ql-ROM-style (fixed POD),2026,70.3146353337,1056,48,True,6.145915161677796,31.850248162636518,
ql-ROM-style (fixed POD),2026,70.3146353337,1072,24,True,3.648023624209524,27.737137934386954,
ql-ROM-style (fixed POD),2026,70.3146353337,1072,48,True,6.185481084341082,31.983130968305257,
ql-ROM-style (fixed POD),2026,100.352251335,3874,24,True,2.3859186647856383,22.589075331235332,
ql-ROM-style (fixed POD),2026,100.352251335,3874,48,True,4.62425827459822,27.09799604867162,
ql-ROM-style (fixed POD),2026,100.352251335,3882,24,True,2.762999266990088,23.470802082899848,
ql-ROM-style (fixed POD),2026,100.352251335,3882,48,True,6.024265662237577,30.766739866011978,
ql-ROM-style (fixed POD),2026,100.352251335,3898,24,True,3.27056687364416,25.219033672336824,
ql-ROM-style (fixed POD),2026,100.352251335,3898,48,True,7.242750555747875,35.10758494320924,
ql-ROM-style (fixed POD),2026,100.352251335,3914,24,True,3.3726168809016293,25.5280386274943,
ql-ROM-style (fixed POD),2026,100.352251335,3914,48,True,7.421575357337095,35.646873466948584,
ql-ROM-style (fixed POD),2026,100.352251335,3922,24,True,3.3894125711823064,25.565896159084332,
ql-ROM-style (fixed POD),2026,100.352251335,3922,48,True,7.404645605970892,35.51085774552521,
ql-ROM-style (fixed POD),2026,100.352251335,3938,24,True,3.4120805713592777,25.68399986025821,
ql-ROM-style (fixed POD),2026,100.352251335,3938,48,True,7.429154345984924,35.5517726418011,
ql-ROM-style (fixed POD),2026,100.352251335,3954,24,True,3.430760261456227,25.71812155616273,
ql-ROM-style (fixed POD),2026,100.352251335,3954,48,True,7.451845042939422,35.60175774903322,
ql-ROM-style (fixed POD),2026,100.352251335,3970,24,True,3.4615264529504857,25.80363361971472,
ql-ROM-style (fixed POD),2026,100.352251335,3970,48,True,7.531806187545002,35.913138705032054,
ql-ROM-style (fixed POD),2026,149.059229449,7258,24,True,1.5593452960929006,17.20139792880894,
ql-ROM-style (fixed POD),2026,149.059229449,7258,48,True,2.2527798764745985,18.0830695388066,
ql-ROM-style (fixed POD),2026,149.059229449,7266,24,True,1.3727217678983274,16.79609341306792,
ql-ROM-style (fixed POD),2026,149.059229449,7266,48,True,1.9488589416686442,17.715816492050905,
ql-ROM-style (fixed POD),2026,149.059229449,7282,24,True,1.238472118045622,16.71573836203125,
ql-ROM-style (fixed POD),2026,149.059229449,7282,48,True,1.686604837525956,17.554904386947168,
ql-ROM-style (fixed POD),2026,149.059229449,7298,24,True,1.286180895614307,16.81254036727338,
ql-ROM-style (fixed POD),2026,149.059229449,7298,48,True,1.7785642385461315,17.68550785322209,
ql-ROM-style (fixed POD),2026,149.059229449,7306,24,True,1.2874180756668407,16.866239275889384,
ql-ROM-style (fixed POD),2026,149.059229449,7306,48,True,1.8061651637015856,17.749477583917415,
ql-ROM-style (fixed POD),2026,149.059229449,7322,24,True,1.3005606485831727,16.899248105224775,
ql-ROM-style (fixed POD),2026,149.059229449,7322,48,True,1.7547279567953022,17.628715344815514,
ql-ROM-style (fixed POD),2026,149.059229449,7338,24,True,1.2871265530342912,16.94625244781043,
ql-ROM-style (fixed POD),2026,149.059229449,7338,48,True,1.7425468966511335,17.655401499664194,
ql-ROM-style (fixed POD),2026,149.059229449,7354,24,True,1.316042117430652,16.910704008291265,
ql-ROM-style (fixed POD),2026,149.059229449,7354,48,True,1.8259935763363504,17.712475814019612,
ql-ROM-style (fixed POD),2026,189.86227838,9513,24,True,1.167893892183087,14.724416231904174,
ql-ROM-style (fixed POD),2026,189.86227838,9513,48,True,1.176228611191202,14.799362816422365,
ql-ROM-style (fixed POD),2026,189.86227838,9521,24,True,1.0149005791299428,14.445044069434056,
ql-ROM-style (fixed POD),2026,189.86227838,9521,48,True,1.1639326097626903,14.796900667978633,
ql-ROM-style (fixed POD),2026,189.86227838,9537,24,True,1.0021243613817157,14.364785771255134,
ql-ROM-style (fixed POD),2026,189.86227838,9537,48,True,1.091753915324836,14.608767956556818,
ql-ROM-style (fixed POD),2026,189.86227838,9553,24,True,0.9774763178190321,14.331355621878238,
ql-ROM-style (fixed POD),2026,189.86227838,9553,48,True,1.1237472336855923,14.510386848625842,
ql-ROM-style (fixed POD),2026,189.86227838,9561,24,True,0.964081276822292,14.306147930201433,
ql-ROM-style (fixed POD),2026,189.86227838,9561,48,True,1.1080717516371328,14.492225390970475,
ql-ROM-style (fixed POD),2026,189.86227838,9577,24,True,0.9760445323070575,14.283210462790711,
ql-ROM-style (fixed POD),2026,189.86227838,9577,48,True,1.1240611718035824,14.489566209212256,
ql-ROM-style (fixed POD),2026,189.86227838,9593,24,True,0.994089449943675,14.35869558210205,
ql-ROM-style (fixed POD),2026,189.86227838,9593,48,True,1.136802719137587,14.543621951912703,
ql-ROM-style (fixed POD),2026,189.86227838,9609,24,True,0.993223813638011,14.349550792787113,
ql-ROM-style (fixed POD),2026,189.86227838,9609,48,True,1.1381491176580425,14.52133469010581,
