seed,Re,window,horizon,local_velocity_projection_error_percent,parent_velocity_projection_error_percent,parent_pressure_projection_error_percent,note
1248,70.3146353337,976,24,0.6614836443515308,0.6522460077515374,2.5707428992344252,diagnostic true-state nearest center; never used in autonomous rollout
1248,70.3146353337,976,48,0.6694118166748583,0.6590606419691437,2.996022598678509,diagnostic true-state nearest center; never used in autonomous rollout
1248,70.3146353337,984,24,0.6995979103993069,0.6923061018810461,2.9157382770695857,diagnostic true-state nearest center; never used in autonomous rollout
1248,70.3146353337,984,48,0.6647997583541371,0.6547929540772538,3.1510706961964647,diagnostic true-state nearest center; never used in autonomous rollout
1248,70.3146353337,1000,24,0.6773399889981858,0.66587527618675,3.421302298122592,diagnostic true-state nearest center; never used in autonomous rollout
1248,70.3146353337,1000,48,0.6175301680886598,0.607790295277768,3.227464646184279,diagnostic true-state nearest center; never used in autonomous rollout
1248,70.3146353337,1016,24,0.586024226215858,0.5761002168317589,3.2168498632644464,diagnostic true-state nearest center; never used in autonomous rollout
1248,70.3146353337,1016,48,0.5636772603444798,0.5523660916749384,3.0144432396839504,diagnostic true-state nearest center; never used in autonomous rollout
1248,70.3146353337,1024,24,0.5577203471791337,0.549705314368786,3.033626994245966,diagnostic true-state nearest center; never used in autonomous rollout
1248,70.3146353337,1024,48,0.5494004546335437,0.5376939397592754,2.903892357486363,diagnostic true-state nearest center; never used in autonomous rollout
1248,70.3146353337,1040,24,0.5413302944731015,0.5286319665181182,2.812036616103454,diagnostic true-state nearest center; never used in autonomous rollout
1248,70.3146353337,1040,48,0.5420023369701862,0.5264647687691432,2.7744634179501513,diagnostic true-state nearest center; never used in autonomous rollout
1248,70.3146353337,1056,24,0.5418661874424536,0.5246564965605035,2.7523667474886437,diagnostic true-state nearest center; never used in autonomous rollout
1248,70.3146353337,1056,48,0.5423627924244618,0.5239983345727258,2.7394736348431223,diagnostic true-state nearest center; never used in autonomous rollout
1248,70.3146353337,1072,24,0.542964392570959,0.5238786684008091,2.7279674284388427,diagnostic true-state nearest center; never used in autonomous rollout
1248,70.3146353337,1072,48,0.543650312560365,0.5242136590938525,2.7299813969453446,diagnostic true-state nearest center; never used in autonomous rollout
1248,100.352251335,3874,24,0.4751216283464193,0.29130046319633995,1.7207249592753342,diagnostic true-state nearest center; never used in autonomous rollout
1248,100.352251335,3874,48,0.46132344081500526,0.2742936696875578,1.5965082705064368,diagnostic true-state nearest center; never used in autonomous rollout
1248,100.352251335,3882,24,0.45065340144015736,0.26539802722535244,1.5421912586755002,diagnostic true-state nearest center; never used in autonomous rollout
1248,100.352251335,3882,48,0.4492508526541033,0.2609205891009816,1.506292810393833,diagnostic true-state nearest center; never used in autonomous rollout
1248,100.352251335,3898,24,0.44752525328359116,0.2572868761787756,1.4722915817375395,diagnostic true-state nearest center; never used in autonomous rollout
1248,100.352251335,3898,48,0.4477768445378644,0.2558476147117969,1.469148158880417,diagnostic true-state nearest center; never used in autonomous rollout
1248,100.352251335,3914,24,0.44801599696757277,0.2555246155102259,1.4688707515612454,diagnostic true-state nearest center; never used in autonomous rollout
1248,100.352251335,3914,48,0.4477573525163579,0.2540117624173372,1.4648123105495279,diagnostic true-state nearest center; never used in autonomous rollout
1248,100.352251335,3922,24,0.44802843579213764,0.2544083532448181,1.4660047360232948,diagnostic true-state nearest center; never used in autonomous rollout
1248,100.352251335,3922,48,0.44762666773373444,0.2533289466656082,1.4630189790204753,diagnostic true-state nearest center; never used in autonomous rollout
1248,100.352251335,3938,24,0.4474987080651432,0.25249890932444835,1.4607538695378104,diagnostic true-state nearest center; never used in autonomous rollout
1248,100.352251335,3938,48,0.4473795100923921,0.2530372885820908,1.4626540949398306,diagnostic true-state nearest center; never used in autonomous rollout
1248,100.352251335,3954,24,0.44714453072928134,0.25263216497685986,1.461361687329564,diagnostic true-state nearest center; never used in autonomous rollout
1248,100.352251335,3954,48,0.4473232016342217,0.25433901709811874,1.4677110108296143,diagnostic true-state nearest center; never used in autonomous rollout
1248,100.352251335,3970,24,0.44741266410522873,0.2548346131304086,1.4693224080976257,diagnostic true-state nearest center; never used in autonomous rollout
1248,100.352251335,3970,48,0.4475406526498171,0.2559542280574988,1.4740173238509076,diagnostic true-state nearest center; never used in autonomous rollout
1248,149.059229449,7258,24,0.3011302058366753,0.25859117154998884,0.8681222943425405,diagnostic true-state nearest center; never used in autonomous rollout
1248,149.059229449,7258,48,0.2563108011979533,0.2291551597609196,0.8083561011940157,diagnostic true-state nearest center; never used in autonomous rollout
1248,149.059229449,7266,24,0.25492086039038064,0.22819298697841087,0.7926316067506919,diagnostic true-state nearest center; never used in autonomous rollout
1248,149.059229449,7266,48,0.22977653961358335,0.2121426580292143,0.7664112336112842,diagnostic true-state nearest center; never used in autonomous rollout
1248,149.059229449,7282,24,0.21149139655923124,0.1997191479718504,0.7485899080454909,diagnostic true-state nearest center; never used in autonomous rollout
1248,149.059229449,7282,48,0.20789512614556163,0.19873358638379765,0.7503786083506605,diagnostic true-state nearest center; never used in autonomous rollout
1248,149.059229449,7298,24,0.20207646379278557,0.19605315760994438,0.7432137610992573,diagnostic true-state nearest center; never used in autonomous rollout
1248,149.059229449,7298,48,0.20396780543138507,0.19757016044558298,0.7496223693952996,diagnostic true-state nearest center; never used in autonomous rollout
1248,149.059229449,7306,24,0.2042988557318921,0.1977480247957449,0.7521673086558298,diagnostic true-state nearest center; never used in autonomous rollout
1248,149.059229449,7306,48,0.20435418113581152,0.19810887259936702,0.7533831503606109,diagnostic true-state nearest center; never used in autonomous rollout
1248,149.059229449,7322,24,0.20585914706998465,0.19908716328122156,0.7560309776913418,diagnostic true-state nearest center; never used in autonomous rollout
1248,149.059229449,7322,48,0.20634184651796228,0.19954059449613962,0.7582529401827477,diagnostic true-state nearest center; never used in autonomous rollout
1248,149.059229449,7338,24,0.20507931722559514,0.19900982967005132,0.7576112561220677,diagnostic true-state nearest center; never used in autonomous rollout
1248,149.059229449,7338,48,0.20512872108836555,0.19894165881226233,0.7563484110925692,diagnostic true-state nearest center; never used in autonomous rollout
1248,149.059229449,7354,24,0.20629441549418184,0.19976447224964555,0.7579421934475766,diagnostic true-state nearest center; never used in autonomous rollout
1248,149.059229449,7354,48,0.20693536606905516,0.1997362106031829,0.7584811411943516,diagnostic true-state nearest center; never used in autonomous rollout
1248,189.86227838,9513,24,0.4031143997801963,0.39794960899847376,1.0906373872764126,diagnostic true-state nearest center; never used in autonomous rollout
1248,189.86227838,9513,48,0.3182140380442579,0.3148478819927692,0.8822763100797325,diagnostic true-state nearest center; never used in autonomous rollout
1248,189.86227838,9521,24,0.32384102008075033,0.31996525431444517,0.9010885267325032,diagnostic true-state nearest center; never used in autonomous rollout
1248,189.86227838,9521,48,0.2718757501100069,0.2693106830879868,0.7706825465937719,diagnostic true-state nearest center; never used in autonomous rollout
1248,189.86227838,9537,24,0.23331367630831945,0.23174615498706455,0.6739152328830524,diagnostic true-state nearest center; never used in autonomous rollout
1248,189.86227838,9537,48,0.22605166345123043,0.2246888491804556,0.6570068204253414,diagnostic true-state nearest center; never used in autonomous rollout
1248,189.86227838,9553,24,0.2178626198577079,0.21660177689828572,0.634760813373469,diagnostic true-state nearest center; never used in autonomous rollout
1248,189.86227838,9553,48,0.21884472785786716,0.21758637014669743,0.6390839127798186,diagnostic true-state nearest center; never used in autonomous rollout
1248,189.86227838,9561,24,0.2187896505941415,0.21763154337384658,0.6400984079676304,diagnostic true-state nearest center; never used in autonomous rollout
1248,189.86227838,9561,48,0.21904414926561153,0.21784695956416109,0.6409949519285395,diagnostic true-state nearest center; never used in autonomous rollout
1248,189.86227838,9577,24,0.21982683585802634,0.21857096339510906,0.6434070121861681,diagnostic true-state nearest center; never used in autonomous rollout
1248,189.86227838,9577,48,0.21973650460078745,0.21854919906577022,0.6433426843582436,diagnostic true-state nearest center; never used in autonomous rollout
1248,189.86227838,9593,24,0.21941699189484457,0.21820726865386228,0.6411420244382933,diagnostic true-state nearest center; never used in autonomous rollout
1248,189.86227838,9593,48,0.21958545952665923,0.21829988381994236,0.6421122346428297,diagnostic true-state nearest center; never used in autonomous rollout
1248,189.86227838,9609,24,0.21877578574337517,0.21758109473717235,0.6402827003860045,diagnostic true-state nearest center; never used in autonomous rollout
1248,189.86227838,9609,48,0.2189074231379419,0.21764179876568127,0.6410230601080604,diagnostic true-state nearest center; never used in autonomous rollout
1600,70.3146353337,976,24,0.6614836443515308,0.6522460077515374,2.5707428992344252,diagnostic true-state nearest center; never used in autonomous rollout
1600,70.3146353337,976,48,0.6694118166748583,0.6590606419691437,2.996022598678509,diagnostic true-state nearest center; never used in autonomous rollout
1600,70.3146353337,984,24,0.6995979103993069,0.6923061018810461,2.9157382770695857,diagnostic true-state nearest center; never used in autonomous rollout
1600,70.3146353337,984,48,0.6647997583541371,0.6547929540772538,3.1510706961964647,diagnostic true-state nearest center; never used in autonomous rollout
1600,70.3146353337,1000,24,0.6773399889981858,0.66587527618675,3.421302298122592,diagnostic true-state nearest center; never used in autonomous rollout
1600,70.3146353337,1000,48,0.6175301680886598,0.607790295277768,3.227464646184279,diagnostic true-state nearest center; never used in autonomous rollout
1600,70.3146353337,1016,24,0.586024226215858,0.5761002168317589,3.2168498632644464,diagnostic true-state nearest center; never used in autonomous rollout
1600,70.3146353337,1016,48,0.5636772603444798,0.5523660916749384,3.0144432396839504,diagnostic true-state nearest center; never used in autonomous rollout
1600,70.3146353337,1024,24,0.5577203471791337,0.549705314368786,3.033626994245966,diagnostic true-state nearest center; never used in autonomous rollout
1600,70.3146353337,1024,48,0.5494004546335437,0.5376939397592754,2.903892357486363,diagnostic true-state nearest center; never used in autonomous rollout
1600,70.3146353337,1040,24,0.5413302944731015,0.5286319665181182,2.812036616103454,diagnostic true-state nearest center; never used in autonomous rollout
1600,70.3146353337,1040,48,0.5420023369701862,0.5264647687691432,2.7744634179501513,diagnostic true-state nearest center; never used in autonomous rollout
1600,70.3146353337,1056,24,0.5418661874424536,0.5246564965605035,2.7523667474886437,diagnostic true-state nearest center; never used in autonomous rollout
1600,70.3146353337,1056,48,0.5423627924244618,0.5239983345727258,2.7394736348431223,diagnostic true-state nearest center; never used in autonomous rollout
1600,70.3146353337,1072,24,0.542964392570959,0.5238786684008091,2.7279674284388427,diagnostic true-state nearest center; never used in autonomous rollout
1600,70.3146353337,1072,48,0.543650312560365,0.5242136590938525,2.7299813969453446,diagnostic true-state nearest center; never used in autonomous rollout
1600,100.352251335,3874,24,0.4751216283464193,0.29130046319633995,1.7207249592753342,diagnostic true-state nearest center; never used in autonomous rollout
1600,100.352251335,3874,48,0.46132344081500526,0.2742936696875578,1.5965082705064368,diagnostic true-state nearest center; never used in autonomous rollout
1600,100.352251335,3882,24,0.45065340144015736,0.26539802722535244,1.5421912586755002,diagnostic true-state nearest center; never used in autonomous rollout
1600,100.352251335,3882,48,0.4492508526541033,0.2609205891009816,1.506292810393833,diagnostic true-state nearest center; never used in autonomous rollout
1600,100.352251335,3898,24,0.44752525328359116,0.2572868761787756,1.4722915817375395,diagnostic true-state nearest center; never used in autonomous rollout
1600,100.352251335,3898,48,0.4477768445378644,0.2558476147117969,1.469148158880417,diagnostic true-state nearest center; never used in autonomous rollout
1600,100.352251335,3914,24,0.44801599696757277,0.2555246155102259,1.4688707515612454,diagnostic true-state nearest center; never used in autonomous rollout
1600,100.352251335,3914,48,0.4477573525163579,0.2540117624173372,1.4648123105495279,diagnostic true-state nearest center; never used in autonomous rollout
1600,100.352251335,3922,24,0.44802843579213764,0.2544083532448181,1.4660047360232948,diagnostic true-state nearest center; never used in autonomous rollout
1600,100.352251335,3922,48,0.44762666773373444,0.2533289466656082,1.4630189790204753,diagnostic true-state nearest center; never used in autonomous rollout
1600,100.352251335,3938,24,0.4474987080651432,0.25249890932444835,1.4607538695378104,diagnostic true-state nearest center; never used in autonomous rollout
1600,100.352251335,3938,48,0.4473795100923921,0.2530372885820908,1.4626540949398306,diagnostic true-state nearest center; never used in autonomous rollout
1600,100.352251335,3954,24,0.44714453072928134,0.25263216497685986,1.461361687329564,diagnostic true-state nearest center; never used in autonomous rollout
1600,100.352251335,3954,48,0.4473232016342217,0.25433901709811874,1.4677110108296143,diagnostic true-state nearest center; never used in autonomous rollout
1600,100.352251335,3970,24,0.44741266410522873,0.2548346131304086,1.4693224080976257,diagnostic true-state nearest center; never used in autonomous rollout
1600,100.352251335,3970,48,0.4475406526498171,0.2559542280574988,1.4740173238509076,diagnostic true-state nearest center; never used in autonomous rollout
1600,149.059229449,7258,24,0.291917697198914,0.25859117154998884,0.8681222943425405,diagnostic true-state nearest center; never used in autonomous rollout
1600,149.059229449,7258,48,0.25305383525064906,0.2291551597609196,0.8083561011940157,diagnostic true-state nearest center; never used in autonomous rollout
1600,149.059229449,7266,24,0.2492947427281135,0.22819298697841087,0.7926316067506919,diagnostic true-state nearest center; never used in autonomous rollout
1600,149.059229449,7266,48,0.2278393496300429,0.2121426580292143,0.7664112336112842,diagnostic true-state nearest center; never used in autonomous rollout
1600,149.059229449,7282,24,0.21418997330238412,0.1997191479718504,0.7485899080454909,diagnostic true-state nearest center; never used in autonomous rollout
1600,149.059229449,7282,48,0.2091925165745195,0.19873358638379765,0.7503786083506605,diagnostic true-state nearest center; never used in autonomous rollout
1600,149.059229449,7298,24,0.20320911349740514,0.19605315760994438,0.7432137610992573,diagnostic true-state nearest center; never used in autonomous rollout
1600,149.059229449,7298,48,0.20484333002161736,0.19757016044558298,0.7496223693952996,diagnostic true-state nearest center; never used in autonomous rollout
1600,149.059229449,7306,24,0.20419505984665487,0.1977480247957449,0.7521673086558298,diagnostic true-state nearest center; never used in autonomous rollout
1600,149.059229449,7306,48,0.20541540882226084,0.19810887259936702,0.7533831503606109,diagnostic true-state nearest center; never used in autonomous rollout
1600,149.059229449,7322,24,0.2064775465458296,0.19908716328122156,0.7560309776913418,diagnostic true-state nearest center; never used in autonomous rollout
1600,149.059229449,7322,48,0.20698226593487815,0.19954059449613962,0.7582529401827477,diagnostic true-state nearest center; never used in autonomous rollout
1600,149.059229449,7338,24,0.2065545514283118,0.19900982967005132,0.7576112561220677,diagnostic true-state nearest center; never used in autonomous rollout
1600,149.059229449,7338,48,0.20737155857312883,0.19894165881226233,0.7563484110925692,diagnostic true-state nearest center; never used in autonomous rollout
1600,149.059229449,7354,24,0.20674636099675262,0.19976447224964555,0.7579421934475766,diagnostic true-state nearest center; never used in autonomous rollout
1600,149.059229449,7354,48,0.20761307949770202,0.1997362106031829,0.7584811411943516,diagnostic true-state nearest center; never used in autonomous rollout
1600,189.86227838,9513,24,0.4026490351056388,0.39794960899847376,1.0906373872764126,diagnostic true-state nearest center; never used in autonomous rollout
1600,189.86227838,9513,48,0.31790966933714193,0.3148478819927692,0.8822763100797325,diagnostic true-state nearest center; never used in autonomous rollout
1600,189.86227838,9521,24,0.32355980690402647,0.31996525431444517,0.9010885267325032,diagnostic true-state nearest center; never used in autonomous rollout
1600,189.86227838,9521,48,0.27171595200795134,0.2693106830879868,0.7706825465937719,diagnostic true-state nearest center; never used in autonomous rollout
1600,189.86227838,9537,24,0.233170303568645,0.23174615498706455,0.6739152328830524,diagnostic true-state nearest center; never used in autonomous rollout
1600,189.86227838,9537,48,0.22588773042049268,0.2246888491804556,0.6570068204253414,diagnostic true-state nearest center; never used in autonomous rollout
1600,189.86227838,9553,24,0.21773901191173714,0.21660177689828572,0.634760813373469,diagnostic true-state nearest center; never used in autonomous rollout
1600,189.86227838,9553,48,0.2185890150419623,0.21758637014669743,0.6390839127798186,diagnostic true-state nearest center; never used in autonomous rollout
1600,189.86227838,9561,24,0.21860515727234028,0.21763154337384658,0.6400984079676304,diagnostic true-state nearest center; never used in autonomous rollout
1600,189.86227838,9561,48,0.2188242012597612,0.21784695956416109,0.6409949519285395,diagnostic true-state nearest center; never used in autonomous rollout
1600,189.86227838,9577,24,0.21943901817218747,0.21857096339510906,0.6434070121861681,diagnostic true-state nearest center; never used in autonomous rollout
1600,189.86227838,9577,48,0.21947148135222486,0.21854919906577022,0.6433426843582436,diagnostic true-state nearest center; never used in autonomous rollout
1600,189.86227838,9593,24,0.21921437507157507,0.21820726865386228,0.6411420244382933,diagnostic true-state nearest center; never used in autonomous rollout
1600,189.86227838,9593,48,0.21923339893480084,0.21829988381994236,0.6421122346428297,diagnostic true-state nearest center; never used in autonomous rollout
1600,189.86227838,9609,24,0.2184083450087575,0.21758109473717235,0.6402827003860045,diagnostic true-state nearest center; never used in autonomous rollout
1600,189.86227838,9609,48,0.2184780278400269,0.21764179876568127,0.6410230601080604,diagnostic true-state nearest center; never used in autonomous rollout
2026,70.3146353337,976,24,0.6614836443515308,0.6522460077515374,2.5707428992344252,diagnostic true-state nearest center; never used in autonomous rollout
2026,70.3146353337,976,48,0.6694118166748583,0.6590606419691437,2.996022598678509,diagnostic true-state nearest center; never used in autonomous rollout
2026,70.3146353337,984,24,0.6995979103993069,0.6923061018810461,2.9157382770695857,diagnostic true-state nearest center; never used in autonomous rollout
2026,70.3146353337,984,48,0.6647997583541371,0.6547929540772538,3.1510706961964647,diagnostic true-state nearest center; never used in autonomous rollout
2026,70.3146353337,1000,24,0.6773399889981858,0.66587527618675,3.421302298122592,diagnostic true-state nearest center; never used in autonomous rollout
2026,70.3146353337,1000,48,0.6175301680886598,0.607790295277768,3.227464646184279,diagnostic true-state nearest center; never used in autonomous rollout
2026,70.3146353337,1016,24,0.586024226215858,0.5761002168317589,3.2168498632644464,diagnostic true-state nearest center; never used in autonomous rollout
2026,70.3146353337,1016,48,0.5636772603444798,0.5523660916749384,3.0144432396839504,diagnostic true-state nearest center; never used in autonomous rollout
2026,70.3146353337,1024,24,0.5577203471791337,0.549705314368786,3.033626994245966,diagnostic true-state nearest center; never used in autonomous rollout
2026,70.3146353337,1024,48,0.5494004546335437,0.5376939397592754,2.903892357486363,diagnostic true-state nearest center; never used in autonomous rollout
2026,70.3146353337,1040,24,0.5413302944731015,0.5286319665181182,2.812036616103454,diagnostic true-state nearest center; never used in autonomous rollout
2026,70.3146353337,1040,48,0.5420023369701862,0.5264647687691432,2.7744634179501513,diagnostic true-state nearest center; never used in autonomous rollout
2026,70.3146353337,1056,24,0.5418661874424536,0.5246564965605035,2.7523667474886437,diagnostic true-state nearest center; never used in autonomous rollout
2026,70.3146353337,1056,48,0.5423627924244618,0.5239983345727258,2.7394736348431223,diagnostic true-state nearest center; never used in autonomous rollout
2026,70.3146353337,1072,24,0.542964392570959,0.5238786684008091,2.7279674284388427,diagnostic true-state nearest center; never used in autonomous rollout
2026,70.3146353337,1072,48,0.543650312560365,0.5242136590938525,2.7299813969453446,diagnostic true-state nearest center; never used in autonomous rollout
2026,100.352251335,3874,24,0.4751216283464193,0.29130046319633995,1.7207249592753342,diagnostic true-state nearest center; never used in autonomous rollout
2026,100.352251335,3874,48,0.46132344081500526,0.2742936696875578,1.5965082705064368,diagnostic true-state nearest center; never used in autonomous rollout
2026,100.352251335,3882,24,0.45065340144015736,0.26539802722535244,1.5421912586755002,diagnostic true-state nearest center; never used in autonomous rollout
2026,100.352251335,3882,48,0.4492508526541033,0.2609205891009816,1.506292810393833,diagnostic true-state nearest center; never used in autonomous rollout
2026,100.352251335,3898,24,0.44752525328359116,0.2572868761787756,1.4722915817375395,diagnostic true-state nearest center; never used in autonomous rollout
2026,100.352251335,3898,48,0.4477768445378644,0.2558476147117969,1.469148158880417,diagnostic true-state nearest center; never used in autonomous rollout
2026,100.352251335,3914,24,0.44801599696757277,0.2555246155102259,1.4688707515612454,diagnostic true-state nearest center; never used in autonomous rollout
2026,100.352251335,3914,48,0.4477573525163579,0.2540117624173372,1.4648123105495279,diagnostic true-state nearest center; never used in autonomous rollout
2026,100.352251335,3922,24,0.44802843579213764,0.2544083532448181,1.4660047360232948,diagnostic true-state nearest center; never used in autonomous rollout
2026,100.352251335,3922,48,0.44762666773373444,0.2533289466656082,1.4630189790204753,diagnostic true-state nearest center; never used in autonomous rollout
2026,100.352251335,3938,24,0.4474987080651432,0.25249890932444835,1.4607538695378104,diagnostic true-state nearest center; never used in autonomous rollout
2026,100.352251335,3938,48,0.4473795100923921,0.2530372885820908,1.4626540949398306,diagnostic true-state nearest center; never used in autonomous rollout
2026,100.352251335,3954,24,0.44714453072928134,0.25263216497685986,1.461361687329564,diagnostic true-state nearest center; never used in autonomous rollout
2026,100.352251335,3954,48,0.4473232016342217,0.25433901709811874,1.4677110108296143,diagnostic true-state nearest center; never used in autonomous rollout
2026,100.352251335,3970,24,0.44741266410522873,0.2548346131304086,1.4693224080976257,diagnostic true-state nearest center; never used in autonomous rollout
2026,100.352251335,3970,48,0.4475406526498171,0.2559542280574988,1.4740173238509076,diagnostic true-state nearest center; never used in autonomous rollout
2026,149.059229449,7258,24,0.29214504755856663,0.25859117154998884,0.8681222943425405,diagnostic true-state nearest center; never used in autonomous rollout
2026,149.059229449,7258,48,0.2549943459795439,0.2291551597609196,0.8083561011940157,diagnostic true-state nearest center; never used in autonomous rollout
2026,149.059229449,7266,24,0.25619229822902106,0.22819298697841087,0.7926316067506919,diagnostic true-state nearest center; never used in autonomous rollout
2026,149.059229449,7266,48,0.23053250111369328,0.2121426580292143,0.7664112336112842,diagnostic true-state nearest center; never used in autonomous rollout
2026,149.059229449,7282,24,0.21784364440052126,0.1997191479718504,0.7485899080454909,diagnostic true-state nearest center; never used in autonomous rollout
2026,149.059229449,7282,48,0.21099723859076003,0.19873358638379765,0.7503786083506605,diagnostic true-state nearest center; never used in autonomous rollout
2026,149.059229449,7298,24,0.20258740948290552,0.19605315760994438,0.7432137610992573,diagnostic true-state nearest center; never used in autonomous rollout
2026,149.059229449,7298,48,0.20471220531784004,0.19757016044558298,0.7496223693952996,diagnostic true-state nearest center; never used in autonomous rollout
2026,149.059229449,7306,24,0.2041508327809988,0.1977480247957449,0.7521673086558298,diagnostic true-state nearest center; never used in autonomous rollout
2026,149.059229449,7306,48,0.20473819931908144,0.19810887259936702,0.7533831503606109,diagnostic true-state nearest center; never used in autonomous rollout
2026,149.059229449,7322,24,0.2068370011527746,0.19908716328122156,0.7560309776913418,diagnostic true-state nearest center; never used in autonomous rollout
2026,149.059229449,7322,48,0.2066109184657374,0.19954059449613962,0.7582529401827477,diagnostic true-state nearest center; never used in autonomous rollout
2026,149.059229449,7338,24,0.20547776407177473,0.19900982967005132,0.7576112561220677,diagnostic true-state nearest center; never used in autonomous rollout
2026,149.059229449,7338,48,0.205798979132094,0.19894165881226233,0.7563484110925692,diagnostic true-state nearest center; never used in autonomous rollout
2026,149.059229449,7354,24,0.20813689704565277,0.19976447224964555,0.7579421934475766,diagnostic true-state nearest center; never used in autonomous rollout
2026,149.059229449,7354,48,0.20707817343183796,0.1997362106031829,0.7584811411943516,diagnostic true-state nearest center; never used in autonomous rollout
2026,189.86227838,9513,24,0.4019763010296071,0.39794960899847376,1.0906373872764126,diagnostic true-state nearest center; never used in autonomous rollout
2026,189.86227838,9513,48,0.31762138795328815,0.3148478819927692,0.8822763100797325,diagnostic true-state nearest center; never used in autonomous rollout
2026,189.86227838,9521,24,0.3229209263404072,0.31996525431444517,0.9010885267325032,diagnostic true-state nearest center; never used in autonomous rollout
2026,189.86227838,9521,48,0.2714078291341517,0.2693106830879868,0.7706825465937719,diagnostic true-state nearest center; never used in autonomous rollout
2026,189.86227838,9537,24,0.2332664748769692,0.23174615498706455,0.6739152328830524,diagnostic true-state nearest center; never used in autonomous rollout
2026,189.86227838,9537,48,0.2258993999821365,0.2246888491804556,0.6570068204253414,diagnostic true-state nearest center; never used in autonomous rollout
2026,189.86227838,9553,24,0.21777625080506477,0.21660177689828572,0.634760813373469,diagnostic true-state nearest center; never used in autonomous rollout
2026,189.86227838,9553,48,0.21860574744749742,0.21758637014669743,0.6390839127798186,diagnostic true-state nearest center; never used in autonomous rollout
2026,189.86227838,9561,24,0.21853232508730377,0.21763154337384658,0.6400984079676304,diagnostic true-state nearest center; never used in autonomous rollout
2026,189.86227838,9561,48,0.21875621286585598,0.21784695956416109,0.6409949519285395,diagnostic true-state nearest center; never used in autonomous rollout
2026,189.86227838,9577,24,0.2194352440899301,0.21857096339510906,0.6434070121861681,diagnostic true-state nearest center; never used in autonomous rollout
2026,189.86227838,9577,48,0.21947033678493866,0.21854919906577022,0.6433426843582436,diagnostic true-state nearest center; never used in autonomous rollout
2026,189.86227838,9593,24,0.21931624578192466,0.21820726865386228,0.6411420244382933,diagnostic true-state nearest center; never used in autonomous rollout
2026,189.86227838,9593,48,0.21926248359998238,0.21829988381994236,0.6421122346428297,diagnostic true-state nearest center; never used in autonomous rollout
2026,189.86227838,9609,24,0.21847672561485343,0.21758109473717235,0.6402827003860045,diagnostic true-state nearest center; never used in autonomous rollout
2026,189.86227838,9609,48,0.2186393877636904,0.21764179876568127,0.6410230601080604,diagnostic true-state nearest center; never used in autonomous rollout
