method,horizon,seed_count,complete_seeds,complete_windows,total_windows,Eu_mean,Eu_sample_sd,Ep_mean,Ep_sample_sd,joint_mean,joint_sample_sd
OpInf,24,1,1,32,32,15.876277099200648,,98.20875921279374,,114.08503631199439,
OpInf,48,1,1,32,32,17.670330500273117,,97.31220746470001,,114.98253796497312,
dense,24,3,3,96,96,0.42573313830174725,0.019425468658013374,1.917993511581832,0.12041447953404683,2.3437266498835796,0.13978249182030783
dense,48,3,3,96,96,0.6132163266011537,0.10332590757425696,2.5813320587563795,0.4318108218476905,3.194548385357533,0.5351161459912859
proposed,24,3,3,96,96,0.7004248215890329,0.2990390423555487,2.925022016252084,1.078508865882745,3.625446837841116,1.372847461787165
proposed,48,3,3,96,96,1.10793760750607,0.5893579923603396,4.430611751738185,2.20362173725616,5.5385493592442545,2.792287397288456
ql-ROM-style (fixed POD),24,3,3,96,96,2.1470500977752924,0.021700293023912385,20.75378137169289,0.08166117712016376,22.900831469468187,0.09982842816576623
ql-ROM-style (fixed POD),48,3,3,96,96,4.016361060607793,0.1312911293313905,24.675624459704334,0.2531498908785495,28.69198552031213,0.3797900168944319
structured,24,3,3,96,96,0.6504544710871221,0.22829682009055843,2.9727274233510017,0.9843251521488663,3.6231818944381238,1.2107233969778266
structured,48,3,3,96,96,1.1342480686920922,0.4730769286616553,4.704510856586733,1.918555878692929,5.8387589252788255,2.391576138461964
