Re,start,start_time,end_time,T2_C_alpha_S,T2_C_alpha_H,S_only_trajectory_mean,H_only_trajectory_mean,E2_Top1_trajectory_mean,T2_C_trajectory_mean,window_oracle_alpha_S,window_oracle_trajectory_mean,S_only_K56,H_only_K56,T2_C_K56
42.359071,832,1205.1165771484375,1456.9320068359375,0.9959233999252319,0.004076600074768066,0.017075026668653792,0.1811564090705406,0.017075026668653792,0.016803267445231314,0.9727,0.016067477248444206,0.0324343617181402,0.10210854761214214,0.03216764678032689
42.359071,833,1209.61328125,1461.4287109375,0.9982646107673645,0.001735389232635498,0.016736992124852194,0.16367793337082462,0.016736992124852194,0.01662345828635031,0.9668,0.015608466078926325,0.028997093706518352,0.10544559782117437,0.028896789972039975
42.359071,834,1214.1099853515625,1465.9254150390625,0.9996787309646606,0.00032126903533935547,0.016486151208414533,0.18248310363082867,0.016486151208414533,0.016460952215273845,0.9701000000000001,0.01525147476426521,0.018312898916591443,0.10308522905362663,0.018328078178004567
42.359071,835,1218.606689453125,1470.422119140625,0.9998939037322998,0.00010609626770019531,0.016997230653230576,0.18255864534802038,0.016997230653230576,0.016989299512448902,0.9700000000000001,0.015856933224311223,0.023039687100453593,0.1027784349303463,0.023040584040939036
42.359071,837,1227.60009765625,1479.41552734375,0.9999862909317017,1.3709068298339844e-05,0.01821974874736434,0.18288890523943052,0.01821974874736434,0.018218777230433938,0.9735,0.0172171239216769,0.12973274303937948,0.10201685395627524,0.12973154655568428
43.5,2,1208.53858785,1453.74931582,0.4118993282318115,0.5881006717681885,0.01914075943819486,0.13606893604968767,0.01914075943819486,0.0786394364010536,0.9564,0.0176904668829863,0.033729375886106076,0.18211568114223478,0.119382916024201
43.5,3,1212.91735085,1458.12807882,0.010523593984544277,0.9894763827323914,0.01857704210821866,0.0078067140812622835,0.01857704210821866,0.0078079879677046965,0.0,0.0078067140812622835,0.02242317290036693,0.010453776576825311,0.010515146684131456
43.5,4,1217.29611385,1462.50684182,0.005732561927288771,0.994267463684082,0.018214910277443423,0.007811617188066476,0.018214910277443423,0.007821947945254244,0.0,0.007811617188066476,0.02353587938457177,0.010527808987656036,0.010507450017877697
43.5,5,1221.67487685,1466.88560482,0.001924533280543983,0.9980754852294922,0.018000260279949203,0.007806085171726215,0.018000260279949203,0.0078088535088689254,0.0,0.007806085171726215,0.020852397905834444,0.01059749274084791,0.010591305465129989
43.5,7,1230.43240285,1475.64313081,0.0004590229655150324,0.9995409846305847,0.01877134630952883,0.0077791661562542835,0.01877134630952883,0.007778691628244358,0.049300000000000004,0.007753395200100451,0.02384586440726181,0.010725916096494734,0.010719620358786878
43.9,2,1206.2045775,1449.18103916,0.9454910159111023,0.054508984088897705,0.017502405383647137,0.1259452623015243,0.017502405383647137,0.015658890425766393,0.9459000000000001,0.01565879057643828,0.031632112908638176,0.07108933064472246,0.032787368155394785
43.9,3,1210.54344289,1453.51990454,7.442121585654604e-08,0.9999999403953552,0.017689322261687897,0.005501807874613227,0.017689322261687897,0.005501808268113558,0.0,0.005501807874613227,0.025313003969627382,0.0073843575240417755,0.007384357189115111
43.9,4,1214.88230828,1457.85876993,8.587456079567346e-08,0.9999999403953552,0.021252543182564858,0.005505330664201139,0.021252543182564858,0.005505330643712792,0.0063,0.005504569119254362,0.10411935338962311,0.007467610225334944,0.007467602243123348
43.9,5,1219.22117366,1462.19763532,1.677420868873014e-08,1.0,0.020772302247364868,0.005504794986100019,0.020772302247364868,0.005504795001326735,0.0,0.005504794986100019,0.15658386768593952,0.007544186039644265,0.007544183611157469
43.9,7,1227.89890444,1470.87536609,8.872168000273462e-10,1.0,0.019972884501326872,0.005503439359363628,0.019972884501326872,0.005503439360597327,0.0,0.005503439359363628,0.026095060506478272,0.007685554053962409,0.007685554040168846
