Regime,Method,Test_Re,KLong,velocity_percent,pressure_percent,joint_percent,worst_joint_percent,finite_fraction,divergent_windows
Steady,Vanilla-FNN-MoE,"24.630436, 32.740068, 39.685479（共同可评估集）",K56,0.0890483906488861,4.148212013794042,2.1186302022214645,3.8043017316461176,1.0,0
Steady,DataOnly-MoE,"24.630436, 32.740068, 39.685479（共同可评估集）",K56,0.25688506599224137,14368.890271142876,7184.573578104434,13637.988802256617,1.0,3
Steady,Proposed Specialist MoE,"24.630436, 32.740068, 39.685479（共同可评估集）",K56,0.13697479972938117,8.381652626418692,4.259313713074036,9.429905363230537,1.0,0
Hopf,Vanilla-FNN-MoE,"47.081356, 49.022357, 51.786450",K56,,,,,,
Hopf,DataOnly-MoE,"47.081356, 49.022357, 51.786450",K56,0.2203747667476833,1408.8483428944767,704.5343588306122,791.9889252098276,1.0,39
Hopf,Proposed Specialist MoE,"47.081356, 49.022357, 51.786450",K56,0.012696908548893502,0.16968829304971128,0.09119260079930239,0.23046093903484716,1.0,0
Periodic,Vanilla-FNN-MoE,"70.314635, 100.352251, 149.059229, 189.862278",K48,2.210870389836788,9.501026898826328,5.8559486443315585,8.204655639828554,1.0,0
Periodic,DataOnly-MoE,"70.314635, 100.352251, 149.059229, 189.862278",K48,1.010733114962437,4.234140797819182,2.6224369563908096,6.208888803108907,1.0,0
Periodic,Proposed Specialist MoE,"70.314635, 100.352251, 149.059229, 189.862278",K48,0.8131819513703533,3.444537661102011,2.128859806236182,3.653669694892504,1.0,0
