method,Re,start,step,time,Eu_percent,Ep_percent,Ejoint_percent
global_common_projected_truth,70.31463623046875,969,1,12.472900390625,0.32152459632565117,8.519386744393163,8.840911340718813
global_common_projected_truth,70.31463623046875,969,2,24.94580078125,0.4770434173416352,10.063430856521252,10.540474273862888
global_common_projected_truth,70.31463623046875,969,3,37.4188232421875,0.5702662725331885,8.480545207891259,9.050811480424448
global_common_projected_truth,70.31463623046875,969,4,49.8917236328125,0.5318536900389983,6.921169338088612,7.45302302812761
global_common_projected_truth,70.31463623046875,969,5,62.3646240234375,0.43449167574359915,13.924069024029462,14.358560699773061
global_common_projected_truth,70.31463623046875,969,6,74.837646484375,0.37882265489768846,12.258938828654497,12.637761483552184
global_common_projected_truth,70.31463623046875,969,7,87.310546875,0.5547745860490856,6.539240281054321,7.0940148671034065
global_common_projected_truth,70.31463623046875,969,8,99.783447265625,0.5014103018355329,7.0332743542899285,7.534684656125462
global_common_projected_truth,70.31463623046875,969,9,112.25634765625,0.5400493559959987,17.30117593505976,17.841225291055757
global_common_projected_truth,70.31463623046875,969,10,124.7293701171875,0.6005683821916973,27.27543144154151,27.875999823733206
global_common_projected_truth,70.31463623046875,969,11,137.2022705078125,0.6069242554243639,20.215237369224113,20.822161624648476
global_common_projected_truth,70.31463623046875,969,12,149.6751708984375,0.6541604469614553,12.797099804809614,13.45126025177107
global_common_projected_truth,70.31463623046875,969,13,162.148193359375,0.6685138955647363,15.23280524682759,15.901319142392326
global_common_projected_truth,70.31463623046875,969,14,174.62109375,0.6574224668438681,18.962873523119644,19.620295989963513
global_common_projected_truth,70.31463623046875,969,15,187.093994140625,0.6849827347818357,11.15228119577444,11.837263930556276
global_common_projected_truth,70.31463623046875,969,16,199.56689453125,0.7535645737810764,6.995479195463032,7.749043769244109
global_common_projected_truth,70.31463623046875,969,17,212.0399169921875,0.7760269795583431,5.949163074894603,6.725190054452946
global_common_projected_truth,70.31463623046875,969,18,224.5128173828125,0.9323772885301418,10.118277393218936,11.050654681749077
global_common_projected_truth,70.31463623046875,969,19,236.9857177734375,0.9672929557754741,7.3332852702760425,8.300578226051517
global_common_projected_truth,70.31463623046875,969,20,249.458740234375,0.933642182776769,4.965213030715171,5.89885521349194
global_common_projected_truth,70.31463623046875,969,21,261.931640625,0.981882249499098,4.29122791963063,5.273110169129728
global_common_projected_truth,70.31463623046875,969,22,274.404541015625,1.0839614434042202,4.6991062526374945,5.783067696041715
global_common_projected_truth,70.31463623046875,969,23,286.8775634765625,1.2050324439936189,4.969342289543601,6.17437473353722
global_common_projected_truth,70.31463623046875,969,24,299.3504638671875,1.2045764507742869,4.848076503410375,6.052652954184662
global_common_projected_truth,70.31463623046875,969,25,311.8233642578125,1.1990882559875526,4.923814824517503,6.122903080505056
global_common_projected_truth,70.31463623046875,969,26,324.2962646484375,1.188684226056193,5.450594140945454,6.639278367001647
global_common_projected_truth,70.31463623046875,969,27,336.769287109375,1.2493096149223912,6.574680768675922,7.823990383598313
global_common_projected_truth,70.31463623046875,969,28,349.2421875,1.2775816579264136,6.608159233950054,7.885740891876467
global_common_projected_truth,70.31463623046875,969,29,361.715087890625,1.2715187800696963,6.292267231541686,7.563786011611382
global_common_projected_truth,70.31463623046875,969,30,374.1881103515625,1.2921328941867907,6.333646912548524,7.625779806735315
global_common_projected_truth,70.31463623046875,969,31,386.6610107421875,1.3451201659247838,6.960427060019208,8.305547225943993
global_common_projected_truth,70.31463623046875,969,32,399.1339111328125,1.3921417680783672,7.586639171105651,8.978780939184018
global_common_projected_truth,70.31463623046875,969,33,411.6068115234375,1.5395682822244194,7.947863118372702,9.48743140059712
global_common_projected_truth,70.31463623046875,969,34,424.079833984375,1.5802776660296436,7.002883606510843,8.583161272540487
global_common_projected_truth,70.31463623046875,969,35,436.552734375,1.5273668131689706,7.349242310999192,8.876609124168162
global_common_projected_truth,70.31463623046875,969,36,449.025634765625,1.6547549427320718,7.416891457990123,9.071646400722194
global_common_projected_truth,70.31463623046875,969,37,461.4986572265625,1.661955539576324,6.885843104793277,8.5477986443696
global_common_projected_truth,70.31463623046875,969,38,473.9715576171875,1.8605247523950403,8.601298804002951,10.461823556397992
global_common_projected_truth,70.31463623046875,969,39,486.4444580078125,2.122684047360146,7.954844156298697,10.077528203658844
global_common_projected_truth,70.31463623046875,969,40,498.91748046875,2.21972973420086,9.082507936550444,11.302237670751303
global_common_projected_truth,70.31463623046875,969,41,511.390380859375,2.3437007778848638,10.387100730066186,12.73080150795105
global_common_projected_truth,70.31463623046875,969,42,523.86328125,2.5675555650947017,10.292488154382031,12.860043719476733
global_common_projected_truth,70.31463623046875,969,43,536.336181640625,2.6659696846511953,11.919526111934317,14.585495796585512
global_common_projected_truth,70.31463623046875,969,44,548.8092041015625,2.7440093915744925,12.076695133990087,14.82070452556458
global_common_projected_truth,70.31463623046875,969,45,561.2821044921875,2.9664362100467963,12.317792826074694,15.28422903612149
global_common_projected_truth,70.31463623046875,969,46,573.7550048828125,3.091603410245154,13.567324365025277,16.65892777527043
global_common_projected_truth,70.31463623046875,969,47,586.22802734375,3.438996042341784,15.175354194642953,18.614350236984738
global_common_projected_truth,70.31463623046875,969,48,598.700927734375,3.89796579661232,15.8021891128944,19.70015490950672
global_common_projected_truth,70.31463623046875,1017,1,12.472900390625,0.5989395501715004,5.416879117830712,6.015818668002212
global_common_projected_truth,70.31463623046875,1017,2,24.9459228515625,0.6644537962260176,3.238883800207736,3.9033375964337536
global_common_projected_truth,70.31463623046875,1017,3,37.4188232421875,0.7977713118765316,4.759955310887255,5.557726622763787
global_common_projected_truth,70.31463623046875,1017,4,49.8917236328125,0.8208927957840049,4.786126032749428,5.607018828533433
global_common_projected_truth,70.31463623046875,1017,5,62.3646240234375,0.61977831272593,3.019668173395241,3.6394464861211713
global_common_projected_truth,70.31463623046875,1017,6,74.837646484375,0.7346262333762421,2.6005667303438176,3.3351929637200595
global_common_projected_truth,70.31463623046875,1017,7,87.310546875,0.6424017574728287,3.103386479754864,3.7457882372276927
global_common_projected_truth,70.31463623046875,1017,8,99.783447265625,0.8251887769566343,4.568987837545093,5.394176614501727
global_common_projected_truth,70.31463623046875,1017,9,112.2564697265625,0.6898572892381574,4.092359044020719,4.7822163332588765
global_common_projected_truth,70.31463623046875,1017,10,124.7293701171875,0.7554769855722976,3.4273649202531917,4.182841905825489
global_common_projected_truth,70.31463623046875,1017,11,137.2022705078125,0.7414462472950794,2.814001543379436,3.555447790674515
global_common_projected_truth,70.31463623046875,1017,12,149.6751708984375,0.766698882059368,3.6390053120418924,4.4057041941012605
global_common_projected_truth,70.31463623046875,1017,13,162.1480712890625,0.7206680936665562,3.601266440263445,4.321934533930001
global_common_projected_truth,70.31463623046875,1017,14,174.6212158203125,0.62916599630678,2.264737464161959,2.893903460468739
global_common_projected_truth,70.31463623046875,1017,15,187.0941162109375,0.8327199523426048,2.103808447766848,2.9365284001094527
global_common_projected_truth,70.31463623046875,1017,16,199.5670166015625,0.7816277837717732,3.1621303595921573,3.9437581433639304
global_common_projected_truth,70.31463623046875,1017,17,212.0399169921875,0.8412771762320329,3.5470718314557432,4.3883490076877765
global_common_projected_truth,70.31463623046875,1017,18,224.5128173828125,0.9418183227444011,3.3389539105557766,4.280772233300178
global_common_projected_truth,70.31463623046875,1017,19,236.9857177734375,0.7160245488504184,2.933678363962428,3.6497029128128466
global_common_projected_truth,70.31463623046875,1017,20,249.4586181640625,0.6950054071696241,2.9850716259222967,3.680077033091921
global_common_projected_truth,70.31463623046875,1017,21,261.9317626953125,0.81768622589283,3.450286269075232,4.267972494968062
global_common_projected_truth,70.31463623046875,1017,22,274.4046630859375,0.7450421833583467,3.5089524226928654,4.253994606051212
global_common_projected_truth,70.31463623046875,1017,23,286.8775634765625,0.8108270836640197,3.2130205514448034,4.023847635108823
global_common_projected_truth,70.31463623046875,1017,24,299.3504638671875,0.9666639196742197,2.8794916906053105,3.8461556102795305
global_common_projected_truth,70.31463623046875,1017,25,311.8233642578125,1.0837012446983163,4.754723594687967,5.838424839386283
global_common_projected_truth,70.31463623046875,1017,26,324.2962646484375,1.0950253092502416,4.175365892418878,5.270391201669119
global_common_projected_truth,70.31463623046875,1017,27,336.7691650390625,1.1773954616779987,4.330358795843182,5.507754257521181
global_common_projected_truth,70.31463623046875,1017,28,349.2423095703125,1.1180584815629506,4.455605615985075,5.573664097548026
global_common_projected_truth,70.31463623046875,1017,29,361.7152099609375,1.1517413193095327,4.5869075943414,5.738648913650933
global_common_projected_truth,70.31463623046875,1017,30,374.1881103515625,1.1718898059334237,4.941731578605406,6.113621384538829
global_common_projected_truth,70.31463623046875,1017,31,386.6610107421875,1.15205120409417,4.13558734648505,5.28763855057922
global_common_projected_truth,70.31463623046875,1017,32,399.1339111328125,1.2705349094891554,3.6597634301025743,4.9302983395917295
global_common_projected_truth,70.31463623046875,1017,33,411.6068115234375,1.1488609960261882,4.769232801786047,5.918093797812235
global_common_projected_truth,70.31463623046875,1017,34,424.0797119140625,1.1733070942190784,4.606378629042043,5.779685723261121
global_common_projected_truth,70.31463623046875,1017,35,436.5528564453125,1.4262238679015071,4.993840868073436,6.420064735974943
global_common_projected_truth,70.31463623046875,1017,36,449.0257568359375,1.3246470491067073,5.16313055292192,6.487777602028627
global_common_projected_truth,70.31463623046875,1017,37,461.4986572265625,1.3605985236119027,5.4322683984893825,6.792866922101285
global_common_projected_truth,70.31463623046875,1017,38,473.9715576171875,1.4709141417260398,6.012818857926957,7.483732999652997
global_common_projected_truth,70.31463623046875,1017,39,486.4444580078125,1.359585997764188,5.121546187945101,6.4811321857092885
global_common_projected_truth,70.31463623046875,1017,40,498.9173583984375,1.5385552516292471,5.288964507100406,6.827519758729653
global_common_projected_truth,70.31463623046875,1017,41,511.3905029296875,1.6331142098724039,5.3560206629432825,6.989134872815686
global_common_projected_truth,70.31463623046875,1017,42,523.8634033203125,1.7713483155938494,6.7007378068132954,8.472086122407145
global_common_projected_truth,70.31463623046875,1017,43,536.3363037109375,1.9425455221071408,6.380337562038522,8.322883084145664
global_common_projected_truth,70.31463623046875,1017,44,548.8092041015625,1.9059819284391377,7.225014592269679,9.130996520708816
global_common_projected_truth,70.31463623046875,1017,45,561.2821044921875,1.92823475334853,7.490617225989774,9.418851979338303
global_common_projected_truth,70.31463623046875,1017,46,573.7550048828125,2.038328269893687,7.933285899922783,9.971614169816469
global_common_projected_truth,70.31463623046875,1017,47,586.2279052734375,1.9855664891126592,7.6509638151359365,9.636530304248595
global_common_projected_truth,70.31463623046875,1017,48,598.7010498046875,1.9286456688912719,8.249457389858852,10.178103058750125
global_common_projected_truth,70.31463623046875,1065,1,12.472900390625,0.6388617818338145,2.0515667955620707,2.690428577395885
global_common_projected_truth,70.31463623046875,1065,2,24.94580078125,0.8320473220954142,3.14552975489072,3.977577076986134
global_common_projected_truth,70.31463623046875,1065,3,37.418701171875,0.8109765679889774,3.7088765535821633,4.519853121571141
global_common_projected_truth,70.31463623046875,1065,4,49.8916015625,0.48604200888328963,2.932396806986853,3.4184388158701426
global_common_projected_truth,70.31463623046875,1065,5,62.364501953125,0.5925881725245407,2.364389000440122,2.9569771729646623
global_common_projected_truth,70.31463623046875,1065,6,74.83740234375,0.616624472813675,2.483555407012263,3.100179879825938
global_common_projected_truth,70.31463623046875,1065,7,87.310546875,0.7065732022642784,2.762779053262006,3.4693522555262843
global_common_projected_truth,70.31463623046875,1065,8,99.783447265625,0.4794741693743323,1.917270268902941,2.396744438277273
global_common_projected_truth,70.31463623046875,1065,9,112.25634765625,0.7132026171200042,2.578033748643994,3.2912363657639983
global_common_projected_truth,70.31463623046875,1065,10,124.729248046875,0.594518947743148,2.150296589674132,2.74481553741728
global_common_projected_truth,70.31463623046875,1065,11,137.2021484375,0.6805682196305876,3.0095963244722643,3.690164544102852
global_common_projected_truth,70.31463623046875,1065,12,149.675048828125,0.6844132149792306,2.3896117394862073,3.074024954465438
global_common_projected_truth,70.31463623046875,1065,13,162.14794921875,0.579266303700637,2.261381149584649,2.8406474532852863
global_common_projected_truth,70.31463623046875,1065,14,174.62109375,0.6244341559450669,2.1866947880985808,2.8111289440436478
global_common_projected_truth,70.31463623046875,1065,15,187.093994140625,0.7709811774973978,2.6591020473174063,3.430083224814804
global_common_projected_truth,70.31463623046875,1065,16,199.56689453125,0.5875600156763295,2.376085937398071,2.9636459530744004
global_common_projected_truth,70.31463623046875,1065,17,212.039794921875,0.6494486011719607,2.9455840241594404,3.595032625331401
global_common_projected_truth,70.31463623046875,1065,18,224.5126953125,0.7964186124729705,2.7687870583667267,3.5652056708396973
global_common_projected_truth,70.31463623046875,1065,19,236.985595703125,0.7426422584873325,3.6907294064887304,4.433371664976063
global_common_projected_truth,70.31463623046875,1065,20,249.458740234375,0.6548170760332661,2.791781966109356,3.446599042142622
global_common_projected_truth,70.31463623046875,1065,21,261.931640625,0.7800946466677205,2.8396492893448744,3.619743936012595
global_common_projected_truth,70.31463623046875,1065,22,274.404541015625,0.659778754257705,2.876322973620052,3.536101727877757
global_common_projected_truth,70.31463623046875,1065,23,286.87744140625,0.7457859363755162,2.9476170041616894,3.6934029405372053
global_common_projected_truth,70.31463623046875,1065,24,299.350341796875,0.706549044361305,2.943018500638619,3.6495675449999236
global_common_projected_truth,70.31463623046875,1065,25,311.8232421875,0.8329958603424905,2.3293971008972227,3.1623929612397133
global_common_projected_truth,70.31463623046875,1065,26,324.296142578125,0.9189741099076354,2.598936581146481,3.5179106910541162
global_common_projected_truth,70.31463623046875,1065,27,336.769287109375,0.7330400196919313,3.1706135530555604,3.9036535727474915
global_common_projected_truth,70.31463623046875,1065,28,349.2421875,0.6460728703167706,2.6249211392285092,3.27099400954528
global_common_projected_truth,70.31463623046875,1065,29,361.715087890625,0.8825700178595165,2.463566215666665,3.3461362335261815
global_common_projected_truth,70.31463623046875,1065,30,374.18798828125,0.7080582533069947,2.4370923507233586,3.1451506040303534
global_common_projected_truth,70.31463623046875,1065,31,386.660888671875,0.6740993986483079,2.6063719588265855,3.2804713574748936
global_common_projected_truth,70.31463623046875,1065,32,399.1337890625,0.7116129503227301,2.8466311754470053,3.5582441257697353
global_common_projected_truth,70.31463623046875,1065,33,411.606689453125,0.57724752068343,2.011145949809189,2.588393470492619
global_common_projected_truth,70.31463623046875,1065,34,424.079833984375,0.7211770972345026,1.931398941742462,2.6525760389769646
global_common_projected_truth,70.31463623046875,1065,35,436.552734375,0.7980483483133824,2.3267682139879144,3.124816562301297
global_common_projected_truth,70.31463623046875,1065,36,449.025634765625,0.8619156808809111,3.4712920160508345,4.333207696931746
global_common_projected_truth,70.31463623046875,1065,37,461.49853515625,0.9102148259886944,3.1311294043799927,4.041344230368687
global_common_projected_truth,70.31463623046875,1065,38,473.971435546875,0.8837852466721055,3.365342762954135,4.24912800962624
global_common_projected_truth,70.31463623046875,1065,39,486.4443359375,0.9230348647169921,3.5738288905492057,4.496863755266197
global_common_projected_truth,70.31463623046875,1065,40,498.917236328125,1.0389186925313003,3.977470303948264,5.016388996479565
global_common_projected_truth,70.31463623046875,1065,41,511.390380859375,0.940957460872658,3.647309455249719,4.588266916122377
global_common_projected_truth,70.31463623046875,1065,42,523.86328125,0.9489957649499982,4.09172384463641,5.040719609586408
global_common_projected_truth,70.31463623046875,1065,43,536.336181640625,1.1063459754237246,3.3123704659738205,4.418716441397545
global_common_projected_truth,70.31463623046875,1065,44,548.80908203125,1.0567312708417944,4.928974706902999,5.985705977744794
global_common_projected_truth,70.31463623046875,1065,45,561.281982421875,1.070029164168467,4.136890207117036,5.206919371285503
global_common_projected_truth,70.31463623046875,1065,46,573.7548828125,1.2339018400527861,4.388428833173787,5.622330673226573
global_common_projected_truth,70.31463623046875,1065,47,586.22802734375,1.1806583613294657,4.590279477802561,5.770937839132026
global_common_projected_truth,70.31463623046875,1065,48,598.700927734375,1.2701168390771138,4.740157414721546,6.010274253798659
global_common_projected_truth,100.35224914550781,3867,1,7.82763671875,0.6355823489825819,2.2837808809447577,2.9193632299273395
global_common_projected_truth,100.35224914550781,3867,2,15.65521240234375,0.9284299484011502,3.810589213395811,4.7390191617969615
global_common_projected_truth,100.35224914550781,3867,3,23.4827880859375,0.7539418429208332,3.839015831609808,4.592957674530641
global_common_projected_truth,100.35224914550781,3867,4,31.3104248046875,0.9000454725548515,3.677721643365265,4.577767115920117
global_common_projected_truth,100.35224914550781,3867,5,39.13800048828125,0.8431164509999253,3.0423426197652916,3.885459070765217
global_common_projected_truth,100.35224914550781,3867,6,46.965576171875,0.8341371401846454,3.5033404686307508,4.337477608815396
global_common_projected_truth,100.35224914550781,3867,7,54.79315185546875,0.8697466668217071,4.007384809041772,4.87713147586348
global_common_projected_truth,100.35224914550781,3867,8,62.62078857421875,0.7531546114861527,4.025331694298858,4.778486305785011
global_common_projected_truth,100.35224914550781,3867,9,70.4483642578125,0.5796115487531321,2.239640248510248,2.81925179726338
global_common_projected_truth,100.35224914550781,3867,10,78.27593994140625,0.8578884802731026,3.423357287287685,4.281245767560788
global_common_projected_truth,100.35224914550781,3867,11,86.10357666015625,0.8473177225459707,3.8340023279146282,4.681320050460599
global_common_projected_truth,100.35224914550781,3867,12,93.93115234375,0.6471389550945479,2.506688177317647,3.1538271324121947
global_common_projected_truth,100.35224914550781,3867,13,101.75872802734375,0.6177464052107658,2.706547831157021,3.3242942363677868
global_common_projected_truth,100.35224914550781,3867,14,109.58636474609375,0.6689225879063879,2.6446156064053947,3.3135381943117825
global_common_projected_truth,100.35224914550781,3867,15,117.4139404296875,0.7142600761103146,3.21334144300073,3.927601519111045
global_common_projected_truth,100.35224914550781,3867,16,125.24151611328125,0.6961125717686316,3.0747845386747774,3.770897110443409
global_common_projected_truth,100.35224914550781,3867,17,133.06915283203125,0.7396065706819022,3.3133073446921983,4.0529139153741
global_common_projected_truth,100.35224914550781,3867,18,140.896728515625,0.7795742326552999,3.695465691588014,4.475039924243314
global_common_projected_truth,100.35224914550781,3867,19,148.72430419921875,0.8568099676936068,3.6598387196275817,4.516648687321188
global_common_projected_truth,100.35224914550781,3867,20,156.55194091796875,0.9876641911821342,4.225132361206698,5.212796552388832
global_common_projected_truth,100.35224914550781,3867,21,164.3795166015625,0.9879852833261926,4.146436651124291,5.134421934450484
global_common_projected_truth,100.35224914550781,3867,22,172.20709228515625,1.077359096700451,4.168904181624997,5.246263278325448
global_common_projected_truth,100.35224914550781,3867,23,180.03466796875,1.1765674203067582,4.5174476558152445,5.694015076122003
global_common_projected_truth,100.35224914550781,3867,24,187.8623046875,1.263863594240872,4.9864190493097595,6.250282643550632
global_common_projected_truth,100.35224914550781,3867,25,195.68988037109375,1.3706168692294727,5.251567581875267,6.622184451104739
global_common_projected_truth,100.35224914550781,3867,26,203.5174560546875,1.357591409572348,5.364322058043237,6.721913467615585
global_common_projected_truth,100.35224914550781,3867,27,211.3450927734375,1.4370624824939264,5.514797927769853,6.951860410263779
global_common_projected_truth,100.35224914550781,3867,28,219.1727294921875,1.497925487451564,5.868789102453036,7.3667145899046
global_common_projected_truth,100.35224914550781,3867,29,227.000244140625,1.5087773432236098,5.667521836109719,7.176299179333329
global_common_projected_truth,100.35224914550781,3867,30,234.827880859375,1.5668166389971756,5.6705896668054425,7.237406305802618
global_common_projected_truth,100.35224914550781,3867,31,242.6553955078125,1.6540853250277856,5.869324584439732,7.523409909467517
global_common_projected_truth,100.35224914550781,3867,32,250.4830322265625,1.7245334264326875,6.259490628418492,7.984024054851179
global_common_projected_truth,100.35224914550781,3867,33,258.3106689453125,1.781764769467389,6.486018755959402,8.267783525426792
global_common_projected_truth,100.35224914550781,3867,34,266.13818359375,1.728445716030781,6.1826521935065255,7.911097909537307
global_common_projected_truth,100.35224914550781,3867,35,273.9658203125,1.7964569354568445,6.410032027226717,8.206488962683562
global_common_projected_truth,100.35224914550781,3867,36,281.79345703125,1.8284137826130835,6.7629708319045205,8.591384614517604
global_common_projected_truth,100.35224914550781,3867,37,289.6209716796875,1.8018625107901816,6.556711387485856,8.358573898276038
global_common_projected_truth,100.35224914550781,3867,38,297.4486083984375,1.812093914199751,6.326296052050699,8.13838996625045
global_common_projected_truth,100.35224914550781,3867,39,305.2762451171875,1.908686046469323,6.71058766013959,8.619273706608913
global_common_projected_truth,100.35224914550781,3867,40,313.103759765625,1.9788593454913697,7.092104929246373,9.070964274737744
global_common_projected_truth,100.35224914550781,3867,41,320.931396484375,2.0040787034931133,7.26243601383421,9.266514717327324
global_common_projected_truth,100.35224914550781,3867,42,328.759033203125,1.955605743018966,7.123009860405551,9.078615603424517
global_common_projected_truth,100.35224914550781,3867,43,336.5865478515625,2.0125160055468796,7.343742797595415,9.356258803142294
global_common_projected_truth,100.35224914550781,3867,44,344.4141845703125,2.0697450587561956,7.751015918624106,9.820760977380303
global_common_projected_truth,100.35224914550781,3867,45,352.2418212890625,2.0391913912415753,7.493759766422232,9.532951157663808
global_common_projected_truth,100.35224914550781,3867,46,360.0693359375,2.0088672979547066,7.176651624611924,9.18551892256663
global_common_projected_truth,100.35224914550781,3867,47,367.89697265625,2.096738809385007,7.543287088423252,9.64002589780826
global_common_projected_truth,100.35224914550781,3867,48,375.724609375,2.1435083376773356,7.895841107798763,10.039349445476098
global_common_projected_truth,100.35224914550781,3915,1,7.8275146484375,0.22373515955243303,0.9165060836114958,1.1402412431639288
global_common_projected_truth,100.35224914550781,3915,2,15.6551513671875,0.2937684181594769,1.0321403284732427,1.3259087466327195
global_common_projected_truth,100.35224914550781,3915,3,23.4827880859375,0.33352577823472,1.0587493643055268,1.3922751425402469
global_common_projected_truth,100.35224914550781,3915,4,31.310302734375,0.25671098105716394,0.8637632853367395,1.1204742663939036
global_common_projected_truth,100.35224914550781,3915,5,39.137939453125,0.3422600403403728,1.3071138559274367,1.6493738962678095
global_common_projected_truth,100.35224914550781,3915,6,46.965576171875,0.2530938427051334,0.8988817922132383,1.1519756349183716
global_common_projected_truth,100.35224914550781,3915,7,54.7930908203125,0.2220920734323702,0.7861444842521024,1.0082365576844725
global_common_projected_truth,100.35224914550781,3915,8,62.6207275390625,0.2187565534812782,0.8509198284904098,1.069676381971688
global_common_projected_truth,100.35224914550781,3915,9,70.4483642578125,0.2893764783594809,0.8827768067367351,1.172153285096216
global_common_projected_truth,100.35224914550781,3915,10,78.27587890625,0.27284848071065576,0.8389202159824625,1.1117686966931182
global_common_projected_truth,100.35224914550781,3915,11,86.103515625,0.32946265649855033,1.146704444659727,1.4761671011582773
global_common_projected_truth,100.35224914550781,3915,12,93.9310302734375,0.2590723346328075,1.0545721642939436,1.313644498926751
global_common_projected_truth,100.35224914550781,3915,13,101.7586669921875,0.3435630449300883,1.1229457023550893,1.4665087472851777
global_common_projected_truth,100.35224914550781,3915,14,109.5863037109375,0.27014820179138443,1.0330335171438105,1.3031817189351949
global_common_projected_truth,100.35224914550781,3915,15,117.413818359375,0.23927378196716495,0.9080586333987873,1.1473324153659523
global_common_projected_truth,100.35224914550781,3915,16,125.241455078125,0.23374253574128945,1.0501665031932672,1.2839090389345567
global_common_projected_truth,100.35224914550781,3915,17,133.069091796875,0.24765473825600257,0.9218547760521142,1.1695095143081167
global_common_projected_truth,100.35224914550781,3915,18,140.8966064453125,0.2620311948807718,0.9035955385472617,1.1656267334280335
global_common_projected_truth,100.35224914550781,3915,19,148.7242431640625,0.27072219703729034,1.0783183477855565,1.3490405448228469
global_common_projected_truth,100.35224914550781,3915,20,156.5518798828125,0.24878584098958034,0.9908545408710099,1.2396403818605903
global_common_projected_truth,100.35224914550781,3915,21,164.37939453125,0.3479791717784404,1.4332769738428732,1.7812561456213136
global_common_projected_truth,100.35224914550781,3915,22,172.20703125,0.24748241151485292,1.131574186073653,1.3790565975885059
global_common_projected_truth,100.35224914550781,3915,23,180.03466796875,0.27884958576734087,1.1007699382729381,1.379619524040279
global_common_projected_truth,100.35224914550781,3915,24,187.8621826171875,0.27903046944498494,1.2460631082783467,1.5250935777233317
global_common_projected_truth,100.35224914550781,3915,25,195.6898193359375,0.3066040725240854,1.1922687178144868,1.4988727903385723
global_common_projected_truth,100.35224914550781,3915,26,203.5174560546875,0.3839572439086406,1.4897866213504058,1.8737438652590463
global_common_projected_truth,100.35224914550781,3915,27,211.344970703125,0.31943751563582085,1.5310471787236455,1.8504846943594664
global_common_projected_truth,100.35224914550781,3915,28,219.172607421875,0.388255202070138,1.632375609663684,2.020630811733822
global_common_projected_truth,100.35224914550781,3915,29,227.000244140625,0.5071696430907557,2.3605901208468385,2.8677597639375945
global_common_projected_truth,100.35224914550781,3915,30,234.8277587890625,0.39234999113542757,1.81099748670332,2.2033474778387476
global_common_projected_truth,100.35224914550781,3915,31,242.6553955078125,0.4664008768984139,1.8644037364876334,2.3308046133860474
global_common_projected_truth,100.35224914550781,3915,32,250.4830322265625,0.46169169701422846,1.9724117008114546,2.434103397825683
global_common_projected_truth,100.35224914550781,3915,33,258.310546875,0.5016045448798464,2.0091863346748298,2.5107908795546763
global_common_projected_truth,100.35224914550781,3915,34,266.13818359375,0.6125543593119459,2.286756726712792,2.899311086024738
global_common_projected_truth,100.35224914550781,3915,35,273.9658203125,0.5163421016495728,2.246733413728162,2.763075515377735
global_common_projected_truth,100.35224914550781,3915,36,281.7933349609375,0.5957359588232415,2.455236487256867,3.0509724460801086
global_common_projected_truth,100.35224914550781,3915,37,289.6209716796875,0.673907237295091,3.007315960775042,3.681223198070133
global_common_projected_truth,100.35224914550781,3915,38,297.4486083984375,0.6212498784680317,2.63393533406987,3.255185212537902
global_common_projected_truth,100.35224914550781,3915,39,305.276123046875,0.6846895624556347,2.6148057091013364,3.299495271556971
global_common_projected_truth,100.35224914550781,3915,40,313.103759765625,0.6926641352912652,2.7586719004816604,3.4513360357729255
global_common_projected_truth,100.35224914550781,3915,41,320.9312744140625,0.7384009518931385,2.878179497995171,3.6165804498883096
global_common_projected_truth,100.35224914550781,3915,42,328.7589111328125,0.867311888711415,3.175188856357493,4.042500745068907
global_common_projected_truth,100.35224914550781,3915,43,336.5865478515625,0.7685283400718246,3.0888277656091807,3.8573561056810055
global_common_projected_truth,100.35224914550781,3915,44,344.4140625,0.8551575349410161,3.408819868247285,4.263977403188301
global_common_projected_truth,100.35224914550781,3915,45,352.24169921875,0.912248496957853,3.924101733781004,4.836350230738857
global_common_projected_truth,100.35224914550781,3915,46,360.0693359375,0.8923009854106606,3.653703941233341,4.5460049266440015
global_common_projected_truth,100.35224914550781,3915,47,367.8968505859375,0.9505733390619988,3.5675111227954694,4.518084461857468
global_common_projected_truth,100.35224914550781,3915,48,375.7244873046875,0.979759449130951,3.8005486908951482,4.780308140026099
global_common_projected_truth,100.35224914550781,3963,1,7.82763671875,0.22388848786320226,0.9614641710519604,1.1853526589151626
global_common_projected_truth,100.35224914550781,3963,2,15.6551513671875,0.36893852980257213,1.5296362197132118,1.898574749515784
global_common_projected_truth,100.35224914550781,3963,3,23.4827880859375,0.4546858307086698,1.5935378078162556,2.0482236385249255
global_common_projected_truth,100.35224914550781,3963,4,31.3104248046875,0.40145696607488945,1.4873640162774222,1.8888209823523117
global_common_projected_truth,100.35224914550781,3963,5,39.137939453125,0.3793874147426667,1.1895208555753143,1.5689082703179809
global_common_projected_truth,100.35224914550781,3963,6,46.965576171875,0.3765794795395257,1.1934987102880423,1.570078189827568
global_common_projected_truth,100.35224914550781,3963,7,54.793212890625,0.37160344877264534,1.2118551891230254,1.5834586378956708
global_common_projected_truth,100.35224914550781,3963,8,62.6207275390625,0.34837244076403945,1.3500469299652775,1.698419370729317
global_common_projected_truth,100.35224914550781,3963,9,70.4483642578125,0.2682491139270011,1.1706007897516582,1.4388499036786593
global_common_projected_truth,100.35224914550781,3963,10,78.2760009765625,0.30223345924125816,1.1244145698204246,1.4266480290616828
global_common_projected_truth,100.35224914550781,3963,11,86.103515625,0.3308520361002014,1.0976991268030205,1.428551162903222
global_common_projected_truth,100.35224914550781,3963,12,93.93115234375,0.2871288387220917,0.9480776360676019,1.2352064747896936
global_common_projected_truth,100.35224914550781,3963,13,101.7587890625,0.29218569575349457,0.960882773078189,1.2530684688316835
global_common_projected_truth,100.35224914550781,3963,14,109.5863037109375,0.29039183077339714,1.1231345680748623,1.4135263988482594
global_common_projected_truth,100.35224914550781,3963,15,117.4139404296875,0.25200299527594344,0.9420487252488452,1.1940517205247887
global_common_projected_truth,100.35224914550781,3963,16,125.2415771484375,0.2525323948977818,1.0385756441248422,1.291108039022624
global_common_projected_truth,100.35224914550781,3963,17,133.069091796875,0.2542962095004798,1.1786780742305263,1.432974283731006
global_common_projected_truth,100.35224914550781,3963,18,140.896728515625,0.3592258115787394,1.4600803952036134,1.8193062067823529
global_common_projected_truth,100.35224914550781,3963,19,148.724365234375,0.32977104995036605,1.5600534798980428,1.8898245298484089
global_common_projected_truth,100.35224914550781,3963,20,156.5518798828125,0.3297802616189209,1.4462017556889564,1.7759820173078773
global_common_projected_truth,100.35224914550781,3963,21,164.3795166015625,0.40391672370448534,1.7438596054373114,2.147776329141797
global_common_projected_truth,100.35224914550781,3963,22,172.20703125,0.40582505035542643,1.8052462298483452,2.2110712802037717
global_common_projected_truth,100.35224914550781,3963,23,180.03466796875,0.34165582849602616,1.5333804341356163,1.8750362626316424
global_common_projected_truth,100.35224914550781,3963,24,187.8623046875,0.41060490568077307,1.619214628255932,2.0298195339367053
global_common_projected_truth,100.35224914550781,3963,25,195.6898193359375,0.47328582781678097,2.0333886231174105,2.5066744509341916
global_common_projected_truth,100.35224914550781,3963,26,203.5174560546875,0.6160393787334701,2.423535015115826,3.0395743938492963
global_common_projected_truth,100.35224914550781,3963,27,211.3450927734375,0.5660662743849693,2.4620784794267463,3.0281447538117154
global_common_projected_truth,100.35224914550781,3963,28,219.172607421875,0.5909354759077244,2.4415571566189644,3.0324926325266888
global_common_projected_truth,100.35224914550781,3963,29,227.000244140625,0.6698992606537101,2.8083816276591214,3.4782808883128316
global_common_projected_truth,100.35224914550781,3963,30,234.827880859375,0.674454600639549,2.842936699424913,3.517391300064462
global_common_projected_truth,100.35224914550781,3963,31,242.6553955078125,0.6122484461876662,2.5069534132867397,3.1192018594744058
global_common_projected_truth,100.35224914550781,3963,32,250.4830322265625,0.7047720498964319,2.6346589699134846,3.3394310198099166
global_common_projected_truth,100.35224914550781,3963,33,258.3106689453125,0.7783413550394308,2.9712111576795457,3.7495525127189766
global_common_projected_truth,100.35224914550781,3963,34,266.13818359375,0.820028102916112,3.2100523460577186,4.03008044897383
global_common_projected_truth,100.35224914550781,3963,35,273.9658203125,0.7825678366061314,3.007608490840721,3.790176327446852
global_common_projected_truth,100.35224914550781,3963,36,281.79345703125,0.8103497289632602,2.9972771959173086,3.8076269248805685
global_common_projected_truth,100.35224914550781,3963,37,289.6209716796875,0.8857021843552866,3.4064376418738234,4.29213982622911
global_common_projected_truth,100.35224914550781,3963,38,297.4486083984375,0.8680444832919884,3.49305096641744,4.3610954497094285
global_common_projected_truth,100.35224914550781,3963,39,305.2762451171875,0.8046518276775272,3.047827550792298,3.852479378469825
global_common_projected_truth,100.35224914550781,3963,40,313.103759765625,0.9173153967016453,3.3063944336455022,4.223709830347148
global_common_projected_truth,100.35224914550781,3963,41,320.931396484375,0.9905130137709433,3.6158471745515812,4.606360188322524
global_common_projected_truth,100.35224914550781,3963,42,328.759033203125,0.9095991287511191,3.5323343341031066,4.441933462854226
global_common_projected_truth,100.35224914550781,3963,43,336.5865478515625,0.8969881921113169,3.678276101363273,4.57526429347459
global_common_projected_truth,100.35224914550781,3963,44,344.4141845703125,0.9191751402223839,3.523127612114939,4.442302752337323
global_common_projected_truth,100.35224914550781,3963,45,352.2418212890625,1.0514926288058057,4.084934152747482,5.136426781553288
global_common_projected_truth,100.35224914550781,3963,46,360.0693359375,1.0246655252144552,4.021810050386498,5.046475575600953
global_common_projected_truth,100.35224914550781,3963,47,367.89697265625,0.9568939928288698,3.560029213055399,4.516923205884269
global_common_projected_truth,100.35224914550781,3963,48,375.724609375,1.093940427418922,3.844991587422364,4.938932014841286
global_common_projected_truth,149.05923461914062,7251,1,4.88031005859375,1.0058298052790022,3.5850717460581882,4.590901551337191
global_common_projected_truth,149.05923461914062,7251,2,9.7606201171875,1.1212603837176134,4.481959244519596,5.60321962823721
global_common_projected_truth,149.05923461914062,7251,3,14.64093017578125,0.8841082580676781,4.341382821457863,5.225491079525541
global_common_projected_truth,149.05923461914062,7251,4,19.521240234375,0.9173889361055951,3.231768540619675,4.14915747672527
global_common_projected_truth,149.05923461914062,7251,5,24.40155029296875,0.9042830911801284,4.646057410907288,5.550340502087416
global_common_projected_truth,149.05923461914062,7251,6,29.2818603515625,0.9311017091880579,3.831618777672405,4.762720486860463
global_common_projected_truth,149.05923461914062,7251,7,34.16217041015625,0.8872993790697886,3.3387482419338905,4.226047621003679
global_common_projected_truth,149.05923461914062,7251,8,39.04248046875,0.9431737091217571,3.67672601159863,4.619899720720387
global_common_projected_truth,149.05923461914062,7251,9,43.92279052734375,0.8571077082304207,4.211091220780467,5.068198929010888
global_common_projected_truth,149.05923461914062,7251,10,48.8031005859375,0.7837442550505238,3.3369114361462513,4.1206556911967755
global_common_projected_truth,149.05923461914062,7251,11,53.68341064453125,0.6301308683667515,2.796019370511894,3.4261502388786456
global_common_projected_truth,149.05923461914062,7251,12,58.563720703125,0.5680704456770994,2.039067481634142,2.6071379273112414
global_common_projected_truth,149.05923461914062,7251,13,63.44403076171875,0.5599272991465559,2.6774132307905574,3.2373405299371134
global_common_projected_truth,149.05923461914062,7251,14,68.3243408203125,0.5732002065565281,2.6932215953888137,3.266421801945342
global_common_projected_truth,149.05923461914062,7251,15,73.20465087890625,0.6398254650530417,2.4881480001442755,3.127973465197317
global_common_projected_truth,149.05923461914062,7251,16,78.0849609375,0.6097283308542086,2.5101164996843615,3.11984483053857
global_common_projected_truth,149.05923461914062,7251,17,82.96527099609375,0.5944000006414689,2.7235280526316363,3.3179280532731052
global_common_projected_truth,149.05923461914062,7251,18,87.8455810546875,0.5629878651641453,2.0377802013257007,2.600768066489846
global_common_projected_truth,149.05923461914062,7251,19,92.72589111328125,0.5149697093631487,1.877660787343487,2.3926304967066354
global_common_projected_truth,149.05923461914062,7251,20,97.606201171875,0.5683281610344166,1.825610394591179,2.3939385556255957
global_common_projected_truth,149.05923461914062,7251,21,102.48651123046875,0.5893830370452718,1.877490362386062,2.466873399431334
global_common_projected_truth,149.05923461914062,7251,22,107.3668212890625,0.5598660240742194,1.717274626463573,2.2771406505377922
global_common_projected_truth,149.05923461914062,7251,23,112.24713134765625,0.6121681704348988,1.7483882675792632,2.360556438014162
global_common_projected_truth,149.05923461914062,7251,24,117.12744140625,0.6970956328503498,2.0569422430740945,2.7540378759244444
global_common_projected_truth,149.05923461914062,7251,25,122.00775146484375,0.7067832699193338,2.0188719858674817,2.7256552557868154
global_common_projected_truth,149.05923461914062,7251,26,126.8880615234375,0.6126614138570368,2.1561538059110372,2.768815219768074
global_common_projected_truth,149.05923461914062,7251,27,131.76837158203125,0.6684925142913405,2.1583039409205726,2.8267964552119134
global_common_projected_truth,149.05923461914062,7251,28,136.648681640625,0.8366718255596872,2.3438665787042066,3.180538404263894
global_common_projected_truth,149.05923461914062,7251,29,141.52899169921875,0.7954166384971597,2.536412055485193,3.331828693982353
global_common_projected_truth,149.05923461914062,7251,30,146.4093017578125,0.7197299734424688,2.8131206349479334,3.5328506083904023
global_common_projected_truth,149.05923461914062,7251,31,151.28961181640625,0.8709695371855702,2.9961279302680595,3.86709746745363
global_common_projected_truth,149.05923461914062,7251,32,156.169921875,0.9617909844112796,3.2436191466215116,4.205410131032791
global_common_projected_truth,149.05923461914062,7251,33,161.05023193359375,0.9704375517742512,3.8622816948094782,4.832719246583729
global_common_projected_truth,149.05923461914062,7251,34,165.9305419921875,0.8316763622091635,3.783771235771959,4.615447597981123
global_common_projected_truth,149.05923461914062,7251,35,170.81085205078125,1.0356860299958108,3.989491306097454,5.025177336093265
global_common_projected_truth,149.05923461914062,7251,36,175.691162109375,1.1850788593942978,3.9137025691401117,5.0987814285344095
global_common_projected_truth,149.05923461914062,7251,37,180.57147216796875,1.2717049233975246,4.760345117753947,6.0320500411514715
global_common_projected_truth,149.05923461914062,7251,38,185.4517822265625,1.2382494017768853,5.2616139525304115,6.499863354307297
global_common_projected_truth,149.05923461914062,7251,39,190.33209228515625,1.4237662806522984,4.990243366318216,6.414009646970515
global_common_projected_truth,149.05923461914062,7251,40,195.21240234375,1.4496109784027746,4.933423500854671,6.383034479257446
global_common_projected_truth,149.05923461914062,7251,41,200.09271240234375,1.4531022419834099,5.6432982459561245,7.096400487939534
global_common_projected_truth,149.05923461914062,7251,42,204.9730224609375,1.519246541484832,5.835570326178187,7.354816867663019
global_common_projected_truth,149.05923461914062,7251,43,209.85333251953125,1.5625317486635224,5.6753083788984195,7.237840127561942
global_common_projected_truth,149.05923461914062,7251,44,214.733642578125,1.52275856094501,4.860642614906053,6.383401175851063
global_common_projected_truth,149.05923461914062,7251,45,219.61395263671875,1.6280040311192394,5.482108333293753,7.110112364412992
global_common_projected_truth,149.05923461914062,7251,46,224.4942626953125,1.6658483606271102,6.096117958255734,7.761966318882844
global_common_projected_truth,149.05923461914062,7251,47,229.37457275390625,1.7055092827405798,5.642958380399747,7.348467663140327
global_common_projected_truth,149.05923461914062,7251,48,234.2548828125,1.7214126468096516,5.620554418380816,7.341967065190467
global_common_projected_truth,149.05923461914062,7299,1,4.88031005859375,0.24124619024118552,0.6012015353564439,0.8424477255976295
global_common_projected_truth,149.05923461914062,7299,2,9.7606201171875,0.22586949544954096,0.5842734123978706,0.8101429078474115
global_common_projected_truth,149.05923461914062,7299,3,14.64093017578125,0.22384563414164188,0.8240063069776664,1.0478519411193083
global_common_projected_truth,149.05923461914062,7299,4,19.521240234375,0.29640780446383985,1.0710380546912754,1.3674458591551153
global_common_projected_truth,149.05923461914062,7299,5,24.40155029296875,0.28061178492932753,0.8559743631291578,1.1365861480584853
global_common_projected_truth,149.05923461914062,7299,6,29.2818603515625,0.3090861729749693,1.0016026126906263,1.3106887856655955
global_common_projected_truth,149.05923461914062,7299,7,34.16217041015625,0.2117597714078859,0.654932626076812,0.866692397484698
global_common_projected_truth,149.05923461914062,7299,8,39.04248046875,0.24558086939590723,0.818787480809604,1.0643683502055112
global_common_projected_truth,149.05923461914062,7299,9,43.92279052734375,0.21713623820660916,0.9738066855247661,1.1909429237313753
global_common_projected_truth,149.05923461914062,7299,10,48.8031005859375,0.22889701643950613,0.891736980262565,1.120633996702071
global_common_projected_truth,149.05923461914062,7299,11,53.68341064453125,0.2215213775437892,0.7803060909324258,1.001827468476215
global_common_projected_truth,149.05923461914062,7299,12,58.563720703125,0.2765996652178396,0.9495823922088673,1.2261820574267068
global_common_projected_truth,149.05923461914062,7299,13,63.44403076171875,0.27681708079160156,1.045926154364169,1.3227432351557704
global_common_projected_truth,149.05923461914062,7299,14,68.3243408203125,0.36384391917024556,1.2310481552417378,1.5948920744119834
global_common_projected_truth,149.05923461914062,7299,15,73.20465087890625,0.3299765720519861,1.0512407007048257,1.3812172727568117
global_common_projected_truth,149.05923461914062,7299,16,78.0849609375,0.3304568292970619,1.1708075482675122,1.5012643775645742
global_common_projected_truth,149.05923461914062,7299,17,82.96527099609375,0.2906860596362467,1.0907397483838188,1.3814258080200656
global_common_projected_truth,149.05923461914062,7299,18,87.8455810546875,0.2950584623572881,1.107291867459203,1.402350329816491
global_common_projected_truth,149.05923461914062,7299,19,92.72589111328125,0.3548741215326149,1.172045718280864,1.5269198398134787
global_common_projected_truth,149.05923461914062,7299,20,97.606201171875,0.34654503169742845,0.8236953634259488,1.1702403951233773
global_common_projected_truth,149.05923461914062,7299,21,102.48651123046875,0.3172382253360248,0.9778028966592859,1.2950411219953106
global_common_projected_truth,149.05923461914062,7299,22,107.3668212890625,0.40543164480379007,1.132345464314757,1.537777109118547
global_common_projected_truth,149.05923461914062,7299,23,112.24713134765625,0.37452710925053934,1.0465128597136264,1.4210399689641657
global_common_projected_truth,149.05923461914062,7299,24,117.12744140625,0.36018645356652745,1.2333200119311212,1.5935064654976485
global_common_projected_truth,149.05923461914062,7299,25,122.00775146484375,0.41102306646386527,1.2137909401148086,1.6248140065786738
global_common_projected_truth,149.05923461914062,7299,26,126.8880615234375,0.35569866495667124,1.2983389312949087,1.6540375962515799
global_common_projected_truth,149.05923461914062,7299,27,131.76837158203125,0.3741887704933626,1.0942785634973715,1.4684673339907341
global_common_projected_truth,149.05923461914062,7299,28,136.648681640625,0.41592038261572295,1.0732664443038606,1.4891868269195836
global_common_projected_truth,149.05923461914062,7299,29,141.52899169921875,0.45574905711500924,1.4862499372491746,1.9419989943641838
global_common_projected_truth,149.05923461914062,7299,30,146.4093017578125,0.498421551755678,1.5804431618921164,2.0788647136477945
global_common_projected_truth,149.05923461914062,7299,31,151.28961181640625,0.42396808537484626,1.392944291914632,1.8169123772894782
global_common_projected_truth,149.05923461914062,7299,32,156.169921875,0.38969949229002493,1.6983100778062712,2.088009570096296
global_common_projected_truth,149.05923461914062,7299,33,161.05023193359375,0.43775390591632496,1.6076053373168544,2.0453592432331793
global_common_projected_truth,149.05923461914062,7299,34,165.9305419921875,0.4485404477050439,1.7769536627087388,2.225494110413783
global_common_projected_truth,149.05923461914062,7299,35,170.81085205078125,0.4807164268859616,1.6265644635435068,2.107280890429468
global_common_projected_truth,149.05923461914062,7299,36,175.691162109375,0.5373700420999686,1.8265074062042006,2.3638774483041693
global_common_projected_truth,149.05923461914062,7299,37,180.57147216796875,0.6218747094943864,2.238718648408028,2.8605933579024145
global_common_projected_truth,149.05923461914062,7299,38,185.4517822265625,0.6460544393832013,2.0901986505044525,2.736253089887654
global_common_projected_truth,149.05923461914062,7299,39,190.33209228515625,0.6588858499955235,2.160295685238909,2.8191815352344323
global_common_projected_truth,149.05923461914062,7299,40,195.21240234375,0.48075936630272603,2.2934456040020246,2.7742049703047504
global_common_projected_truth,149.05923461914062,7299,41,200.09271240234375,0.579610721975654,2.347401233262935,2.927011955238589
global_common_projected_truth,149.05923461914062,7299,42,204.9730224609375,0.6587249032831725,2.243787379161977,2.9025122824451497
global_common_projected_truth,149.05923461914062,7299,43,209.85333251953125,0.7101513500209954,2.3682323882443947,3.0783837382653902
global_common_projected_truth,149.05923461914062,7299,44,214.733642578125,0.6889188424973393,2.475556969717821,3.16447581221516
global_common_projected_truth,149.05923461914062,7299,45,219.61395263671875,0.7756074655076264,2.723121939012312,3.4987294045199384
global_common_projected_truth,149.05923461914062,7299,46,224.4942626953125,0.808380290336602,2.4726578524074347,3.2810381427440367
global_common_projected_truth,149.05923461914062,7299,47,229.37457275390625,0.8034198821759274,2.7018020078875087,3.505221890063436
global_common_projected_truth,149.05923461914062,7299,48,234.2548828125,0.6564386920606927,2.5518493869518344,3.208288079012527
global_common_projected_truth,149.05923461914062,7347,1,4.88031005859375,0.20520967077097327,0.715125083836144,0.9203347546071173
global_common_projected_truth,149.05923461914062,7347,2,9.7606201171875,0.2792257292356719,0.8818363001106065,1.1610620293462786
global_common_projected_truth,149.05923461914062,7347,3,14.64093017578125,0.3300562441401541,1.0742908246221412,1.4043470687622954
global_common_projected_truth,149.05923461914062,7347,4,19.521240234375,0.2552487240304628,0.7148151308410253,0.9700638548714882
global_common_projected_truth,149.05923461914062,7347,5,24.40155029296875,0.26505500066443677,0.9478153743191796,1.2128703749836163
global_common_projected_truth,149.05923461914062,7347,6,29.2818603515625,0.260813712154056,1.0340719924998827,1.2948857046539386
global_common_projected_truth,149.05923461914062,7347,7,34.16217041015625,0.2322602600782239,0.7957776355616385,1.0280378956398624
global_common_projected_truth,149.05923461914062,7347,8,39.04248046875,0.27367780684986326,0.8920066850736591,1.1656844919235223
global_common_projected_truth,149.05923461914062,7347,9,43.92279052734375,0.21695845774309303,1.1647764910126341,1.381734948755727
global_common_projected_truth,149.05923461914062,7347,10,48.8031005859375,0.24703797498294616,0.7404290651047007,0.9874670400876469
global_common_projected_truth,149.05923461914062,7347,11,53.68341064453125,0.2906643405556799,0.8458758836263146,1.1365402241819944
global_common_projected_truth,149.05923461914062,7347,12,58.563720703125,0.32792290334506347,0.6488980694785581,0.9768209728236216
global_common_projected_truth,149.05923461914062,7347,13,63.44403076171875,0.3555969963890671,0.7671041062920875,1.1227011026811546
global_common_projected_truth,149.05923461914062,7347,14,68.3243408203125,0.3272376714729173,0.8732003227479662,1.2004379942208836
global_common_projected_truth,149.05923461914062,7347,15,73.20458984375,0.2709044672976055,0.8981325271666877,1.169036994464293
global_common_projected_truth,149.05923461914062,7347,16,78.0849609375,0.281902617286152,0.873176418304784,1.155079035590936
global_common_projected_truth,149.05923461914062,7347,17,82.9652099609375,0.24002415126206972,0.8312089098393504,1.07123306110142
global_common_projected_truth,149.05923461914062,7347,18,87.8455810546875,0.2967997965590899,1.04282492754655,1.3396247241056398
global_common_projected_truth,149.05923461914062,7347,19,92.725830078125,0.2667094945223107,0.6934429516586078,0.9601524461809186
global_common_projected_truth,149.05923461914062,7347,20,97.606201171875,0.4310556720928449,0.9428078232886485,1.3738634953814934
global_common_projected_truth,149.05923461914062,7347,21,102.4864501953125,0.30489347092692615,0.7690299045782106,1.0739233755051367
global_common_projected_truth,149.05923461914062,7347,22,107.3668212890625,0.2430322874318657,0.6075245335929059,0.8505568210247716
global_common_projected_truth,149.05923461914062,7347,23,112.2470703125,0.29874651506755234,0.7710832730430561,1.0698297881106085
global_common_projected_truth,149.05923461914062,7347,24,117.12744140625,0.3430206408479798,0.902808522606769,1.245829163454749
global_common_projected_truth,149.05923461914062,7347,25,122.0076904296875,0.23871272610774535,0.8092874208464603,1.0480001469542057
global_common_projected_truth,149.05923461914062,7347,26,126.8880615234375,0.27611092186803604,1.2684867387336256,1.5445976606016616
global_common_projected_truth,149.05923461914062,7347,27,131.768310546875,0.29264024003892203,1.009340945935701,1.301981185974623
global_common_projected_truth,149.05923461914062,7347,28,136.648681640625,0.3030406208461479,1.1499090348451362,1.4529496556912842
global_common_projected_truth,149.05923461914062,7347,29,141.5289306640625,0.25253847850879374,1.2186279805247435,1.4711664590335372
global_common_projected_truth,149.05923461914062,7347,30,146.4093017578125,0.2405826379132618,0.8687503977741684,1.1093330356874302
global_common_projected_truth,149.05923461914062,7347,31,151.28955078125,0.3911627436379393,1.1722797507537683,1.5634424943917076
global_common_projected_truth,149.05923461914062,7347,32,156.169921875,0.379183074491018,1.3376305373321236,1.7168136118231416
global_common_projected_truth,149.05923461914062,7347,33,161.0501708984375,0.32194470210752263,1.3881687204137938,1.7101134225213164
global_common_projected_truth,149.05923461914062,7347,34,165.9305419921875,0.3170344052488342,1.4297130166808296,1.7467474219296637
global_common_projected_truth,149.05923461914062,7347,35,170.810791015625,0.35595161396241326,1.3417417974902062,1.6976934114526194
global_common_projected_truth,149.05923461914062,7347,36,175.691162109375,0.3118238548608429,1.2927864573844796,1.6046103122453226
global_common_projected_truth,149.05923461914062,7347,37,180.5714111328125,0.30109133556297246,1.5107698066065787,1.8118611421695512
global_common_projected_truth,149.05923461914062,7347,38,185.4517822265625,0.30445813126619475,1.0556087256339144,1.360066856900109
global_common_projected_truth,149.05923461914062,7347,39,190.33203125,0.45877482467524994,1.4153886394434838,1.8741634641187337
global_common_projected_truth,149.05923461914062,7347,40,195.21240234375,0.3439725655700192,1.318846218167732,1.6628187837377513
global_common_projected_truth,149.05923461914062,7347,41,200.0926513671875,0.32804384149224636,1.460424843434888,1.7884686849271345
global_common_projected_truth,149.05923461914062,7347,42,204.9730224609375,0.4085032952749157,1.6929717764874148,2.1014750717623305
global_common_projected_truth,149.05923461914062,7347,43,209.853271484375,0.4402226151120906,1.4348821851462903,1.8751048002583808
global_common_projected_truth,149.05923461914062,7347,44,214.733642578125,0.3650807574409763,1.4504777463929182,1.8155585038338944
global_common_projected_truth,149.05923461914062,7347,45,219.6138916015625,0.3103360303459932,1.2673750006850342,1.5777110310310274
global_common_projected_truth,149.05923461914062,7347,46,224.4942626953125,0.3101134093428409,0.9146132113172837,1.2247266206601246
global_common_projected_truth,149.05923461914062,7347,47,229.37451171875,0.40905605154983643,1.3237631124910196,1.7328191640408561
global_common_projected_truth,149.05923461914062,7347,48,234.2548828125,0.31814345057513693,1.218353589178981,1.536497039754118
global_common_projected_truth,189.86227416992188,9506,1,3.710052490234375,0.828735169222996,2.9767508995015217,3.805486068724518
global_common_projected_truth,189.86227416992188,9506,2,7.420135498046875,1.2123427889854481,4.4822010596832955,5.694543848668744
global_common_projected_truth,189.86227416992188,9506,3,11.13018798828125,1.306874146642744,4.740879550988568,6.047753697631312
global_common_projected_truth,189.86227416992188,9506,4,14.84027099609375,1.0823485410122817,4.422051364382846,5.504399905395128
global_common_projected_truth,189.86227416992188,9506,5,18.550323486328125,1.1996091831256162,3.9127498453772613,5.112359028502878
global_common_projected_truth,189.86227416992188,9506,6,22.2603759765625,1.3047772822958017,4.164871546960701,5.469648829256503
global_common_projected_truth,189.86227416992188,9506,7,25.970458984375,1.371201252421529,4.6740969990006835,6.045298251422213
global_common_projected_truth,189.86227416992188,9506,8,29.680511474609375,1.501150351012089,4.943299269326306,6.4444496203383945
global_common_projected_truth,189.86227416992188,9506,9,33.390594482421875,1.5590473458923462,4.919628031491364,6.47867537738371
global_common_projected_truth,189.86227416992188,9506,10,37.10064697265625,1.6522944258948538,5.625809457667541,7.278103883562395
global_common_projected_truth,189.86227416992188,9506,11,40.810699462890625,1.6747995433753267,4.496714846612842,6.171514389988168
global_common_projected_truth,189.86227416992188,9506,12,44.520782470703125,1.6986282316128622,5.288241512270832,6.986869743883695
global_common_projected_truth,189.86227416992188,9506,13,48.2308349609375,1.6974474131890775,4.667953987549141,6.365401400738218
global_common_projected_truth,189.86227416992188,9506,14,51.94091796875,1.6532412923914566,4.679877573304339,6.333118865695796
global_common_projected_truth,189.86227416992188,9506,15,55.650970458984375,1.6204219620443143,4.4068275806909,6.027249542735214
global_common_projected_truth,189.86227416992188,9506,16,59.361053466796875,1.699026857544693,4.555005396948642,6.254032254493335
global_common_projected_truth,189.86227416992188,9506,17,63.07110595703125,1.6059966798532475,4.5461775017265245,6.152174181579772
global_common_projected_truth,189.86227416992188,9506,18,66.78115844726562,1.7640428911194506,5.172842252976794,6.9368851440962445
global_common_projected_truth,189.86227416992188,9506,19,70.49124145507812,1.6213434699785034,5.025507144134305,6.646850614112808
global_common_projected_truth,189.86227416992188,9506,20,74.2012939453125,1.5141081236452805,4.459356565365288,5.973464689010568
global_common_projected_truth,189.86227416992188,9506,21,77.911376953125,1.5275591254706695,4.725471528306328,6.253030653776998
global_common_projected_truth,189.86227416992188,9506,22,81.62142944335938,1.5797115518508285,5.837457325680222,7.417168877531051
global_common_projected_truth,189.86227416992188,9506,23,85.33148193359375,1.6480533243249522,6.363364418696691,8.011417743021644
global_common_projected_truth,189.86227416992188,9506,24,89.04156494140625,1.598462498468503,5.249014524369346,6.8474770228378485
global_common_projected_truth,189.86227416992188,9506,25,92.75161743164062,1.517976621974147,4.742257559787875,6.260234181762022
global_common_projected_truth,189.86227416992188,9506,26,96.46170043945312,1.5810642469552054,6.4295714024189,8.010635649374105
global_common_projected_truth,189.86227416992188,9506,27,100.1717529296875,1.4288481403368796,5.5664622954207275,6.995310435757607
global_common_projected_truth,189.86227416992188,9506,28,103.88180541992188,1.6622606770243,5.218990566420689,6.881251243444989
global_common_projected_truth,189.86227416992188,9506,29,107.59188842773438,1.9147045255721844,5.821189984195937,7.735894509768121
global_common_projected_truth,189.86227416992188,9506,30,111.30194091796875,2.0511220842685884,7.7174809074639485,9.768602991732537
global_common_projected_truth,189.86227416992188,9506,31,115.01202392578125,2.0930515832483234,7.5041696691215,9.597221252369824
global_common_projected_truth,189.86227416992188,9506,32,118.72207641601562,1.9963472402764513,5.778944803508914,7.775292043785365
global_common_projected_truth,189.86227416992188,9506,33,122.43215942382812,1.9770860049808818,6.369883048574998,8.34696905355588
global_common_projected_truth,189.86227416992188,9506,34,126.1422119140625,1.9761203229006652,7.870271005692131,9.846391328592796
global_common_projected_truth,189.86227416992188,9506,35,129.85226440429688,1.985930404468637,6.900162547956647,8.886092952425283
global_common_projected_truth,189.86227416992188,9506,36,133.56234741210938,2.3665565897237237,6.7980143025887685,9.164570892312492
global_common_projected_truth,189.86227416992188,9506,37,137.27239990234375,2.4959068041831114,8.115374347240627,10.611281151423738
global_common_projected_truth,189.86227416992188,9506,38,140.98248291015625,2.630625352043537,9.57040951925784,12.201034871301378
global_common_projected_truth,189.86227416992188,9506,39,144.69253540039062,2.636511472404374,8.724078331948123,11.360589804352497
global_common_projected_truth,189.86227416992188,9506,40,148.402587890625,2.5849030795182895,7.367774796609584,9.952677876127874
global_common_projected_truth,189.86227416992188,9506,41,152.1126708984375,2.6395320445058603,9.293587350631082,11.933119395136941
global_common_projected_truth,189.86227416992188,9506,42,155.82275390625,2.448544049755972,9.381652574621715,11.830196624377686
global_common_projected_truth,189.86227416992188,9506,43,159.53277587890625,2.672256464692211,8.528281148987237,11.200537613679447
global_common_projected_truth,189.86227416992188,9506,44,163.24285888671875,2.9485376884657435,8.675222810544756,11.6237604990105
global_common_projected_truth,189.86227416992188,9506,45,166.95294189453125,3.092347044715689,10.98030813254002,14.07265517725571
global_common_projected_truth,189.86227416992188,9506,46,170.6629638671875,3.046557344104565,10.816183486478275,13.86274083058284
global_common_projected_truth,189.86227416992188,9506,47,174.373046875,2.9769769679169635,9.180545862411805,12.157522830328768
global_common_projected_truth,189.86227416992188,9506,48,178.0831298828125,3.0333014004416894,8.767551201310967,11.800852601752656
global_common_projected_truth,189.86227416992188,9554,1,3.7100830078125,0.23507659829242575,0.7055066267047567,0.9405832249971825
global_common_projected_truth,189.86227416992188,9554,2,7.42010498046875,0.2917825187273998,0.9638263122025725,1.2556088309299724
global_common_projected_truth,189.86227416992188,9554,3,11.13018798828125,0.2326821499974744,0.6784790260429258,0.9111611760404001
global_common_projected_truth,189.86227416992188,9554,4,14.84027099609375,0.22639726696024276,0.6531813423978443,0.8795786093580871
global_common_projected_truth,189.86227416992188,9554,5,18.55029296875,0.24757922308720373,0.8248806518812571,1.0724598749684608
global_common_projected_truth,189.86227416992188,9554,6,22.2603759765625,0.3627256995232401,1.0034367262733859,1.366162425796626
global_common_projected_truth,189.86227416992188,9554,7,25.970458984375,0.38803334882453105,1.3858134086990446,1.7738467575235757
global_common_projected_truth,189.86227416992188,9554,8,29.6805419921875,0.43042462315363467,1.964079749711891,2.3945043728655255
global_common_projected_truth,189.86227416992188,9554,9,33.39056396484375,0.46342256104505597,1.0622717348959978,1.5256942959410538
global_common_projected_truth,189.86227416992188,9554,10,37.10064697265625,0.4443948919418662,1.4027967338330667,1.8471916257749328
global_common_projected_truth,189.86227416992188,9554,11,40.81072998046875,0.3960614035223574,1.0933930682274233,1.4894544717497809
global_common_projected_truth,189.86227416992188,9554,12,44.520751953125,0.4272054300932258,1.012105778808282,1.4393112089015077
global_common_projected_truth,189.86227416992188,9554,13,48.2308349609375,0.4062363550218954,1.0035217121972984,1.4097580672191938
global_common_projected_truth,189.86227416992188,9554,14,51.94091796875,0.4884311948321865,1.5004457833099838,1.9888769781421702
global_common_projected_truth,189.86227416992188,9554,15,55.65093994140625,0.47806979804599115,1.466079126427266,1.944148924473257
global_common_projected_truth,189.86227416992188,9554,16,59.36102294921875,0.5224205551923166,1.4794889293945257,2.001909484586842
global_common_projected_truth,189.86227416992188,9554,17,63.07110595703125,0.5366402369785115,1.5365961247917654,2.073236361770277
global_common_projected_truth,189.86227416992188,9554,18,66.78118896484375,0.49667224374875624,1.7911794804354075,2.2878517241841636
global_common_projected_truth,189.86227416992188,9554,19,70.4912109375,0.5131447904723005,1.5499024613813737,2.063047251853674
global_common_projected_truth,189.86227416992188,9554,20,74.2012939453125,0.4915955272072144,1.5969991298614106,2.088594657068625
global_common_projected_truth,189.86227416992188,9554,21,77.911376953125,0.47637599238652023,1.268336526654267,1.7447125190407873
global_common_projected_truth,189.86227416992188,9554,22,81.62139892578125,0.40475040230224496,1.292608871751066,1.697359274053311
global_common_projected_truth,189.86227416992188,9554,23,85.33148193359375,0.4413524032888552,1.8118493051419085,2.2532017084307636
global_common_projected_truth,189.86227416992188,9554,24,89.04156494140625,0.4621325608803335,1.191734109824541,1.6538666707048746
global_common_projected_truth,189.86227416992188,9554,25,92.75164794921875,0.41457877847079183,1.524194686156238,1.93877346462703
global_common_projected_truth,189.86227416992188,9554,26,96.461669921875,0.39605769449476785,1.324907196228303,1.7209648907230708
global_common_projected_truth,189.86227416992188,9554,27,100.1717529296875,0.4345042843649795,1.2219986240491028,1.6565029084140823
global_common_projected_truth,189.86227416992188,9554,28,103.8818359375,0.41262954287976233,1.5123278521385513,1.9249573950183136
global_common_projected_truth,189.86227416992188,9554,29,107.59185791015625,0.6484324110969926,2.229870000983729,2.8783024120807217
global_common_projected_truth,189.86227416992188,9554,30,111.30194091796875,0.5756818136793401,2.152405669278274,2.7280874829576143
global_common_projected_truth,189.86227416992188,9554,31,115.01202392578125,0.614188471392212,2.310508817015938,2.92469728840815
global_common_projected_truth,189.86227416992188,9554,32,118.7220458984375,0.6916867483368608,2.388993607893247,3.0806803562301077
global_common_projected_truth,189.86227416992188,9554,33,122.43212890625,0.6912732703591528,2.755531186416903,3.446804456776056
global_common_projected_truth,189.86227416992188,9554,34,126.1422119140625,0.665665671749169,2.380753444371603,3.046419116120772
global_common_projected_truth,189.86227416992188,9554,35,129.852294921875,0.6582935940733888,2.131857679867612,2.790151273941001
global_common_projected_truth,189.86227416992188,9554,36,133.56231689453125,0.6297661557193478,2.2923114169436163,2.922077572662964
global_common_projected_truth,189.86227416992188,9554,37,137.27239990234375,0.6409650088346718,2.53429470622899,3.1752597150636617
global_common_projected_truth,189.86227416992188,9554,38,140.98248291015625,0.7890954257521577,2.869519404673921,3.6586148304260786
global_common_projected_truth,189.86227416992188,9554,39,144.6925048828125,0.78759995396588,2.3373264086997763,3.124926362665656
global_common_projected_truth,189.86227416992188,9554,40,148.402587890625,0.8966507407486488,3.264818712223632,4.16146945297228
global_common_projected_truth,189.86227416992188,9554,41,152.1126708984375,0.9144547075738335,3.229457589840374,4.143912297414207
global_common_projected_truth,189.86227416992188,9554,42,155.82275390625,0.8950732861932894,2.8231926145956967,3.7182659007889862
global_common_projected_truth,189.86227416992188,9554,43,159.53277587890625,0.7604893941983883,2.2304303021283998,2.990919696326788
global_common_projected_truth,189.86227416992188,9554,44,163.24285888671875,0.7648209270077863,2.5779376181780553,3.3427585451858417
global_common_projected_truth,189.86227416992188,9554,45,166.95294189453125,0.8226142127350763,2.932066346430734,3.7546805591658106
global_common_projected_truth,189.86227416992188,9554,46,170.6629638671875,0.8944480968797179,3.276818975536522,4.1712670724162395
global_common_projected_truth,189.86227416992188,9554,47,174.373046875,0.8788605313075858,2.5450813974577664,3.4239419287653523
global_common_projected_truth,189.86227416992188,9554,48,178.0831298828125,0.946632004135982,3.381185854780374,4.327817858916356
global_common_projected_truth,189.86227416992188,9602,1,3.7100830078125,0.24309950643013634,0.5804427157820911,0.8235422222122274
global_common_projected_truth,189.86227416992188,9602,2,7.42010498046875,0.2778384304480144,0.9640667822145137,1.241905212662528
global_common_projected_truth,189.86227416992188,9602,3,11.13018798828125,0.3295697285837818,1.0667449024617666,1.3963146310455483
global_common_projected_truth,189.86227416992188,9602,4,14.84027099609375,0.37624920909948123,1.278235919031669,1.6544851281311503
global_common_projected_truth,189.86227416992188,9602,5,18.55029296875,0.34860358465159813,1.1651424324368977,1.5137460170884958
global_common_projected_truth,189.86227416992188,9602,6,22.2603759765625,0.4172328294509666,1.6856338446593935,2.10286667411036
global_common_projected_truth,189.86227416992188,9602,7,25.970458984375,0.4692696172477359,1.4309752820660908,1.9002448993138268
global_common_projected_truth,189.86227416992188,9602,8,29.68048095703125,0.3849247917733837,1.5163845574607804,1.9013093492341642
global_common_projected_truth,189.86227416992188,9602,9,33.39056396484375,0.4207798240757169,1.212865756881375,1.6336455809570918
global_common_projected_truth,189.86227416992188,9602,10,37.10064697265625,0.48556418852161626,1.8206619861182576,2.306226174639874
global_common_projected_truth,189.86227416992188,9602,11,40.81072998046875,0.5054226420969805,1.376807218150499,1.8822298602474794
global_common_projected_truth,189.86227416992188,9602,12,44.520751953125,0.4473662534548478,1.324731860564554,1.7720981140194016
global_common_projected_truth,189.86227416992188,9602,13,48.2308349609375,0.5096320568776301,1.79968251204675,2.30931456892438
global_common_projected_truth,189.86227416992188,9602,14,51.94091796875,0.5473981733587991,1.3648685424571727,1.9122667158159719
global_common_projected_truth,189.86227416992188,9602,15,55.65093994140625,0.4696746169112187,1.6444888056077775,2.1141634225189962
global_common_projected_truth,189.86227416992188,9602,16,59.36102294921875,0.4912746028600426,1.4678229523641506,1.9590975552241932
global_common_projected_truth,189.86227416992188,9602,17,63.07110595703125,0.5279178109525386,1.3984553370374233,1.926373147989962
global_common_projected_truth,189.86227416992188,9602,18,66.78118896484375,0.5155544402542362,1.4042721413347614,1.9198265815889977
global_common_projected_truth,189.86227416992188,9602,19,70.4912109375,0.6155944174750114,1.936247183456994,2.5518416009320055
global_common_projected_truth,189.86227416992188,9602,20,74.2012939453125,0.5983185707630849,2.0754197600461723,2.6737383308092575
global_common_projected_truth,189.86227416992188,9602,21,77.911376953125,0.6432751903961182,2.358817074612086,3.002092265008204
global_common_projected_truth,189.86227416992188,9602,22,81.62139892578125,0.6899763509799861,1.900365677162755,2.590342028142741
global_common_projected_truth,189.86227416992188,9602,23,85.33148193359375,0.6846527776632023,2.426182761739413,3.1108355394026157
global_common_projected_truth,189.86227416992188,9602,24,89.04156494140625,0.6299515676428394,1.9975104322124804,2.6274619998553197
global_common_projected_truth,189.86227416992188,9602,25,92.7515869140625,0.6496758939831928,1.8933100675227335,2.5429859615059263
global_common_projected_truth,189.86227416992188,9602,26,96.461669921875,0.5964988645730348,1.9907610332491985,2.5872598978222334
global_common_projected_truth,189.86227416992188,9602,27,100.1717529296875,0.5674253754507717,2.095734567246072,2.6631599426968435
global_common_projected_truth,189.86227416992188,9602,28,103.8818359375,0.6852289479909388,2.515148041704327,3.2003769896952656
global_common_projected_truth,189.86227416992188,9602,29,107.59185791015625,0.7038074570351329,2.096130105113187,2.79993756214832
global_common_projected_truth,189.86227416992188,9602,30,111.30194091796875,0.8433503763012453,3.1142500551407375,3.957600431441983
global_common_projected_truth,189.86227416992188,9602,31,115.01202392578125,0.8798434311303116,3.25682198651088,4.136665417641192
global_common_projected_truth,189.86227416992188,9602,32,118.7220458984375,0.8416189191483169,2.7562938269691317,3.5979127461174487
global_common_projected_truth,189.86227416992188,9602,33,122.43212890625,0.7137797134153814,2.3477594323642172,3.061539145779599
global_common_projected_truth,189.86227416992188,9602,34,126.1422119140625,0.7563695186751379,2.840214400047868,3.596583918723006
global_common_projected_truth,189.86227416992188,9602,35,129.852294921875,0.82547194448128,3.0977108891077543,3.9231828335890344
global_common_projected_truth,189.86227416992188,9602,36,133.56231689453125,0.9218673900999714,3.534337432299356,4.456204822399328
global_common_projected_truth,189.86227416992188,9602,37,137.27239990234375,0.9175592744886428,3.0565768801240973,3.97413615461274
global_common_projected_truth,189.86227416992188,9602,38,140.98248291015625,1.030174945241079,3.990657107878221,5.0208320531193005
global_common_projected_truth,189.86227416992188,9602,39,144.6925048828125,0.985351127581431,3.4372623151711217,4.422613442752553
global_common_projected_truth,189.86227416992188,9602,40,148.402587890625,1.0123844608508614,3.432659859604254,4.445044320455116
global_common_projected_truth,189.86227416992188,9602,41,152.1126708984375,0.9770700025349294,3.7900540513540304,4.76712405388896
global_common_projected_truth,189.86227416992188,9602,42,155.82269287109375,1.1698088122560952,4.309247656880956,5.479056469137051
global_common_projected_truth,189.86227416992188,9602,43,159.53277587890625,1.1615575935861548,4.051924734152009,5.213482327738164
global_common_projected_truth,189.86227416992188,9602,44,163.24285888671875,1.227053196492504,4.159560253033192,5.386613449525695
global_common_projected_truth,189.86227416992188,9602,45,166.95294189453125,1.3443449389931026,4.874581242616439,6.218926181609541
global_common_projected_truth,189.86227416992188,9602,46,170.6629638671875,1.3997522720913498,5.205906141456223,6.605658413547573
global_common_projected_truth,189.86227416992188,9602,47,174.373046875,1.3564938371844157,4.64499417318199,6.001488010366406
global_common_projected_truth,189.86227416992188,9602,48,178.0831298828125,1.29679521380109,4.503021339210387,5.799816553011477
